provincia,comune_sa,stazione_appaltante,cf_sa,numero_gara,oggetto,procedura,tipo_contratto,macro_categoria,cpv,descrizione_cpv,importo_gara,data_pubblicazione,scadenza,fonte_scadenza,n_lotti_aperti,cig,luogo_istat,metodo_provincia
Bergamo,BERGAMO,PROVINCIA DI BERGAMO,80004870160,2026PROVBGRIQUALIFICAZIONESP49,S.P. N. 49 S.S. 671 – VALBONDIONE. RIQUALIFICAZIONE E MESSA IN SICUREZZA STRADA PROVINCIALE.,Negoziata (invito),LAVORI,"Edilizia, lavori e manutenzioni",45233141-9,LAVORI DI MANUTENZIONE STRADALE,570958.66,2026-09-14,2026-10-06,ANAC cig,1,BCF732CE58,016241,codice ISTAT
Bergamo,SARNICO,"MANUTENZIONE E PROMOZIONE LAGHI D'ISEO, ENDINE E MORO S.R.L.",03317320160,MPL-02-2026,"LAVORI DI MANUTENZIONE, POTENZIAMENTO, RIQUALIFICAZIONE AMBIENTALE E PULIZIA DEL DEMANIO LACUALE",Negoziata (invito),LAVORI,"Edilizia, lavori e manutenzioni",45200000-9,LAVORI PER LA COSTRUZIONE COMPLETA O PARZIALE E INGEGNERIA CIVILE,144000.0,2026-09-22,2026-10-06,ANAC cig,1,BD12280FCF,016193,codice ISTAT
Bergamo,SERIATE,AZIENDA SOCIO SANITARIA TERRITORIALE DI BERGAMO EST,04114380167,BGEST-2026-316,FORNITURA DI DISPOSITIVI MEDICI PER SALE OPERATORIE,Negoziata (invito),FORNITURE,Sanità e servizi alla persona,33190000-8,DISPOSITIVI E PRODOTTI MEDICI VARI,43653.6,2026-09-25,2026-10-07,ANAC cig,3,BD1DA8E2D4 BD1DA8D201 BD1DA8F3A7,016198,codice ISTAT
Bergamo,SERIATE,AZIENDA SOCIO SANITARIA TERRITORIALE DI BERGAMO EST,04114380167,BGEST-2026-317,FORNITURA DI CATETERE INTRAUTERINO IN SILICONE CON PALLONCINO PER EMORRAGIA POST-PARTUM,Negoziata (invito),FORNITURE,Sanità e servizi alla persona,33190000-8,DISPOSITIVI E PRODOTTI MEDICI VARI,57600.0,2026-09-25,2026-10-07,ANAC cig,1,BD1CF2DEEE,016198,codice ISTAT
Bergamo,CISANO BERGAMASCO,COMUNE DI CISANO BERGAMASCO,82001390168,P_2026_03_01,EFFICIENTAMENTO ENERGETICO DELLA SCUOLA DELL'INFANZIA DI VIA PAPA GIOVANNI XXIII: RIQUALIFICAZIONE PARZIALE DELLA COPERTURA E SOSTITUZIONE GENERATORE DI CALORE,Negoziata (invito),LAVORI,"Edilizia, lavori e manutenzioni",45454000-4,LAVORI DI RISTRUTTURAZIONE,157691.08,2026-09-24,2026-10-08,ANAC cig,1,BD17A42B58,016074,codice ISTAT
Bergamo,BERGAMO,AZIENDA SOCIO SANITARIA TERRITORIALE PAPA GIOVANNI XXIII,04114370168,Concessione spazi pubblicitari,CONCESSIONE DEL SERVIZIO DI RACCOLTA DEI CONTRATTI DI SPONSORIZZAZIONE,Aperta,SERVIZI,"Servizi tecnici, IT e professionali",79341000-6,SERVIZI PUBBLICITARI,4266000.0,2026-09-08,2026-10-08,ANAC cig,6,BCE1277E34 BCE1279FDA BCE1275C8E BCE1274BBB BCE1278F07 BCE1276D61,016024,codice ISTAT
Bergamo,BERGAMO,COMUNE DI BERGAMO,80034840167,50_NEG_26 Manutenzione straordinaria cimiteri,APPALTO DI LAVORI DENOMINATI MANUTENZIONE STRAORDINARIA DEI CIMITERI COMUNALI – ANNO 2025.,Negoziata (invito),LAVORI,"Edilizia, lavori e manutenzioni",45454100-5,LAVORI DI RESTAURO,221618.6,2026-09-16,2026-10-08,ANAC cig,1,BCFE92375B,016024,codice ISTAT
Bergamo,BERGAMO,ATB AGENZIA DELLA MOBILITA S.P.A.,02485010165,tender://atbbergamo/id/3089,"FORNITURA, MESSA IN SERVIZIO E MANUTENZIONE DI TELECAMERE E VMS PER L'ESTENSIONE E AMMODERNAMENTO DEL SISTEMA DI VIDEOSORVEGLIANZA URBANA DI BERGAMO",Aperta,FORNITURE,Forniture di beni,32323500-8,SISTEMA DI VIDEOSORVEGLIANZA,440000.0,2026-09-04,2026-10-08,ANAC cig,1,BCDBDCD045,016024,codice ISTAT
Bergamo,GROMO,COMUNE DI GROMO,00666340161,SUABG2026GROMOVECCHIASTRADA,MESSA IN SICUREZZA E RIQUALIFICAZIONE DELLA VECCHIA STRADA DI COLLEGAMENTO TRA IL CENTRO STORICO DEL COMUNE DI GROMO E LA FRAZIONE COLARETE IN COMUNE DI VALGOGLIO (BG). ,Negoziata (invito),LAVORI,"Edilizia, lavori e manutenzioni",45233141-9,LAVORI DI MANUTENZIONE STRADALE,415000.0,2026-09-16,2026-10-11,ANAC cig,1,BCFEB0551E,016118,codice ISTAT
Bergamo,TREVIGLIO,AZIENDA SOCIO SANITARIA TERRITORIALE DI BERGAMO OVEST,04114450168,2026_055_SW SALE OPERATORIE,"SERVIZIO DI ASSISTENZA TECNICA, MANUTENZIONE CORRETTIVA E EVOLUTIVA DEL SISTEMA DI GESTIONE DELLE SALE OPERATORIE INSTALLATO PRESSO L'ASST BERGAMO OVEST.",Aperta,SERVIZI,"Servizi tecnici, IT e professionali",72253000-3,SERVIZI DI ASSISTENZA INFORMATICA E DI SUPPORTO,568050.0,2026-09-09,2026-10-12,ANAC cig,1,BCE4D1F5CF,016219,codice ISTAT
Bergamo,MISANO DI GERA D'ADDA,COMUNE DI MISANO DI GERA D'ADDA,00246380166,SUA TREVIGLIO- ILLUMINAZIONE PUBBLICA-  MISANO DI GERA D'ADDA,"SUA TREVIGLIO- CONCESSIONE SERVIZIO DI ILLUMINAZIONE PUBBLICA MEDIANTE FINANZA DI PROGETTO EX ART. 193, COMMA 1, DEL D.LGS. 36/2023 –CUP G49J25001910007 - COMUNE DI MISANO DI GERA D'ADDA",Aperta,SERVIZI,"Edilizia, lavori e manutenzioni",50232100-1,SERVIZI DI MANUTENZIONE DI IMPIANTI DI ILLUMINAZIONE STRADALE,1809596.48,2026-09-03,2026-10-12,ANAC cig,1,BCD90B6AAC,016135,codice ISTAT
Bergamo,COLOGNO AL SERIO,COMUNE DI COLOGNO AL SERIO,00281170167,2026SUABGCOLOGNOALSERIONUOVOCENTRORACCOLTARIFIUTI,NUOVO CENTRO DI RACCOLTA RIFIUTI - LOTTO 1 IN COMUNE DI COLOGNO AL SERIO (BG).,Negoziata (invito),LAVORI,"Edilizia, lavori e manutenzioni",45232450-1,LAVORI DI COSTRUZIONE DI SCARICHI,1257727.59,2026-09-21,2026-10-12,ANAC cig,1,BD0DB959D6,016079,codice ISTAT
Bergamo,TREVIGLIO,AZIENDA SOCIO SANITARIA TERRITORIALE DI BERGAMO OVEST,04114450168,2026_056_DPI ANTI X,SERVIZIO DI GESTIONE DEI DISPOSITIVI DI PROTEZIONE INDIVIDUALE ANTI X ,Negoziata (invito),SERVIZI,Sanità e servizi alla persona,98310000-9,SERVIZI DI LAVANDERIA E DI LAVAGGIO A SECCO,213810.0,2026-09-29,2026-10-12,ANAC pubblicazioni,1,BD20633713,016219,codice ISTAT
Bergamo,BERGAMO,PROVINCIA DI BERGAMO,80004870160,2026PROVBG_SGOMBERO NEVE 2027-2032,PROVINCIA DI BERGAMO. SERVIZIO DI SGOMBERO NEVE E MANUTENZIONE INVERNALE. PERIODO DAL 01/01/2027 AL 30/06/2032. GARA MULTILOTTO. 26 LOTTI FUNZIONALI.,Aperta,SERVIZI,"Pulizie, sanificazione e rifiuti",90620000-9,SERVIZI DI SGOMBERO NEVE,34565000.0,2026-09-23,2026-10-13,ANAC cig,26,BD0F34BAF5 BD0F34994F BD0F337A74 BD0F3466D6 BD0F34238A BD0F344530 BD0F338B47 BD0F3477A9 BD0F339C1A BD0F345603 BD0F333728 BD0F33BDC0 BD0F33F111 BD0F3347FB BD0F34345D BD0F34AA22 BD0F34CBC8 BD0F3358CE BD0F3412B7 BD0F33CE93 BD0F33ACED BD0F33E03E BD0F34887C BD0F3369A1 BD0F33DF66 BD0F3401E4,016024,codice ISTAT
Bergamo,ENDINE GAIANO,COMUNE DI ENDINE GAIANO,00670550169,CUC2026_08,CUC2026_08 – COMUNE DI ENDINE GAIANO (BG) – PROGETTO INTEGRATO RIVOLTO ALLA RIQUALIFICAZIONE ED ALL'AMPLIAMENTO DELLE INFRASTRUTTURE DEDICATE ALLA MOBILITÀ SOSTENIBILE AI FINI DI INCENTIVARE ULTERIORMENTE LO SVILUPPO TURISTICO DELL'AREA - AZIONE N.1 - CICLOVIA-PERCORSO PEDONALE VIA TERRITORIO DI SPINONE AL LAGO E BIANZANO NEI COMUNI DI SPINONE AL LAGO E BIANZANO. ,Negoziata (invito),LAVORI,"Edilizia, lavori e manutenzioni",45233260-9,LAVORI DI COSTRUZIONE DI VIE PEDONALI,681000.0,2026-09-25,2026-10-13,ANAC pubblicazioni,1,BD19174F88,016093,codice ISTAT
Bergamo,ENDINE GAIANO,COMUNE DI ENDINE GAIANO,00670550169,CUC2026_10,CUC2026_10 – COMUNE DI ENDINE GAIANO (BG) – PROGETTO INTEGRATO RIVOLTO ALLA RIQUALIFICAZIONE ED ALL'AMPLIAMENTO DELLE INFRASTRUTTURE DEDICATE ALLA MOBILITÀ SOSTENIBILE AI FINI DI INCENTIVARE ULTERIORMENTE LO SVILUPPO TURISTICO DELL'AREA - AZIONE N°03 - REALIZZAZIONE PONTE GALLEGGIANTE TRA I COMUNI DI SPINONE AL LAGO E MONASTEROLO DEL CASTELLO (BG). ,Negoziata (invito),LAVORI,"Edilizia, lavori e manutenzioni",45221113-7,LAVORI DI COSTRUZIONE DI PASSERELLE,420000.0,2026-09-25,2026-10-13,ANAC pubblicazioni,1,BD193373B9,016093,codice ISTAT
Bergamo,BERGAMO,AZIENDA LOMBARDA PER L'EDILIZIA RESIDENZIALE DI BERGAMO - LECCO - SONDRIO,00225430164,PN RIATTAZIONE 2026,LAVORI DI MANUTENZIONE STRAORDINARIA PER LA RIATTAZIONE DI COMPLESSIVI 40 ALLOGGI SFITTI PRESSO EDIFICI DI PROPRIETÀ ALER BERGAMO LECCO SONDRIO O DA ESSA GESTITI,Negoziata (invito),LAVORI,"Edilizia, lavori e manutenzioni",45453000-7,LAVORI DI RIPARAZIONE E RIPRISTINO,999924.0,2026-09-28,2026-10-13,ANAC cig,2,BD2379BC87 BD2379ABB4,097042,codice ISTAT
Bergamo,ENDINE GAIANO,COMUNE DI ENDINE GAIANO,00670550169,CUC2026_11,CUC2026_11 – COMUNE DI ENDINE GAIANO (BG) – PROGETTO INTEGRATO RIVOLTO ALLA RIQUALIFICAZIONE ED ALL'AMPLIAMENTO DELLE INFRASTRUTTURE DEDICATE ALLA MOBILITÀ SOSTENIBILE AI FINI DI INCENTIVARE ULTERIORMENTE LO SVILUPPO TURISTICO DELL'AREA - AZIONE N.4 - INTERVENTO IN ZONA UMIDA IN COMUNE DI ENDINE GAIANO (BG). ,Negoziata (invito),LAVORI,"Edilizia, lavori e manutenzioni",45233260-9,LAVORI DI COSTRUZIONE DI VIE PEDONALI,518000.0,2026-09-25,2026-10-13,ANAC pubblicazioni,1,BD1928B5C8,016093,codice ISTAT
Bergamo,ENDINE GAIANO,COMUNE DI ENDINE GAIANO,00670550169,CUC2026_09,"CUC2026_09 – COMUNE DI ENDINE GAIANO (BG) – PROGETTO INTEGRATO RIVOLTO ALLA RIQUALIFICAZIONE ED ALL'AMPLIAMENTO DELLE INFRASTRUTTURE DEDICATE ALLA MOBILITÀ SOSTENIBILE AI FINI DI INCENTIVARE ULTERIORMENTE LO SVILUPPO TURISTICO DELL'AREA - AZIONE N.2 - COMPLETAMENTO PERCORSO CIRCUMLACUALE NEI COMUNI DI ENDINE GAIANO, MONASTEROLO DEL CASTELLO, SPINONE AL LAGO, RANZANICO (BG). ",Negoziata (invito),LAVORI,"Edilizia, lavori e manutenzioni",45233260-9,LAVORI DI COSTRUZIONE DI VIE PEDONALI,985000.0,2026-09-25,2026-10-13,ANAC pubblicazioni,1,BD191DE704,016093,codice ISTAT
Bergamo,AZZANO SAN PAOLO,COMUNE DI AZZANO SAN PAOLO,00681530168,2026SUABGAZZANOSPEXBOCCIODROMO,RECUPERO FUNZIONALE DELLA STRUTTURA LAMELLARE (EX BOCCIODROMO) SITA PRESSO IL CENTRO SPORTIVO COMUNALE DI VIA STEZZANO.,Negoziata (invito),LAVORI,"Edilizia, lavori e manutenzioni",45210000-2,LAVORI GENERALI DI COSTRUZIONE DI EDIFICI,650000.0,2026-09-24,2026-10-15,ANAC cig,1,BD17947C36,016016,codice ISTAT
Bergamo,PIAZZATORRE,COMUNE DI PIAZZATORRE,00675260160,2026SUABGPIAZZATORRESPOGLIATOI,EFFICIENTAMENTO ENERGETICO DELL'EDIFICIO ADIBITO A SPOGLIATOI DEL CAMPO SPORTIVO IN COMUNE DI PIAZZATORRE (BG). ,Negoziata (invito),LAVORI,Impianti ed energia,45315000-8,LAVORI DI INSTALLAZIONE DI IMPIANTI DI RISCALDAMENTO E DI ALTRI IMPIANTI ELETTRICI PER EDIFICI,620000.0,2026-09-21,2026-10-15,ANAC cig,1,BD0DBA3565,016165,codice ISTAT
Bergamo,BERBENNO,COMUNE DI BERBENNO,00313890162,CUCBS2026_137,REALIZZAZIONE PIAZZOLA ECOLOGICA PER LA GESTIONE DEL F.O.R.S.U. IN COMUNE DI BERBENNO (BG) – CUP J92F25000000006,Negoziata (invito),LAVORI,"Edilizia, lavori e manutenzioni",45222100-0,LAVORI DI COSTRUZIONE DI IMPIANTI DI TRATTAMENTO DEI RIFIUTI,215000.0,2026-09-21,2026-10-16,ANAC cig,1,BD06B50405,016023,codice ISTAT
Bergamo,ZOGNO,COMUNE DI ZOGNO,94000290166,2026SUAZOGNOFIUMEBREMBO,REALIZZAZIONE DELLA PISTA CICLOPEDONALE LUNGO IL FIUME BREMBO DA VILLA D'ALME' A PIAZZA BREMBANA IN COMUNE DI ZOGNO – 1° LOTTO.,Negoziata (invito),LAVORI,"Edilizia, lavori e manutenzioni",45233162-2,LAVORI DI COSTRUZIONE DI PISTE CICLABILI,1305000.0,2026-09-14,2026-10-16,ANAC cig,1,BCF68FC62A,016246,codice ISTAT
Bergamo,BERGAMO,UNIACQUE S.P.A.,03299640163,tender://uniacque_bg/id/2070,SERVIZIO DI LETTURA DEI CONTATORI D'ACQUA,Aperta,SERVIZI,Impianti ed energia,65500000-8,SERVIZI DI LETTURA CONTATORI,3420000.0,2026-09-11,2026-10-16,ANAC cig,1,BCED1B6077,016024,codice ISTAT
Bergamo,SERIATE,AZIENDA SOCIO SANITARIA TERRITORIALE DI BERGAMO EST,04114380167,BGEST_2026_252,"PROCEDURA APERTA AGGREGATA PER LA FORNITURA IN SERVICE DI UN SISTEMA AUTOMATICO E RELATIVI REAGENTI E MATERIALE DI CONSUMO PER L'ALLESTIMENTO DEI PREPARATI CITOLOGICI SU CAMPIONI RACCOLTI IN FASE LIQUIDA ADATTO A PROCESSARE PAP-TEST ED EXTRA VAGINALI, UN SISTEMA DI LETTURA COMPUTER-ASSISTITA PER PAP-TEST ED UN SISTEMA DI CITOINCLUSIONE DI CAMPIONI IN FASE LIQUIDA, PER UN PERIODO DI 5 ANNI.",Aperta,FORNITURE,Sanità e servizi alla persona,33124110-9,SISTEMI DIAGNOSTICI,13302739.0,2026-09-04,2026-10-16,ANAC cig,1,BCDB9AE9A5,016198,codice ISTAT
Bergamo,MOZZANICA,"REALIZZAZIONE E GESTIONE SERVIZI PUBBLICI LOCALI S.P.A., PER BRE VITA' COGEIDE S.P.A.",02200370167,tender://cogeide/id/92,PROCEDURA NEGOZIATA PER LA REALIZZAZIONE DEL TERZO SEDIMENTATORE II -LINEA 2,Negoziata (invito),LAVORI,"Edilizia, lavori e manutenzioni",45252121-2,IMPIANTI DI SEDIMENTAZIONE,1384900.16,2026-09-15,2026-10-16,ANAC cig,1,BCF8B21378,016142,codice ISTAT
Bergamo,BERGAMO,PROVINCIA DI BERGAMO,80004870160,2026PROVBGMANUTENZIONESP141,S.P. 141 BREMBATE – TREVIGLIO. LAVORI DI MANUTENZIONE STRAORDINARIA PER RIFACIMENTO PAVIMENTAZIONE STRADALE NEI COMUNI DI CANONICA D'ADDA E PONTIROLO NUOVO E INSTALLAZIONE IMPIANTO SEMAFORICO IN COMUNE DI CANONICA D'ADDA.,Negoziata (invito),LAVORI,"Edilizia, lavori e manutenzioni",45233141-9,LAVORI DI MANUTENZIONE STRADALE,250000.0,2026-09-25,2026-10-19,ANAC cig,1,BD1DECC306,016024,codice ISTAT
Bergamo,BERGAMO,AZIENDA SOCIO SANITARIA TERRITORIALE PAPA GIOVANNI XXIII,04114370168,LAVORI PS SGB,LAVORI DI MESSA IN SICUREZZA E DI RAZIONALIZZAZIONE DEI SERVIZI DEL P.O. DI SAN GIOVANNI BIANCO (BG),Aperta,LAVORI,"Edilizia, lavori e manutenzioni",45210000-2,LAVORI GENERALI DI COSTRUZIONE DI EDIFICI,999955.14,2026-09-18,2026-10-21,ANAC cig,1,BD035012E7,016188,codice ISTAT
Bergamo,BERGAMO,CONSORZIO DI BONIFICA DELLA MEDIA PIANURA BERGAMASCA,80017830169,tender://cbonificabergamo/id/1110,"PROCEDURA APERTA PER L'AFFIDAMENTO DEL SERVIZIO DI MESSA A DISPOSIZIONE DI INFRASTRUTTURA INFORMATICA IN MODALITÀ PRIVATE CLOUD PERIODO DI 48 MESI, COMPRENSIVO DELLA LINEA PUNTO-PUNTO DI CONNESSIONE TRA IL DATA CENTER DELL'OPERATORE ECONOMICO E LA SEDE DEL CONSORZIO E COME MEGLIO SPECIFICATO NEI DOCUMENTI MESSI A DISPOSIZIONE, DA AGGIUDICARSI SECONDO IL CRITERIO DELL'OFFERTA ECONOMICAMENTE PIÙ VANTAGGIOSA, AI SENSI DI QUANTO DISPOSTO DAGLI ARTT.71 E 108 DEL D.LGS.36/2023 SULLA BASE DEI CRITERI INDICATI NEL BANDO-DISCIPLINARE DI GARA",Aperta,SERVIZI,"Servizi tecnici, IT e professionali",72000000-5,"SERVIZI INFORMATICI: CONSULENZA, SVILUPPO DI SOFTWARE, INTERNET E SUPPORTO",1052992.32,2026-09-21,2026-10-21,ANAC cig,1,BD06988BB5,016024,codice ISTAT
Bergamo,BERGAMO,AZIENDA SOCIO SANITARIA TERRITORIALE PAPA GIOVANNI XXIII,04114370168,LAVORI TAC SGB,LAVORI DI ADEGUAMENTO EDILE ED IMPIANTISTICO DEI LOCALI DELL'AREA DIAGNOSTICA FINALIZZATI ALL'INSTALLAZIONE DI UNA TAC IN UN'AREA COMPLANARE AL PRONTO SOCCORSO DEL POLO OSPEDALIERO DI SAN GIOVANNI BIANCO (BG),Aperta,LAVORI,"Edilizia, lavori e manutenzioni",45210000-2,LAVORI GENERALI DI COSTRUZIONE DI EDIFICI,999442.84,2026-09-17,2026-10-21,ANAC cig,1,BD00788C6F,016188,codice ISTAT
Bergamo,GRASSOBBIO,S.A.C.B.O. S.P.A.,00237090162,535100_tender_796,"LAVORI DI QUALIFICAZIONE FASCE DI NATURALITÀ, AREA LIMITROFA PISTA AERO CLUB",Negoziata (invito),LAVORI,"Edilizia, lavori e manutenzioni",45233162-2,LAVORI DI COSTRUZIONE DI PISTE CICLABILI,1820438.53,2026-09-01,2026-10-21,ANAC cig,1,BCD3FD7E03,016024,codice ISTAT
Bergamo,CURNO,COMUNE DI CURNO,80016350169,00923020168_2026_UTC_046,RIFACIMENTO PAVIMENTAZIONE DEI MARCIAPIEDI ED ABBATTIMENTO BARRIERE ARCHITETTONICHE,Negoziata (invito),LAVORI,"Edilizia, lavori e manutenzioni",45233223-8,LAVORI DI RIFACIMENTO DI MANTO STRADALE,282995.0,2026-09-30,2026-10-22,ANAC cig,1,BD2B4E9424,016089,codice ISTAT
Bergamo,SANTA BRIGIDA,AMMINISTRAZIONE COMUNALE DI SANTA BRIGIDA,85002370162,2026SUABGSANTABRIGIDABANDODISSESTI,BANDO DISSESTI 2024 - OPERE DI MITIGAZIONE DEL RISCHIO IDROGEOLOGICO E MESSA IN SICUREZZA VIABILITA' VIA PITTORI BASCHENIS FRAZIONE CUGNO. LOTTO 1.,Negoziata (invito),LAVORI,"Edilizia, lavori e manutenzioni",45233141-9,LAVORI DI MANUTENZIONE STRADALE,538000.0,2026-09-29,2026-10-22,ANAC cig,1,BD28DC1413,016191,codice ISTAT
Bergamo,RANICA,TRAMVIE ELETTRICHE BERGAMASCHE S.P.A.,02802700167,tender://atbbergamo/id/3148,"PROCEDURA NEGOZIATA SENZA BANDO PER LA FORNITURA DI RIDUTTORI E ACCESSORI ESTERNI, MODELLO TRAM SIRIO BG.",Negoziata (invito),FORNITURE,Forniture di beni,34631000-9,PEZZI DI RICAMBIO PER LOCOMOTIVE O MATERIALE ROTABILE,772000.0,2026-09-25,2026-10-26,ANAC cig,1,BD1E73FBFA,016178,codice ISTAT
Bergamo,BERGAMO,UNIACQUE S.P.A.,03299640163,tender://uniacque_bg/id/2087,FORNITURA DI CONTATORI ELETTRONICI MID PER ACQUA POTABILE 2 LOTTI,Aperta,FORNITURE,Forniture di beni,38552000-9,CONTATORI ELETTRONICI,7500000.0,2026-09-21,2026-10-27,ANAC cig,2,BD088151D0 BD088162A3,016024,codice ISTAT
Bergamo,LENNA,COMUNE DI LENNA,85001570168,SUABG2026LENNAPIAZZOLAECOLOGICA,REALIZZAZIONE PIAZZOLA ECOLOGICA PER LA GESTIONE DEL F.O.R.S.U. IN COMUNE DI LENNA (BG). ,Negoziata (invito),LAVORI,"Edilizia, lavori e manutenzioni",45232450-1,LAVORI DI COSTRUZIONE DI SCARICHI,205000.0,2026-09-24,2026-10-27,ANAC cig,1,BD1B4E9220,016125,codice ISTAT
Bergamo,PONTIDA,COMUNE PONTIDA,82000590164,2-26 FINANZIARIO..,"PROCEDURA TELEMATICA APERTA AI SENSI DELL'ART. 71 DEL D. LGS. 36/2023, RISERVATA AI SENSI DELL'ART. 61 DEL D.LGS. 36/2023, PER L'AFFIDAMENTO DEI SERVIZI DI GESTIONE ORDINARIA IMU E TARI, ATTIVITÀ DI ACCERTAMENTO IMU E TARI, PEREQUAZIONE CATASTALE E SEGNALAZIONI QUALIFICATE, CON IL CRITERIO DELL'OFFERTA ECONOMICAMENTE PIÙ VANTAGGIOSA SULLA BASE DEL MIGLIOR RAPPORTO QUALITÀ/PREZZO",Aperta,SERVIZI,"Servizi tecnici, IT e professionali",79940000-5,SERVIZI DI ORGANISMI DI RISCOSSIONE,127650.0,2026-09-23,2026-10-27,ANAC cig,1,BD11CC5537,016171,codice ISTAT
Bergamo,FARA GERA D'ADDA,S.A.I. TREVIGLIO - SOCIETA' AUTOLINEE INTERPROVINCIALI S.R.L.,01974700161,PCP-20260923-00223,FORNITURA DI N°1 AUTOBUS LUNGO PER IL SERVIZIO EXTRAURBANO (CLASSE 1) AD ALIMNTAZIONE ESCLUSIVAMENTE ELETTRICA PLUG-IN DESTINATO AL SERVIZIO DI TRASPORTO PUBBLICO LOCALE (TPL) DOTATO DI TECNOLOGIE E DOTAZIONI OBBLIGATORIE DI BORDO,Aperta,FORNITURE,Forniture di beni,34121000-1,AUTOBUS E PULLMAN,542500.0,2026-09-23,2026-10-28,ANAC cig,1,BD12B3E6AD,016096,codice ISTAT
Bergamo,TRESCORE BALNEARIO,COMUNE DI TRESCORE BALNEARIO,00407800168,2026_08_riscossione_trescore,"SERVIZIO DI SUPPORTO UFFICIO TRIBUTI PER ACCERTAMENTI IMU AREE EDIFICABILI + IMMOBILI CONNESSI, PERIZIA DI STIMA DELLE AREE EDIFICABILI, REDAZIONE E AGGIORNAMENTO SUPPORTO TECNICO GESTIONALE AL FINE DI INDIVIDUARE IL VALORE DELLA SINGOLA AREA EDIFICABILE, SEGNALAZIONI QUALIFICATE ALL'AGENZIA DELLE ENTRATE. DURATA 5 ANNI A PARTIRE DAL 01/10/2026, CON OPZIONE DI PROROGA DI 6 MESI",Aperta,SERVIZI,"Servizi tecnici, IT e professionali",79940000-5,SERVIZI DI ORGANISMI DI RISCOSSIONE,400000.0,2026-09-28,2026-10-29,ANAC cig,1,BD1AFDA574,016218,codice ISTAT
Bergamo,MOZZANICA,"REALIZZAZIONE E GESTIONE SERVIZI PUBBLICI LOCALI S.P.A., PER BRE VITA COGEIDE S.P.A.",02200370167,tender://cogeide/id/113,REALIZZAZIONE DI UN POZZO A DUE COLONNE PER LA DERIVAZIONE DI ACQUA SOTTERRANEA A SCOPI IDROPOTABILI DENOMINATO NUOVO POZZO EST N°14 IN VIA BRIGNANO IN COMUNE DI TREVIGLIO.,Negoziata (invito),LAVORI,"Edilizia, lavori e manutenzioni",45262220-9,TRIVELLAMENTO DI POZZI D'ACQUA,361695.01,2026-09-25,2026-10-30,ANAC cig,1,BD1D8E75C1,016219,codice ISTAT
Bergamo,TREVIGLIO,YGEA SPA,02502530161,SUA TREVIGLIO - CDI YGEA 2027-2028,APPALTO DEL SERVIZIO DI GESTIONE DEI SERVIZI ASSISTENZIALI DEL CENTRO DIURNO INTEGRATO DI TREVIGLIO PER IL PERIODO 2027-2028 - YGEA SRL,Aperta,SERVIZI,Sanità e servizi alla persona,85312100-0,SERVIZI DI CENTRI DIURNI,935734.8,2026-09-30,2026-11-02,ANAC cig,1,BD245E3590,016219,codice ISTAT
Bergamo,BERGAMO,AZIENDA SOCIO SANITARIA TERRITORIALE PAPA GIOVANNI XXIII,04114370168,ULTOMIRIS,FORNITURA DEL FARMACO ULTOMIRIS,Negoziata (invito),FORNITURE,Sanità e servizi alla persona,33690000-3,MEDICINALI VARI,1282584.0,2026-09-04,2026-11-04,ANAC cig,1,BCE01112A9,016024,codice ISTAT
Bergamo,BERGAMO,AZIENDA SOCIO SANITARIA TERRITORIALE PAPA GIOVANNI XXIII,04114370168,FORNITURA RINVOQ,FORNITURA DEL FARMACO RINVOQ,Negoziata (invito),FORNITURE,Sanità e servizi alla persona,33690000-3,MEDICINALI VARI,483049.17,2026-09-04,2026-11-04,ANAC cig,1,BCDDE42910,016024,codice ISTAT
Bergamo,BERGAMO,AZIENDA SOCIO SANITARIA TERRITORIALE PAPA GIOVANNI XXIII,04114370168,TREMFYA.,FORNITURA DI TREMFYA,Negoziata (invito),FORNITURE,Sanità e servizi alla persona,33690000-3,MEDICINALI VARI,860000.0,2026-09-18,2027-09-30,ANAC cig,1,BD06F11D0D,016024,codice ISTAT
Brescia,BRESCIA,COMUNE DI BRESCIA,00761890177,G12927-ed84aaa4-71c4-4508-af3a-59fb7e482081,MANUTENZIONE ORDINARIA E PICCOLI LAVORI NELLESTRADE COMUNALI PER IL BIENNIO 2027/2028 LOTTO NORD E LOTTO SUD,Negoziata (bando),LAVORI,"Edilizia, lavori e manutenzioni",45233141-9,LAVORI DI MANUTENZIONE STRADALE,1240000.0,2026-09-21,2026-10-06,ANAC pubblicazioni,2,BD08C4CC38 BD08C4BB65,017029,codice ISTAT
Brescia,RONCADELLE,EROGASMET S.P.A.,00182180190,tender://erogasmet/id/1054,"ID 1054 - LA-02-26/27PROCEDURA NEGOZIATA SOTTOSOGLIA (SETTORI SPECIALI) CON SELEZIONE DALL'ALBO TELEMATICO FORNITORI, PER L'AFFIDAMENTO DEI LAVORI DI RIPRISTINI STRADALI SU VIE OVE INSISTONO CONDOTTE INTERRATE GAS METANO NEI COMUNI DI BUSNAGO E RONCELLO DAL 01.04.2027 AL 30.06.2029",Negoziata (invito),LAVORI,Forniture di beni,44161100-7,GASDOTTI,303000.0,2026-09-17,2026-10-06,ANAC cig,1,BD034C83DD,108051,codice ISTAT
Brescia,BRESCIA,AZIENDA SOCIO-SANITARIA TERRITORIALE DEGLI SPEDALI CIVILI DI BRESCIA,03775110988,2026-1072/L0001,PROCEDURA NEGOZIATA PER LA FORNITURA DEL FARMACO ELTROMBOPAG 28 CPS RIV 25 MG E 50 MG,Negoziata (invito),FORNITURE,Sanità e servizi alla persona,33690000-3,MEDICINALI VARI,39000.0,2026-09-30,2026-10-06,ANAC cig,2,BD2B777FD3 BD2B776F00,017029,codice ISTAT
Brescia,BRESCIA,ACQUE BRESCIANE S.R.L.,03832490985,tender://acquebresciane/id/9906,"APPALTO REALIZZAZIONE DI UN POZZO AD USO ACQUEDOTTISTICO NEL COMUNE DI MUSCOLINE (BS), IN VIA BELVEDERE",Negoziata (invito),LAVORI,"Edilizia, lavori e manutenzioni",45262200-3,LAVORI DI FONDAZIONE E TRIVELLAMENTO DI POZZI D'ACQUA,538680.36,2026-09-11,2026-10-07,ANAC cig,1,BCF0E54651,017116,codice ISTAT
Brescia,BRESCIA,UNARETI S.P.A.,12883450152,a2a_10/09/2026 14:37:36_001246/2026,UNARETI - RDO 2850000936 - ATTIVITA' DI VERIFICA E RICALIBRAZIONE DI CONTATORI FISCALI MACCONAGO & ARESE,Negoziata (invito),LAVORI,"Edilizia, lavori e manutenzioni",50411200-1,SERVIZI DI RIPARAZIONE E MANUTENZIONE DI CONTATORI DI GAS,200000.0,2026-09-24,2026-10-07,ANAC cig,1,BD19E28B2C,015146,codice ISTAT
Brescia,DARFO BOARIO TERME,COMUNE DI DARFO BOARIO TERME,00290170174,28.09.2026 - Colonnato Terme,LAVORI DI: MESSA IN SICUREZZA E RESTAURO CONSERVATIVO DEL COLONNATO ALL'INTERNO DEL PARCO DELLE TERME DI BOARIO ,Negoziata (invito),LAVORI,"Edilizia, lavori e manutenzioni",45454100-5,LAVORI DI RESTAURO,187844.23,2026-09-28,2026-10-07,ANAC cig,1,BD2397320C,017065,codice ISTAT
Brescia,GARDONE VAL TROMPIA,CIVITAS S.R.L.,02710760980,company_1382_procurement_265,AFFIDAMENTO DELLA GESTIONE DELL'INSIEME DEI SERVIZI BIBLIOGRAFICI E BIBLIOTECONOMICI DEI COMUNI ASSOCIATI AL SISTEMA BIBLIOTECARIO-ARCHIVISTICO DI VALLE TROMPIA PER IL PERIODO DAL 01.01.2027 AL 31.12.2029 ,Negoziata (invito),SERVIZI,Sanità e servizi alla persona,92511000-6,SERVIZI DI BIBLIOTECHE,538679.7,2026-09-08,2026-10-08,ANAC pubblicazioni,1,BCE089AA83,017075,codice ISTAT
Brescia,BRESCIA,UNARETI S.P.A.,12883450152,a2a_23/09/2026 09:37:48_001296/2026,UNARETI SPA - RDO 2810001697 - FORNITURA DI NASTRI A FREDDO PER PROTEZIONE PASSIVA DEI TUBI IN ACCIAIO E ANELLI DISTANZIATORI PER RETI GAS,Negoziata (invito),FORNITURE,Forniture di beni,19513200-7,NASTRO ADESIVO DI TESSUTO GOMMATO,425000.0,2026-09-24,2026-10-08,ANAC cig,1,BD19DDAACE,015146,codice ISTAT
Brescia,BRESCIA,AZIENDA SOCIO-SANITARIA TERRITORIALE DEGLI SPEDALI CIVILI DI BRESCIA,03775110988,2026-848/L0001,"PROCEDURA APERTA PER L'AFFIDAMENTO DEL CONTRATTO AVENTE AD OGGETTO LA FORNITURA DI UN SISTEMA GESTIONALE PER LE SALE OPERATORIE E DEL PERCORSO CHIRURGICO AZIENDALE PER UN PERIODO DI 72 MESI, RINNOVABILE PER ULTERIORI 36 MESI",Aperta,FORNITURE,"Servizi tecnici, IT e professionali",48000000-8,PACCHETTI SOFTWARE E SISTEMI DI INFORMAZIONE,5000000.0,2026-08-07,2026-10-09,ANAC cig,1,BCA841ACC9,017029,codice ISTAT
Brescia,DARFO BOARIO TERME,COMUNE DI DARFO BOARIO TERME,00290170174,25.09.2026 - Asfalti 2026,LAVORI DI MANUTENZIONE STRAORDINARIA DEL MANTO STRADALE - ANNO 2026,Negoziata (invito),LAVORI,"Edilizia, lavori e manutenzioni",45233222-1,LAVORI DI LASTRICATURA E ASFALTATURA,155555.62,2026-09-25,2026-10-09,ANAC cig,1,BD1DCF2BDB,017065,codice ISTAT
Brescia,BRESCIA,ISTITUTO ZOOPROFILATTICO SPERIMENTALE DELLA LOMBARDIA E DELL EMILIA ROMAGNA BRUNO UBERTINI ENTE SANITARIO DI DIRITTO PUBBLICO.,00284840170,333/2026,"PROCEDURA NEGOZIATA EX ART. 76, COMMA 2, LETT. B), NN. 2 E 3, DEL D.LGS. 36/2023 PER LA FORNITURA TRIENNALE DI PRODOTTI INFUNGIBILI / ESCLUSIVI STANDARD BIOTOOLS",Negoziata (invito),FORNITURE,Sanità e servizi alla persona,33696500-0,REATTIVI PER LABORATORIO,300000.0,2026-09-28,2026-10-09,ANAC cig,1,BD204810EF,017029,codice ISTAT
Brescia,LENO,COMUNE DI LENO,88001410179,G00154-4a793e86-6cc9-497d-9d50-8cec0218122f,CONCESSIONE DEL SERVIZIO DI SOMMINISTRAZIONE DI ALIMENTI E BEVANDE MEDIANTE DISTRIBUTORI AUTOMATICI PER UN PERIODO DI TRE ANNI,Negoziata (bando),SERVIZI,Forniture di beni,42933000-5,DISTRIBUTORI AUTOMATICI,29436.0,2026-08-27,2026-10-12,ANAC cig,1,BCC7BCB593,017088,codice ISTAT
Brescia,VALLIO TERME,COMUNE DI VALLIO TERME,00843830175,LLPP_2023_PORLE_CURVA,"ALLARGAMENTO E FORMAZIONE NUOVO MARCIAPIEDE LUNGO LA STRADA PROVINCIALE 57 GAVARDO VALLIO COLLE S. EUSEBIO, DAL KM 6+600 AL KM 6+780 E AMPLIAMENTO PARCHEGGIO ESISTENTE PORLE",Aperta,LAVORI,"Edilizia, lavori e manutenzioni",45223300-9,LAVORI DI COSTRUZIONE DI PARCHEGGI,325000.0,2026-09-09,2026-10-12,ANAC cig,1,BCE817AA4F,017193,codice ISTAT
Brescia,PASPARDO,COMUNE DI PASPARDO,81002610178,G00177-e0ad66e5-45ae-40a9-90ad-fd061749c8a3,PROCEDURA NEGOZIATA PER L'AFFIDAMENTO DEI LAVORI DENOMINATI MIGLIORAMENTO E RIQUALIFICAZIONE DEL CAMPO SPORTIVO ESISTENTE DI PROPRIETA' COMUNALE SITO IN VIA CANNETO NEL COMUNE DI PASPARDO (BS),Negoziata (bando),LAVORI,"Edilizia, lavori e manutenzioni",45212290-5,RIPARAZIONE E MANUTENZIONE DI IMPIANTI SPORTIVI,202626.0,2026-09-25,2026-10-12,ANAC pubblicazioni,1,BD18908C59,017135,codice ISTAT
Brescia,BRESCIA,UNARETI S.P.A.,12883450152,a2a_22/09/2026 15:15:11_001295/2026,UNARETI SPA - RDO 2810001686 - 2026MS011 - FORNITURA DI PROTEZIONI IGNIFUGHE PER GIUNZIONI DI MEDIA TENSIONE,Negoziata (invito),FORNITURE,Forniture di beni,44480000-8,ATTREZZATURE VARIE DI PROTEZIONE ANTINCENDIO,430000.0,2026-09-24,2026-10-12,ANAC cig,1,BD19DF9465,015146,codice ISTAT
Brescia,CONCESIO,COMUNE DI CONCESIO,00350520177,Concesio-2026-066,LAVORI DI REALIZZAZIONE STRADA DI ACCESSO AL DEPURATORE - VIA FALCONE,Aperta,LAVORI,"Edilizia, lavori e manutenzioni",45233120-6,LAVORI DI COSTRUZIONE DI STRADE,2932590.14,2026-09-11,2026-10-13,ANAC cig,1,BCEFC07C20,017061,codice ISTAT
Brescia,BRESCIA,COMUNE DI BRESCIA,00761890177,G12891-1a0e81ee-8fff-41c1-9f4a-6b762e743a90,SERVIZIO DI MANUTENZIONE ATTREZZATURE LUDICHE NELLE SCUOLE ANNI 2027-2028,Negoziata (invito),SERVIZI,"Edilizia, lavori e manutenzioni",50870000-4,SERVIZI DI RIPARAZIONE E MANUTENZIONE DI PARCHI GIOCHI,183848.43,2026-09-25,2026-10-14,ANAC cig,1,BD1F001624,017029,codice ISTAT
Brescia,GARDONE VAL TROMPIA,GAL GOLEM VALLE TROMPIA E COLLINE PREALPI BRESCIAN,03849630987,company_1096_procurement_385,0133_2026_SEVAT AFFIDAMENTO LAVORI RELATIVI A «INTERVENTO DI RISANAMENTO CONSERVATIVO DELLA SEDE COMUNALE DI PADENGHE SUL GARDA (BS) – LOTTO 2» ,Negoziata (invito),LAVORI,Forniture di beni,44221000-5,"FINESTRE, PORTE E ARTICOLI AFFINI",214000.0,2026-09-28,2026-10-14,ANAC cig,1,BD21EAD9F0,017129,codice ISTAT
Brescia,BRESCIA,ISTITUTO ZOOPROFILATTICO SPERIMENTALE DELLA LOMBARDIA E DELL EMILIA ROMAGNA BRUNO UBERTINI ENTE SANITARIO DI DIRITTO PUBBLICO.,00284840170,Fasc. 486/2026,FORNITURA DI CROMATOGRAFI LIQUIDI ABBINATI A SPETTROMETRI DI MASSA A TRIPLO QUADRUPOLO (SISTEMI HLPC MS/MS),Aperta,FORNITURE,Forniture di beni,38432200-4,CROMATOGRAFI,1170000.0,2026-09-11,2026-10-15,ANAC cig,1,BCEDEBE16B,017029,codice ISTAT
Brescia,MANERBIO,COMUNE DI MANERBIO,00303410179,25565/2026_manerbio,INDIVIDUAZIONE DI N. 3 IMPRESE PER IL SERVIZIO DI RIMOZIONE E SMALTIMENTO DI MATERIALI CONTENENTI AMIANTO IN MATRICE COMPATTA PROVENIENTI DA UTENZE DOMESTICHE.,Aperta,SERVIZI,"Pulizie, sanificazione e rifiuti",90650000-8,SERVIZI DI RIMOZIONE DI AMIANTO,30000.0,2026-09-30,2026-10-16,ANAC cig,1,BD1768FDDA,017103,codice ISTAT
Brescia,CAPO DI PONTE,COMUNE DI CAPO DI PONTE,81001410174,PA_001_2026,SERVIZIO ILLUMINAZIONE VOTIVA CIMITERI 01/01/2027 - 31/12/2030,Aperta,SERVIZI,Sanità e servizi alla persona,98371111-5,SERVIZI DI MANUTENZIONE CIMITERIALE,51892.0,2026-09-17,2026-10-18,ANAC cig,1,BCFFB361AF,017035,codice ISTAT
Brescia,BRESCIA,ACQUE BRESCIANE S.R.L.,03832490985,tender://acquebresciane/id/9899,LAVORI DI POTENZIAMENTO DEL CIVICO ACQUEDOTTO ADDUZIONE DAL SERBATOIO SAN PIETRO ALLA RETE DI DISTRIBUZIONE DILIANO - COMUNE DI GARGNANO (BS),Negoziata (invito),LAVORI,"Edilizia, lavori e manutenzioni",45231300-8,LAVORI DI COSTRUZIONE DI CONDOTTE IDRICHE E FOGNARIE,1683784.85,2026-09-22,2026-10-21,ANAC cig,1,BD11271F4E,017076,codice ISTAT
Brescia,GARDONE VAL TROMPIA,GAL GOLEM VALLE TROMPIA E COLLINE PREALPI BRESCIAN,03849630987,company_1096_procurement_384,0132_2026_SEVAT AFFIDAMENTO LAVORI RIQUALIFICAZIONE DI EDIFICIO EX SCOLASTICO PER AUDITORIUM E EFFICIENTAMENTO ENERGETICO DELL'EX EDIFICIO SCOLASTICO PER CENTRO SOCIALE DIURNO POLAVENO,Negoziata (invito),LAVORI,Impianti ed energia,45321000-3,LAVORI DI ISOLAMENTO TERMICO,1428000.0,2026-09-25,2026-10-28,ANAC cig,1,BD1FB54E76,017144,codice ISTAT
Brescia,GAVARDO,COMUNE DI GAVARDO,00647290170,GESTIONE_CENTRO_SPORTIVO_2026,CONCESSIONE DELLA GESTIONE IMPIANTI SPORTIVI DEL CENTRO KAROL WOJTYLA,Aperta,SERVIZI,Sanità e servizi alla persona,92610000-0,SERVIZI DI GESTIONE DI IMPIANTI SPORTIVI,115500.0,2026-09-29,2026-10-29,ANAC cig,1,BD2420656A,017077,codice ISTAT
Como,COMO,LERETI S.P.A.,07063880962,783762_tender_4969,FORNITURA DI GIUNTI IN GHISA MULTIJOINT ED ARTICOLI ACCESSORI PER I POLI DI CO-LC-MB-VA,Negoziata (invito),FORNITURE,Forniture di beni,44167300-1,"GOMITI, GIUNTI A T E RACCORDI",400000.0,2026-09-23,2026-10-07,ANAC cig,1,BD136E0035,013075,codice ISTAT
Como,CANZO,AMMINISTRAZIONE COMUNALE DI CANZO,00499820132,U.T.C. - CANZO N. 17//2026,INTERVENTO DI MANUTENZIONE STRAORDINARIA DELLE PAVIMENTAZIONI ESISTENTI SULLA STRADA AGRO-SILVO-PASTORALE DI VIA PER LE ALPI,Negoziata (invito),LAVORI,"Edilizia, lavori e manutenzioni",45233141-9,LAVORI DI MANUTENZIONE STRADALE,219132.86,2026-09-28,2026-10-09,ANAC cig,1,BD245DF244,013042,codice ISTAT
Como,CANZO,AMMINISTRAZIONE COMUNALE DI CANZO,00499820132,U.T.C. - CANZO N. 17 del 28/09/2026,INTERVENTO DI MANUTENZIONE STRAORDINARIA DELLE PAVIMENTAZIONI ESISTENTI SULLA STRADA AGRO-SILVO-PASTORALE DI VIA PER LE ALPI,Negoziata (invito),LAVORI,"Edilizia, lavori e manutenzioni",45233141-9,LAVORI DI MANUTENZIONE STRADALE,219132.86,2026-09-28,2026-10-09,ANAC cig,1,BD24517D35,013042,codice ISTAT
Como,COMO,"CAMERA DI COMMERCIO, INDUSTRIA, ARTIGIANATO E AGRICOLTURA DI COMO - LECCO",03788830135,G07423-3541ba29-b50e-4cc1-929a-3e75d024b230,"PROCEDURA NEGOZIATA, PREVIA INDAGINE DI MERCATO, VOLTA ALL'AFFIDAMENTO, AI SENSI DELL'ART. 50, COMMA 1, LETT. C), DEL D.LGS. 36/2023, DEI LAVORI DI RIQUALIFICAZIONE IMPIANTI FLUIDOMECCANICI PRESSO IL LABORATORIO TESSILE DELLA CAMERA DI COMMERCIO DI COMO-LECCO SITA IN COMO, VIA CASTELNUOVO, 3.",Negoziata (bando),LAVORI,"Edilizia, lavori e manutenzioni",45454000-4,LAVORI DI RISTRUTTURAZIONE,323218.29,2026-09-23,2026-10-09,ANAC pubblicazioni,1,BD1237D09C,013075,codice ISTAT
Como,COMO,COMUNE DI COMO,80005370137,Giochi2026_comunedicomo,GARA EUROPEA A PROCEDURA APERTA PER L'APPALTO DI FORNITURA E POSA DI PLAYGROUND PRESSO GIARDINI A LAGO DEL COMUNE DI COMO,Aperta,FORNITURE,Forniture di beni,37400000-2,ARTICOLI ED ATTREZZATURE SPORTIVE,500000.0,2026-08-07,2026-10-12,ANAC cig,1,BCA6B4C49C,013075,codice ISTAT
Como,ALBAVILLA,COMUNE DI ALBAVILLA,00688320134,P7_2_20260928 rev 03,ROGGIA MOLINARA DALLO SCOLMATORE DI VIA MERONI-CIVATI AL CONFINE CON IL COMUNE DI ORSENIGO – INTERVENTO DI MESSA IN SICUREZZA – CUP E18H24001320006 - LOTTO 1,Negoziata (invito),LAVORI,"Edilizia, lavori e manutenzioni",45240000-1,LAVORI DI COSTRUZIONE PER OPERE IDRAULICHE,346643.82,2026-09-28,2026-10-12,ANAC cig,1,BD221CDE1D,013003,codice ISTAT
Como,COMO,LERETI S.P.A.,07063880962,783762_tender_4961,FORNITURA RICAMBI SPECIALISTICI ORIGINALI PER RINNOVO E POTENZIAMENTO DEGLI IMPI,Negoziata (invito),FORNITURE,Forniture di beni,39340000-7,ATTREZZATURE PER RETE DI DISTRIBUZIONE GAS,425000.0,2026-09-17,2026-10-12,ANAC cig,1,BD051DA133,013075,codice ISTAT
Como,MENAGGIO,AUTORITA' DI BACINO DEL LARIO E DEI LAGHI MINORI,92045550131,G00329-6a0a8179-7ffe-48fb-beb7-8f85a2670f6e,LAVORI DI RIQUALIFICAZIONE MOLO DI RIVA GRANDE IN VARENNA,Negoziata (bando),LAVORI,"Edilizia, lavori e manutenzioni",45241000-8,LAVORI DI COSTRUZIONE DI PORTI,308016.2,2026-09-29,2026-10-14,ANAC pubblicazioni,1,BD21EB4FB5,097084,codice ISTAT
Como,CAVALLASCA,CONSORZIO PARCO SPINA VERDE,95054520135,MG_L2_2026,SISTEMAZIONE DEL DISSESTO IDROGEOLOGICO DEL TORRENTE SEGRADA E OPERE DI MITIGAZIONE DEL RISCHIO IDROGEOLOGICO DEL MONTE GOJ,Negoziata (invito),LAVORI,Verde e ambiente,77210000-5,SERVIZI DI LAVORAZIONE BOSCHIVA,305408.25,2026-09-30,2026-10-15,ANAC pubblicazioni,1,BD29A09695,013075,sigla provincia
Como,COMO,AZIENDA SOCIO SANITARIA TERRITORIALE (ASST) LARIANA,03622110132,0053032_2026_tav,TAVOLO ENDOSCPIA ERCP,Negoziata (bando),FORNITURE,Sanità e servizi alla persona,33110000-4,"IMMAGINOGRAFIA AD USO MEDICO, DENTISTICO E VETERINARIO",40000.0,2026-09-14,2026-10-15,ANAC cig,1,BCF510F7A7,013075,codice ISTAT
Como,COMO,AMMINISTRAZIONE PROVINCIALE DI COMO,80004650133,G01577-76e39912-fafc-45b4-be12-880d2c28f6d1,PROVINCIA DI COMO. PROCEDURA DI GARA APERTA PER L'AFFIDAMENTO DEI LAVORI RELATIVI A OPERE DI PROTEZIONE DI CIGLI STRADALI E OPERE D'ARTE STRADALI - ANNO 2024.,Aperta,LAVORI,"Edilizia, lavori e manutenzioni",45233141-9,LAVORI DI MANUTENZIONE STRADALE,470190.0,2026-09-14,2026-10-16,ANAC cig,1,BCF27D84B2,013075,codice ISTAT
Como,FENEGRO',COMUNE DI FENEGRO ,00602440133,G01569-05954e5b-d48a-4698-9f22-38d6401136cc,"SAP COMO - COMUNE DI FENEGRO'. PROCEDURA DI GARA APERTA AI SENSI DELL'ART. 71 DEL D.LGS. 36/2023 PER L'AFFIDAMENTO DEL SERVIZIO DI SMALTIMENTO DI RIFIUTI SOLIDI URBANI PER I COMUNI DI FENEGRO E CIRIMIDO, PER LA DURATA DI ANNI DUE EVENTUALMENTE RINNOVABILI PER UNA ULTERIORE ANNUALITA', SUDDIVISA IN 9 LOTTI DI GARA.",Aperta,SERVIZI,"Pulizie, sanificazione e rifiuti",90510000-5,TRATTAMENTO E SMALTIMENTO DEI RIFIUTI,604890.0,2026-09-14,2026-10-19,ANAC cig,9,BCF218A0C9 BCF218F4E8 BCF21905BB BCF218C26F BCF2189FF1 BCF2188F1E BCF218B19C BCF218E415 BCF218D342,013100,codice ISTAT
Como,VILLA GUARDIA,ISTITUTO COMPRENSIVO STATALE VILLA GUARDIA,80019100132,CONSIP_RDO_6602831,ASSICURAZIONE SCOLASTICA ALUNNI E PERSONALE TRIENNIO 2026-2029,Aperta,SERVIZI,"Servizi tecnici, IT e professionali",66510000-8,SERVIZI ASSICURATIVI,27000.0,2026-09-28,2026-10-20,ANAC cig,1,BD23CBE9B4,013245,codice ISTAT
Como,BINAGO,COMUNE DI BINAGO,00490260130,G01588-ff10b30f-814e-444b-b205-abcdd4620312,"SAP COMO - COMUNE DI BINAGO: PROCEDURA DI GARA APERTA PER L'AFFIDAMENTO DEL SERVIZIO DI SMALTIMENTO DI RIFIUTI SOLIDI URBANI PER IL COMUNE DI BINAGO, PER LA DURATA DI ANNI DUE EVENTUALMENTE RINNOVABILI PER UN'ULTERIORE ANNUALITA, SUDDIVISA IN 8 LOTTI DI GARA",Aperta,SERVIZI,"Pulizie, sanificazione e rifiuti",90510000-5,TRATTAMENTO E SMALTIMENTO DEI RIFIUTI,463602.0,2026-09-21,2026-10-21,ANAC cig,8,BD0649ED92 BD064977CD BD06499973 BD0649BB19 BD0649CBEC BD0649DCBF BD064988A0 BD0649AA46,013023,codice ISTAT
Como,COMO,FONDAZIONE CA D INDUSTRIA - ORGANIZZAZIONE NON LUCRATIVA DI UTIL ITA SOCIALE (ONLUS),80004470136,G01548-d9496935-81d5-4276-b3c7-3b0393620585,"SAP COMO FONDAZIONE CA D'INDUSTRIA ETS. PROCEDURA APERTA PER L' AFFIDAMENTO DELLA FORNITURA DI GENERI ALIMENTARI VARI (CONSERVE, DOLCIUMI, SCATOLAME E SURGELATI). ",Aperta,FORNITURE,Forniture di beni,15890000-3,PRODOTTI ALIMENTARI E PRODOTTI SECCHI VARI,875450.0,2026-09-18,2026-10-23,ANAC cig,1,BD037CC0F1,013075,codice ISTAT
Como,COMO,PREFETTURA DI COMO,80020320133,G01592-e110f8ed-dada-43c6-9465-294312012279,"SAP COMO PREFETTURA - UFFICIO TERRITORIALE DEL GOVERNO DI COMO. PROCEDURA APERTA PER L'AFFIDAMENTO DEI SERVIZI DI GESTIONE E FUNZIONAMENTO DI CENTRI PROVVISORI DI CUI ALL'ART. 11, COMMA 2BIS DEL D.LGS. 18/08/2015 N.142 NEL TERRITORIO DELLA PROVINCIA DI COMO PER UN FABBISOGNO DI MAX 75 POSTI PER LA DURATA CONTRATTUALE DI ANNI DUE.",Aperta,SERVIZI,Sanità e servizi alla persona,85311000-2,SERVIZI DI ASSISTENZA SOCIALE CON ALLOGGIO,7414245.0,2026-09-21,2026-10-26,ANAC cig,1,BD0750AAD3,013075,codice ISTAT
Como,COMO,COMO ACQUA S.R.L.,03522110133,tender://comoacqua/id/3480,"FORNITURA DI CARBONE ATTIVO GRANULARE (CAG) PER GLI IMPIANTI DI POTABILIZZAZIONE, COMPRENSIVA DI TRASPORTO, MOVIMENTAZIONE, RIGENERAZIONE E SMALTIMENTO NEI COMUNI DELL'ATO GESTITI DA COMO ACQUA S.R.L.",Aperta,FORNITURE,Forniture di beni,24954100-7,CARBONE ATTIVATO NUOVO,3000000.0,2026-09-28,2026-10-26,ANAC cig,1,BD1D50E8E7,013075,codice ISTAT
Como,OLGIATE COMASCO,ISTITUTO SUPERIORE G. TERRAGNI DI OLGIATE COMASCO,95121970131,G01602-e43d3f4a-24ca-4b3a-b7ba-ded42194c7fc,"SAP COMO - ISTITUTO SUPERIORE STATALE G. TERRAGNI: PROCEDURA APERTA PER L'AFFIDAMENTO IN CONCESSIONE DEL SERVIZIO BAR INTERNO, PER LA DURATA DI 6 ANNI. ",Aperta,SERVIZI,Sanità e servizi alla persona,55511000-5,SERVIZI DI MENSA ED ALTRI SERVIZI DI CAFFETTERIA PER CLIENTELA RISTRETTA,690000.0,2026-09-25,2026-10-29,ANAC cig,1,BD1905745B,013165,codice ISTAT
Como,COMO,AZIENDA SOCIO SANITARIA TERRITORIALE (ASST) LARIANA,03622110132,dm_termoablazione,DISPOSITIVI MEDICI PER TERMOABLAZIONE IN CONTO DEPOSITO E RELATIVE APPARECCHIATURE IN COMODATO D'USO GRATUITO - 2 LOTTI,Negoziata (invito),FORNITURE,Sanità e servizi alla persona,33190000-8,DISPOSITIVI E PRODOTTI MEDICI VARI,96420.0,2026-09-17,2026-10-30,ANAC cig,2,BD01601DE5 BD01602EB8,013075,codice ISTAT
Como,FENEGRO',COMUNE DI FENEGRO ,00602440133,G01607-3e91dda2-4c55-4787-83ac-e7c0231bbaf1,"SAP COMO - COMUNE DI FENEGRO. PROCEDURA DI GARA APERTA AI SENSI DELL'ART. 71 DEL D.LGS. 36/2023 PER L'AFFIDAMENTO DEI SERVIZI DI RACCOLTA E TRASPORTO DI RI-FIUTI URBANI, PULIZIA STRADE COMUNALI E GESTIONE DEL CENTRO DI RACCOLTA PER I COMUNI DI FENEGRO' E CIRIMIDO PER UN PERIODO DI ANNI CINQUE.",Aperta,SERVIZI,"Pulizie, sanificazione e rifiuti",90511000-2,SERVIZI DI RACCOLTA DI RIFIUTI,3666017.66,2026-09-29,2026-11-02,ANAC cig,1,BD217D10DA,013100,codice ISTAT
Cremona,CREMONA,PROVINCIA DI CREMONA,80002130195,AREST_SP_234,S.P. EX S.S. N. 234 CODOGNESE - POTENZIAMENTO DELL'ASSE STRADALE DA CREMONA AD ACQUANEGRA CREMONESE A SUPPORTO DEI COMPARTI PRODUTTIVI A ESSO AFFIANCATI,Aperta,LAVORI,"Edilizia, lavori e manutenzioni",45233140-2,LAVORI STRADALI,1935000.0,2026-08-13,2026-10-06,ANAC cig,1,BCB3170760,019036,codice ISTAT
Cremona,CREMONA,PADANIA ACQUE SPA,00111860193,tender://padania_acque/id/679,"L'APPALTO HA PER OGGETTO L'ORGANIZZAZIONE E LA GESTIONE DEL SERVIZIO DI MENSA AZIENDALE DIFFUSA RESO A FAVORE DEI DIPENDENTI DI PADANIA ACQUE S.P.A., GESTITA CON SISTEMA COMPLETAMENTE AUTOMATIZZATO, BASATO SU CARD ELETTRONICHE PERSONALI, DA UTILIZZARE PRESSO UNA RETE DI ESERCIZI CONVENZIONATI, UBICATI NELLE ZONE DEL TERRITORIO PROVINCIALE DI CREMONA COSÌ COME INDIVIDUATE NELL'ALLEGATO N. 1 – ELABORATO PLANIMETRICO, CON I QUALI L'APPALTATORE HA STIPULATO APPOSITE CONVENZIONI",Aperta,SERVIZI,Sanità e servizi alla persona,55510000-8,SERVIZI DI MENSA,2862000.0,2026-08-27,2026-10-06,ANAC cig,1,BCC8C3947A,019036,codice ISTAT
Cremona,GRONTARDO,COMUNE DI GRONTARDO,00302910195,CUCBS2026_143,LAVORI DI EFFICIENTAMENTO ENERGETICO SCUOLA SECONDARIA D I GRADO DI LEVATA DI GRONTARDO (CR),Negoziata (invito),LAVORI,Impianti ed energia,45320000-6,LAVORI DI ISOLAMENTO,855194.12,2026-08-25,2026-10-07,ANAC cig,1,BCC33DFB81,019050,codice ISTAT
Cremona,RICENGO,COMUNE DI RICENGO,00301430195,001 - CIMITERI,"APPALTO, IN CONCESSIONE, DELLA GESTIONE E MANUTENZIONE IMPIANTI ILLUMINAZIONE VOTIVA DEI CIMITERI COMUNALI DI RICENGO ANNUALITA' 2027/2031",Negoziata (invito),SERVIZI,Sanità e servizi alla persona,98371110-8,SERVIZI CIMITERIALI,27870.0,2026-09-24,2026-10-08,ANAC pubblicazioni,1,BD12D571D4,019079,codice ISTAT
Cremona,CREMONA,"CONSORZIO DI BONIFICA DUGALI, NAVIGLIO, ADDA SERIO",80001990193,0864-459,"OPERE DI PRONTO INTERVENTO OTTOBRE 2024. RIPRISTINI SPONDALI ED ARGINALI, ALVEO RETICOLO CONSORTILE, MANUFATTI IDRAULICI E RIPRISTINO PONTE CANALE. CUP B28H24014490009",Negoziata (invito),LAVORI,"Edilizia, lavori e manutenzioni",45246200-5,LAVORI DI PROTEZIONE DELLE SPONDE,466625.6,2026-09-29,2026-10-12,ANAC pubblicazioni,1,BD241423AC,019036,codice ISTAT
Cremona,CREMONA,PADANIA ACQUE SPA,00111860193,tender://padania_acque/id/667,SERVIZI ASSICURATIVI DI PADANIA ACQUE S.P.A.,Aperta,SERVIZI,"Servizi tecnici, IT e professionali",66515200-5,SERVIZI DI ASSICURAZIONE DI PROPRIETÀ,4385150.0,2026-08-21,2026-10-15,ANAC cig,10,BCBDACC9E0 BCBDAC4348 BCBDAC64EE BCBDAC8694 BCBDAC541B BCBDACA83A BCBDACDAB3 BCBDAC9767 BCBDACB90D BCBDAC75C1,019036,codice ISTAT
Cremona,CORTE DE' FRATI,UNIONE LOMBARDA DEI COMUNI OGLIO CIRIA,93040820198,Servizio di tesoreria 2027-2031,AFFIDAMENTO SERVIZIO DI TESORERIA ANNI 2027-2031,Negoziata (invito),SERVIZI,"Servizi tecnici, IT e professionali",66600000-6,SERVIZI DI TESORERIA,11025.0,2026-09-30,2026-10-19,ANAC pubblicazioni,1,BD268584E2,019033,codice ISTAT
Cremona,CREMONA,PREFETTURA DI CREMONA,80007700190,CONSIP_GARE_6552000,"PROCEDURA APERTA PER LA CONCLUSIONE DI UN ACCORDO QUADRO TRIENNALE PER L'AFFIDAMENTO DEI SERVIZI DI GESTIONE DI CENTRI DI ACCOGLIENZA COLLETTIVI CON CAPIENZA TRA 101E 300 POSTI, CENTRI MESSI A DISPOSIZIONE DAGLI OPERATORI ECONOMICI NEL TERRITORIO CREMONESE",Aperta,SERVIZI,Sanità e servizi alla persona,85311000-2,SERVIZI DI ASSISTENZA SOCIALE CON ALLOGGIO,10935765.0,2026-09-08,2026-10-20,ANAC cig,1,BCDEECE0BB,019036,codice ISTAT
Cremona,CREMONA,PREFETTURA DI CREMONA,80007700190,CONSIP_GARE_6551721,PROCEDURA APERTA PER LA CONCLUSIONE DI UN ACCORDO QUADRO PER L'AFFIDAMENTO DEI SERVIZI DI GESTIONE DI CENTRI DI ACCOGLIENZA MIGRANTI COSTITUITI DA SINGOLE UNITÀ ABITATIVE NEL TERRITORIO PROVINCIALE CREMONESE,Aperta,SERVIZI,Sanità e servizi alla persona,85311000-2,SERVIZI DI ASSISTENZA SOCIALE CON ALLOGGIO,25793820.0,2026-09-08,2026-10-20,ANAC cig,1,BCDEF463C1,019036,codice ISTAT
Cremona,CREMONA,PREFETTURA DI CREMONA,80007700190,CONSIP_GARE_6552632,PROCEDURA APERTA PER LA CONCLUSIONE DI UN ACCORDO QUADRO PER L'AFFIDAMENTO DEI SERVIZI DI GESTIONE DI CENTRI COLLETTIVI DI ACCOGLIENZA MIGRANTI CON CAPIENZA FINO A 50 POSTI NEL TERRITORIO PROVINCIALE CREMONESE,Aperta,SERVIZI,Sanità e servizi alla persona,85311000-2,SERVIZI DI ASSISTENZA SOCIALE CON ALLOGGIO,4593525.0,2026-09-08,2026-10-20,ANAC cig,1,BCDE73C171,019036,codice ISTAT
Cremona,CREMONA,PREFETTURA DI CREMONA,80007700190,CONSIP_GARE_6542674,PROCEDURA APERTA PER LA CONCLUSIONE DI UN ACCORDO QUADRO PER L'AFFIDAMENTO DEI SERVIZI DI GESTIONE DI CENTRI COLLETTIVI DI ACCOGLIENZA MIGRANTI CON CAPIENZA TRA 51 E 100 POSTI NEL TERRITORIO PROVINCIALE CREMONESE,Aperta,SERVIZI,Sanità e servizi alla persona,85311000-2,SERVIZI DI ASSISTENZA SOCIALE CON ALLOGGIO,4185090.0,2026-09-08,2026-10-20,ANAC cig,1,BCDEFBB44E,019036,codice ISTAT
Lecco,VALMADRERA,SILEA S.P.A. SOCIETA' INTERCOMUNALE LECCHESE PER,83004000135,tender://sileaspa/id/4607,"AFFIDAMENTO DEL SERVIZIO DI MANUTENZIONE PROGRAMMATA SU GUASTO, MIGLIORATIVA ED IN EMERGENZA PER INTERVENTI DI RIMOZIONE DEPOSITI CON UTILIZZO DI MICRO CARICHE E/O SABBIATURE E/O A MEZZO LAVAGGIO IDRODINAMICO LATO FUMI E LATO RAFFREDDAMENTO CONDENSATORE VAPORE DEL TERMOVALORIZZATORE.",Aperta,SERVIZI,Impianti ed energia,50720000-8,SERVIZI DI RIPARAZIONE E MANUTENZIONE DI RISCALDAMENTI CENTRALI,715500.0,2026-08-13,2026-10-06,ANAC cig,1,BCB3276F93,097083,codice ISTAT
Lecco,COLLE BRIANZA,COMUNE DI COLLE BRIANZA,83007970136,135.2026SUA,REALIZZAZIONE NUOVO TRATTO DI MARCIAPIEDE DAL CONFINE DEL PIANO ATTUATIVO VIA LECCO SP 58 SINO AL MARCIAPIEDE DEL PARCHEGGIO DI RAVELLINO,Negoziata (invito),LAVORI,"Edilizia, lavori e manutenzioni",45233161-5,LAVORI DI COSTRUZIONE DI MARCIAPIEDI,205187.75,2026-09-23,2026-10-06,ANAC cig,1,BD16BC45C3,097024,codice ISTAT
Lecco,LECCO,LARIO RETI HOLDING S.P.A. IN ACRONIMO LRH S.P.A.,03119540130,cf1a04bc-51a4-426a-ae95-06a6d983e80d@1786-G-1075,"PROCEDURA NEGOZIATA PER LA FORNITURA, ASSISTENZA AL MONTAGGIO ED ALL'AVVIAMENTO DI MEMBRANE DI ULTRAFILTRAZIONE IN SOSTITUZIONE DELLE ESISTENTI C/O L'IMPIANTO DI DEPURAZIONE BELLANO",Negoziata (bando),FORNITURE,Forniture di beni,42996000-4,MACCHINE PER IL TRATTAMENTO DELLE ACQUE RESIDUE,419000.0,2026-09-07,2026-10-08,ANAC cig,1,BCE3B24F48,097008,codice ISTAT
Lecco,MERATE,COMUNE DI MERATE,00703920132,00703920132_LA_2025_09,REALIZZAZIONE IMPIANTO FOTOVOLTAICO PALESTRA COMUNALE DI VIA MANZONI,Negoziata (invito),LAVORI,Impianti ed energia,45317000-2,ALTRI LAVORI DI INSTALLAZIONE ELETTRICA,190289.2,2026-09-24,2026-10-08,ANAC pubblicazioni,1,BD1447BA75,097048,codice ISTAT
Lecco,VALMADRERA,SILEA S.P.A. SOCIETA' INTERCOMUNALE LECCHESE PER,83004000135,tender://sileaspa/id/4634,SERVIZIO DI TRATTAMENTO/SMALTIMENTO DEI RIFIUTI VEGETALI (EER 20 02 01),Aperta,SERVIZI,"Pulizie, sanificazione e rifiuti",90513000-6,SERVIZI DI TRATTAMENTO E SMALTIMENTO DI RIFIUTI URBANI E DOMESTICI NON PERICOLOSI,1462000.0,2026-09-14,2026-10-12,ANAC cig,1,BCF0F5E1D5,097083,codice ISTAT
Lecco,PRIMALUNA,COMUNE DI PRIMALUNA,00617330139,P7_2_ASFALTI2026,LAVORI DI MANUTENZIONE STRAORDINARIA E RIPRISTINO DEL MANTO BITUMINOSO SULLE VIE COMUNALI DEL TERRITORIO DEL COMUNE DI PRIMALUNA – CUP: E27H26000470004,Negoziata (invito),LAVORI,"Edilizia, lavori e manutenzioni",45233141-9,LAVORI DI MANUTENZIONE STRADALE,300000.0,2026-09-24,2026-10-12,ANAC cig,1,BD1B7AA7E7,097070,codice ISTAT
Lecco,LECCO,PROVINCIA DI LECCO,92013170136,GARA 132/2026,AFFIDAMENTO DEL SERVIZIO DI COPERTURA ASSICURATIVA TUTELA LEGALE E RC PATRIMONIALE PER LA PROVINCIA DI LECCO PERIODO DALLE ORE 24:00 DEL 31.12.2026 ALLE ORE 24:00 DEL 31.12.2029,Aperta,SERVIZI,"Servizi tecnici, IT e professionali",66510000-8,SERVIZI ASSICURATIVI,370500.0002,2026-09-10,2026-10-13,ANAC cig,2,BCEAB67378 BCEAB6844B,097042,codice ISTAT
Lecco,LECCO,LARIO RETI HOLDING S.P.A. IN ACRONIMO LRH S.P.A.,03119540130,13797843-72b6-43f6-a67e-b4c9ad3e6577@1786-G-1148,"AVVISO PUBBLICO PER MANIFESTAZIONE D'INTERESSE ALLA SUCCESSIVA FASE DI INVITO ALLA PROCEDURA NEGOZIATA PER IL SERVIZIO DI RACCOLTA, TRASPORTO E SMALTIMENTO/RECUPERO DI RIFIUTI DELL'ELIMINAZIONE DELLA SABBIA [EER 19 08 02 - SABBIE] PRODOTTI DAGLI IMPIANTI DI DEPURAZIONE DELLE ACQUE REFLUE URBANE GESTITI DA LARIO RETI HOLDING SPA – 2 LOTTI",Negoziata (bando),SERVIZI,"Pulizie, sanificazione e rifiuti",90510000-5,TRATTAMENTO E SMALTIMENTO DEI RIFIUTI,268708.0,2026-09-30,2026-10-13,ANAC pubblicazioni,2,BD25F0965E BD25F0858B,097042,codice ISTAT
Lecco,PASTURO,COMUNE DI PASTURO,83006950139,vasp tevena,VASP TEVENA,Negoziata (invito),LAVORI,"Edilizia, lavori e manutenzioni",45233123-7,LAVORI DI COSTRUZIONE DI STRADE SECONDARIE,180000.0,2026-09-18,2026-10-13,ANAC cig,1,BD0561C4B1,097065,codice ISTAT
Lecco,VALMADRERA,COMUNE DI VALMADRERA,00609660139,GARA 131/2026,SUA.LECCO COMUNE DI VALMADRERA. AFFIDAMENTO SERVIZI ASSICURATIVI PER RISCHI DIVERSI (8 LOTTI) PERIODO DALLE ORE 24:00 DEL 31.12.2026 ALLE ORE 24:00 DEL 31.12.2030,Aperta,SERVIZI,"Servizi tecnici, IT e professionali",66510000-8,SERVIZI ASSICURATIVI,655080.0008,2026-09-09,2026-10-14,ANAC cig,8,BCE49695D8 BCE496C851 BCE496635F BCE4967432 BCE496A6AB BCE496B77E BCE4968505 BCE496D924,097083,codice ISTAT
Lecco,LECCO,AZIENDA SOCIO SANITARIA TERRITORIALE (ASST) DI LECCO,03622120131,715_vsg_pa_2026_604,"PROCEDURA APERTA, AI SENSI DELL'ART. 71 DEL D.LGS. 31 MARZO 2023, N. 36 E S.M.I., PER L'AFFIDAMENTO DELLA FORNITURA DI N. 3 IMPIANTI DI BIOSMOSI E SERVIZI CONNESSI COMPRENSIVA DI GARANZIA DI TIPO FULL RISK OMNICOMPRENSIVO DI ALMENO 24 MESI, DA DESTINARE RISPETTAVAMENTE AL CAL DIALISI DEL P.O. DI BELLANO, AL CAD DEL P.O. DI MERATE E AL CAL DIALISI -POLIAMBULATORIO DI OGGIONO",Aperta,FORNITURE,Sanità e servizi alla persona,33181000-2,APPARECCHI PER EMODIALISI,677100.0001,2026-08-25,2026-10-16,ANAC cig,1,BCC2839EAD,097042,codice ISTAT
Lecco,LECCO,AZIENDA SOCIO SANITARIA TERRITORIALE (ASST) DI LECCO,03622120131,142-2026SUA.LECCO,SUA.LECCO. ASST LECCO. LAVORI DI INSTALLAZIONE DI UN SISTEMA VOCALE PER SCOPI DI EMERGENZA PRESSO IL P.O. DI LECCO,Negoziata (invito),LAVORI,Impianti ed energia,45312100-8,LAVORI DI INSTALLAZIONE DI SISTEMI D'ALLARME ANTINCENDIO,1251014.11,2026-09-28,2026-10-16,ANAC cig,1,BD245A2FE9,097042,codice ISTAT
Lecco,LECCO,AZIENDA SOCIO SANITARIA TERRITORIALE (ASST) DI LECCO,03622120131,715_vsg_pa_2026_473,"PROCEDURA APERTA, DA ESPERIRSI AI SENSI DELL'ART. 71 DEL D.LGS. 31 MARZO 2023, N. 36 E S.M.I., PER L'AGGIUDICAZIONE DELLE FORNITURE NECESSARIE ALLA REALIZZAZIONE DI UNA SALA IBRIDA MULTIMODALE (ANGIOGRAFO-TC) - COMPRESE OPERE EDILI ED IMPIANTISTICHE - PRESSO I BLOCCHI OPERATORI DEL P.O. DI LECCO",Aperta,FORNITURE,Sanità e servizi alla persona,33162000-3,APPARECCHI E STRUMENTI PER SALA OPERATORIA,4662000.0,2026-08-11,2026-10-26,ANAC cig,1,BCAE73DC33,097042,codice ISTAT
Lecco,LECCO,AZIENDA SOCIO SANITARIA TERRITORIALE (ASST) DI LECCO,03622120131,715_vsg_pa_2026_645,"FORNITURA DI UNA PIATTAFORMA DI NAVIGAZIONE ROBOTIZZATA PER CHIRURGIA DI GINOCCHIO DA DESTINARE ALLA S.C. ORTOPEDIA E TRAUMATOLOGIA MERATE DEL PRESIDIO OSPEDALIERO SAN LEOPOLDO MANDIC, COMPRENSIVA DEL MATERIALE DI CONSUMO PER UN PERIODO DI 60 MESI.",Aperta,FORNITURE,Sanità e servizi alla persona,33190000-8,DISPOSITIVI E PRODOTTI MEDICI VARI,3622500.0,2026-09-24,2026-10-30,ANAC cig,1,BD1290D7B9,097048,codice ISTAT
Lecco,VALMADRERA,SILEA S.P.A. SOCIETA' INTERCOMUNALE LECCHESE PER,83004000135,tender://sileaspa/id/4705,"AFFIDAMENTO DEL SERVIZIO DI TRATTAMENTO FINALIZZATO AL RECUPERO PRESSO IMPIANTI AUTORIZZATI DEI RIFIUTI IDENTIFICATI CON IL CODICE EER 17.09.04 RIFIUTI MISTI DELL'ATTIVITÀ DI COSTRUZIONE E DEMOLIZIONE DIVERSI DA QUELLI DI CUI ALLE VOCI 17.09.01*,17.09.02*,17.09.03*",Aperta,SERVIZI,"Pulizie, sanificazione e rifiuti",90510000-5,TRATTAMENTO E SMALTIMENTO DEI RIFIUTI,624000.0,2026-09-30,2026-11-15,ANAC cig,1,BD24062AD0,097083,codice ISTAT
Lodi,LODI,AZIENDA SOCIO SANITARIA TERRITORIALE DI LODI,09322180960,09322180960_331.2026,"GARA D'APPALTO A PROCEDURA APERTA, ATTRAVERSO IL SISTEMA INFORMATICO DI NEGOZIAZIONE SINTEL AI SENSI DEGLI ARTT. 14 E 71 DEL D. LGS. N. 36/2023 SS.MM.II, PER LA FORNITURA DI UN SISTEMA COMPLETO PER L'ESECUZIONE E LA GESTIONE DI CONTROLLI DI QUALITA' INTERNI (CQI) PER TEST DI SIEROLOGIA INFETTIVOLOGICA E DI BIOCHIMICA CLINICA DA DESTINARE ALL' ASST DI LODI – ATTI 1.6.3/331.2026",Aperta,FORNITURE,Sanità e servizi alla persona,33696500-0,REATTIVI PER LABORATORIO,7560000.0,2026-09-04,2026-10-08,ANAC cig,2,BCD935CA2D BCD935DB00,098031,codice ISTAT
Lodi,LODI,PROVINCIA DI LODI,92514470159,ROT SP 26_SS9_B,LAVORI DI REALIZZAZIONE DI UNA ROTATORIA TRA LA SP. 26 E LA SS 9 VIA EMILIA,Negoziata (invito),LAVORI,"Edilizia, lavori e manutenzioni",45233128-2,LAVORI DI COSTRUZIONE DI ROTATORIE,659000.0,2026-09-21,2026-10-12,ANAC cig,1,BD0C5B5C91,098048,codice ISTAT
Lodi,LODI,PROVINCIA DI LODI,92514470159,PISTA SP 123,LAVORI DI COLLEGAMENTO CICLOPEDONALE VALERA FRATTA – MARUDO LUNGO LA S.P. 123 ,Negoziata (invito),LAVORI,"Edilizia, lavori e manutenzioni",45233162-2,LAVORI DI COSTRUZIONE DI PISTE CICLABILI,582530.52,2026-09-18,2026-10-12,ANAC cig,1,BD05856B10,098059,codice ISTAT
Lodi,CODOGNO,AZIENDA SERVIZI MUNICIPALIZZATI S.R.L.,10565220158,20a7e24a-322f-4ced-8854-df493fc39a6f@7-G-957,SERVIZIO DI SMALTIMENTO RIFIUTI PROVENIENTI DALLA RACCOLTA DIFFERENZIATA NEL COMUNE DI CODOGNO (LO) - PERIODO DAL 01.01.2027 AL 31.12.2029,Negoziata (invito),SERVIZI,"Pulizie, sanificazione e rifiuti",90513000-6,SERVIZI DI TRATTAMENTO E SMALTIMENTO DI RIFIUTI URBANI E DOMESTICI NON PERICOLOSI,770000.0,2026-09-29,2026-10-12,ANAC cig,1,BD2953F2DC,098019,codice ISTAT
Lodi,LODI,AZIENDA SOCIO SANITARIA TERRITORIALE DI LODI,09322180960,MR_2026/08_lavori CRA e CDA Casalpusterlengo,REALIZZAZIONE DI UNA COMUNITÀ RIABILITATIVA AD ALTA ASSISTENZA (CRA) E DI UN CENTRO DIURNO PER IL TRATTAMENTO DEI DISTURBI E DELLA CONDOTTA ALIMENTARE PRESSO IL COMPLESSO IMMOBILIARE UBICATO IN CASALPUSTERLENGO E DENOMINATO CIVICO OSPEDALE ENZO E ROSY ROSSI,Negoziata (invito),LAVORI,"Edilizia, lavori e manutenzioni",45454000-4,LAVORI DI RISTRUTTURAZIONE,3828907.14,2026-08-26,2026-10-15,ANAC cig,1,BCC91BAF35,098010,codice ISTAT
Lodi,LODI,AZIENDA SOCIO SANITARIA TERRITORIALE DI LODI,09322180960,09322180960_321.2026,FORNITURA MATERIALE PER ODONTOIATRIA,Negoziata (invito),FORNITURE,Sanità e servizi alla persona,33190000-8,DISPOSITIVI E PRODOTTI MEDICI VARI,125763.16,2026-09-22,2026-10-19,ANAC cig,46,BD114EA9AE BD114E7735 BD114F1F73 BD114F52C4 BD114E2316 BD114E98DB BD114D692D BD114E1243 BD114F9610 BD114E44BC BD114F6397 BD114E6662 BD114DDEF2 BD114D8AD3 BD114D9BA6 BD114E33E9 BD114F311E BD114DAC79 BD114D7A00 BD114EBA81 BD114F41F1 BD114EECFA BD114CE295 BD114FB7B6 BD114D043B BD114F0EA0 BD114DCE1F BD114E558F BD114ECB54 BD114DF09D BD114F853D BD114FA6E3 BD114D25E1 BD114DEFC5 BD114EDC27 BD114D4787 BD114DBD4C BD114E8808 BD114D150E BD114F746A BD114D585A BD114CF368 BD114F204B BD114E0170 BD114D36B4 BD114EFDCD,098031,codice ISTAT
Lodi,LODI,CONSORZIO BONIFICA MUZZA BASSA LODIGIANA,90502340152,90502340152-280,ADEGUAMENTO DELLA SICUREZZA IDRAULICA DEL COLATORE ADDETTA IN PROSSIMITÀ DELLA LEVATA MAROCCO IN COMUNE DI MEDIGLIA (MI),Negoziata (invito),LAVORI,"Edilizia, lavori e manutenzioni",45246000-3,LAVORI DI REGOLAZIONE DI CORSI D'ACQUA E DI CONTROLLO DELLE PIENE,309798.35,2026-09-30,2026-10-20,ANAC pubblicazioni,1,BD29407164,015139,codice ISTAT
Mantova,SERMIDE,COMUNE DI SERMIDE E FELONICA,00309830206,CUC-2026-11,PROCEDURA APERTA SOPRA SOGLIA PER L'AFFIDAMENTO DEL SERVIZIO DI TRASPORTO SCOLASTICO PER IL COMUNE DI SERMIDE E FELONICA (MN) ,Aperta,SERVIZI,Trasporti e altri servizi,60112000-6,SERVIZI DI TRASPORTO PUBBLICO TERRESTRE,1200210.0,2026-09-04,2026-10-12,ANAC cig,1,BCDAF8EEA7,020061,sigla provincia
Mantova,MANTOVA,APAM ESERCIZIO SPA,02004750200,tender://apamesercizio/id/4688,FORNITURA DI GAS REFRIGERANTE PER IMPIANTI DI ARIA CONDIZIONATA DEGLI AUTOBUS,Negoziata (bando),FORNITURE,Forniture di beni,24110000-8,GAS INDUSTRIALI,130000.0,2026-09-24,2026-10-14,ANAC cig,1,BD1687F30D,020030,codice ISTAT
Mantova,MANTOVA,APAM ESERCIZIO SPA,02004750200,CONSIP_RDO_6269944,APPALTO SPECIFICO INDETTO DA APAM ESERCIZIO SPA PER L'AFFIDAMENTO DEL SERVIZIO SOSTITUTIVO DI MENSA MEDIANTE BUONI PASTO ELETTRONICI NELL'AMBITO DEL SISTEMA DINAMICO DI ACQUISIZIONE (SDA) DELLA PUBBLICA AMMINISTRAZIONE PER ALIMENTI E RISTORAZIONE - PERIODO 2026-2028,Ristretta,SERVIZI,Forniture di beni,30199770-8,BUONI PASTO,2232000.0,2026-09-25,2026-10-15,ANAC cig,1,BD1DB10E18,020030,codice ISTAT
Mantova,MANTOVA,AZIENDA SOCIO SANITARIA TERRITORIALE DI MANTOVA,02481840201,P 2026/TER_77,FORNITURA DI CARRELLI SERVOSCALA DI VARIE TIPOLOGIE PER PAZIENTI ASSISITITI NELL'AMBITO DELL'ASSISTENZA PROTESICA DOMICILIARE ,Negoziata (invito),FORNITURE,Sanità e servizi alla persona,33196200-2,AUSILI PER DISABILI,190000.0,2026-09-07,2026-10-19,ANAC cig,1,BCDE2BCAC5,020030,codice ISTAT
Mantova,MANTOVA,AZIENDA SOCIO SANITARIA TERRITORIALE DI MANTOVA,02481840201,7_2026_APP. EXTRA VMD,"SERVIZIO DI NOLEGGIO FULL-SERVICE DI APPARECCHIATURE ELETTROMEDICALI, COMPRENSIVO DELLA FORNITURA DI ACCESSORI, MATERIALE DI CONSUMO E SERVIZI CONNESSI, DESTINATO AI PAZIENTI DOMICILIARI VENTILATI E NON, OCCORRENTE AI SERVIZI UNIFICATI DI PROTESICA E INTEGRATIVA DELL'ASST DI MANTOVA E DELL'ASST PAPA GIOVANNI XXIII DI BERGAMO",Aperta,FORNITURE,Sanità e servizi alla persona,33157000-5,APPARECCHI PER OSSIGENOTERAPIA E APPARECCHI RESPIRATORI,27504613.2,2026-09-17,2026-10-20,ANAC cig,10,BCFE70F058 BCFE709B61 BCFE70AC34 BCFE70CDDA BCFE70EF80 BCFE71012B BCFE70BD07 BCFE7111FE BCFE70DEAD BCFE708A8E,020030,codice ISTAT
Mantova,OSTIGLIA,COMUNE DI OSTIGLIA,00199290206,CUC-2026-12_rev,"PROCEDURA APERTA, MULTILOTTO E MULTICRITERIO, SOPRA SOGLIA DI RILEVANZA EUROPEA PER L'AFFIDAMENTO DEI SERVIZI ASSICURATIVI PER IL COMUNE DI OSTIGLIA (MN)",Aperta,SERVIZI,"Servizi tecnici, IT e professionali",66510000-8,SERVIZI ASSICURATIVI,569000.0,2026-09-22,2026-10-28,ANAC cig,8,BD0CCF5831 BD0CCF9B7D BD0CCFAC50 BD0CCF6904 BD0CCFBD23 BD0CCF79D7 BD0CCFCDF6 BD0CCF8AAA,020038,codice ISTAT
Mantova,CASTIGLIONE DELLE STIVIERE,CITTA' DI CASTIGLIONE DELLE STIVIERE,00152550208,PL2026022,"AFFIDAMENTO IN CONCESSIONE BIENNALE RINNOVABILE DEL SERVIZIO DI RIMOZIONE, TRASPORTO, CUSTODIA E RESTITUZIONE DEI VEICOLI SUL TERRITORIO COMUNALE DI CASTIGLIONE DELLE STIVIERE ",Negoziata (invito),SERVIZI,"Edilizia, lavori e manutenzioni",50118100-6,SERVIZI DI SOCCORSO E RIMOZIONE DI VEICOLI,300.0,2026-09-23,2026-10-30,ANAC pubblicazioni,1,BD0E4A32B8,020017,codice ISTAT
Mantova,RONCOFERRARO,COMUNE DI RONCOFERRARO PROVINCIA DI MANTOVA,80001670209,CP.300926.1000,"AFFIDAMENTO DEL SERVIZIO DI GESTIONE, ACCERTAMENTO E RISCOSSIONE ORDINARIA E COATTIVA DEL CANONE UNICO PATRIMONIALE E MERCATALE E DEL SERVIZIO DELLE PUBBLICHE AFFISSIONI PER IL PERIODO DAL 01/01/2027 AL 31/12/2030 E DELLA RISCOSSIONE COATTIVA DELLE ENTRATE TRIBUTARIE, EXTRATRIBUTARIE E PATRIMONIALI DELL'ENTE PER IL PERIODO DAL 21/01/2027 AL 31/12/2030",Negoziata (invito),SERVIZI,"Servizi tecnici, IT e professionali",79940000-5,SERVIZI DI ORGANISMI DI RISCOSSIONE,132000.0,2026-09-30,2026-11-02,ANAC cig,1,BD2A071FF1,020052,codice ISTAT
Milano,MILANO,AZIENDA TRASPORTI MILANESI S.P.A.,97230720159,1a4bd53e-2e67-47d5-b6b3-87e9477a5f2b@1957-G-5131,REVISIONE DI SET PNEUMATICI TRENI MENEGHINO,Aperta,SERVIZI,"Edilizia, lavori e manutenzioni",50222000-7,SERVIZI DI MANUTENZIONE DI MATERIALE ROTABILE,1798000.0,2026-08-31,2026-10-06,ANAC cig,1,BCCD3C70F9,015146,codice ISTAT
Milano,PESCHIERA BORROMEO,COMUNE DI PESCHIERA BORROMEO,80101570150,80101570150_CASCINA LORINI 26,AFFIDAMENTO LAVORI DI MANUTENZIONE STRAORDINARIA RELATVI ALL'AREA EX CASCINA LORINI PER LA REALIZZAZIONE DI NUOVO POLO SOCIOCULTURALE,Negoziata (invito),LAVORI,"Edilizia, lavori e manutenzioni",45454000-4,LAVORI DI RISTRUTTURAZIONE,194000.0,2026-08-10,2026-10-06,ANAC cig,1,BCAE0EC5D1,015171,codice ISTAT
Milano,MILANO,COMUNE DI MILANO,01199250158,29_2026_BBSS,APPALTO 29/2026 - AFFIDAMENTO DEL SERVIZIO DI MANUTENZIONE SU VEICOLI DIVERSI E MACCHINE OPERATRICI DI PROPRIETÀ DEL COMUNE DI MILANO,Aperta,SERVIZI,"Edilizia, lavori e manutenzioni",50100000-6,"SERVIZI DI RIPARAZIONE, MANUTENZIONE E AFFINI DI VEICOLI E ATTREZZATURE CONNESSE",680000.0,2026-08-11,2026-10-06,ANAC cig,1,BCAD032832,015146,codice ISTAT
Milano,MILANO,AZIENDA SOCIO SANITARIA TERRITORIALE (ASST) GRANDE OSPEDALE METROPOLITANO NIGUARDA,09315660960,Niguarda_2026_NP_208,DISPOSITIVI DI ASPIRAZIONE-IRRIGAZIONE 5MM,Negoziata (invito),FORNITURE,Sanità e servizi alla persona,33190000-8,DISPOSITIVI E PRODOTTI MEDICI VARI,189000.0,2026-09-21,2026-10-06,ANAC cig,1,BD0A4443D1,015146,codice ISTAT
Milano,MILANO,AZIENDA TRASPORTI MILANESI S.P.A.,97230720159,9dfaa1ab-399a-4ee2-95fe-9b0ec216a0d7@1953-G-5360,B24 - MATERIALE ELETTRICO VARIO,Negoziata (invito),FORNITURE,Impianti ed energia,31640000-4,MACCHINE ED APPARECCHI AVENTI FUNZIONI SPECIFICHE,40000.0,2026-09-22,2026-10-06,ANAC cig,1,BD115C4D93,015146,codice ISTAT
Milano,MILANO,AZIENDA SOCIO SANITARIA TERRITORIALE (ASST) GRANDE OSPEDALE METROPOLITANO NIGUARDA,09315660960,Niguarda_2026_VA_61,"SERVIZIO DI CONTROLLO SUI FORNITORI, SUI LORO ESPONENTI E SULLA TITOLARITÀ EFFETTIVA",Negoziata (bando),SERVIZI,"Servizi tecnici, IT e professionali",48490000-9,PACCHETTI SOFTWARE PER APPALTI,85425.0,2026-09-10,2026-10-06,ANAC cig,1,BCEF207B8C,015146,codice ISTAT
Milano,LEGNANO,AZIENDA SOCIO-SANITARIA TERRITORIALE (ASST) OVEST MILANESE,09319650967,705-ACQ-2026-0940,"APPALTO SPECIFICO PER LA FORNITURA DEI PRINCIPI ATTIVI VARI, SUDDIVISI IN 4 LOTTI, SACCA NUTRIZIONE PARENTERALE, LONAFARNIB 50MG E 75MG, MICOFENOLATO MOFETILE 500MG E 250MG, BELANTAMAB MAFODOTIN 100MG E 70MG",Negoziata (invito),FORNITURE,Sanità e servizi alla persona,33690000-3,MEDICINALI VARI,1197551.75,2026-09-24,2026-10-06,ANAC cig,4,BD18028970 BD1802AB16 BD18029A43 BD1802BBE9,015118,codice ISTAT
Milano,SAN DONATO MILANESE,SNAM RETE GAS S.P.A.,10238291008,414070_tender_12054_1,MANUTENZIONE STANDARD - DIS. CENTRO OCC. E DIS. NORD ORI. - 3 LOTTI,Negoziata (bando),LAVORI,"Edilizia, lavori e manutenzioni",45231220-3,LAVORI DI COSTRUZIONE DI GASDOTTI,31694000.24,2026-09-11,2026-10-06,ANAC cig,3,BCDA536577 BCDA53871D BCDA53764A,051002,codice ISTAT
Milano,MILANO,AZIENDA TRASPORTI MILANESI S.P.A.,97230720159,c8a9e932-c94e-4325-a9e7-e3ce2ddf7411@1953-G-5284,U23 - FORNITURA DI ETICHETTE ADESIVE,Negoziata (invito),FORNITURE,Forniture di beni,30192800-9,ETICHETTE AUTOADESIVE,40000.0,2026-09-10,2026-10-06,ANAC cig,1,BCECF1878E,015146,codice ISTAT
Milano,MILANO,FERROVIENORD SOCIETA' PER AZIONI,06757900151,1084-2026-d914d01a-4d32-44c0-85e7-7b6922cf4a1f,FORNITURA E POSA DI ARREDO URBANO,Negoziata (invito),FORNITURE,Forniture di beni,39130000-2,MOBILI PER UFFICI,100311.4,2026-09-29,2026-10-06,ANAC cig,1,BD2811F74A,012119,codice ISTAT
Milano,SAN DONATO MILANESE,SNAM RETE GAS S.P.A.,10238291008,414070_tender_12050,FORNITURA DI VALVOLE A SFERA PER LA CENTRALE DI GALLESE,Negoziata (bando),FORNITURE,Forniture di beni,42131260-6,VALVOLE A SFERA,78400.0,2026-09-11,2026-10-06,ANAC cig,1,BCC9B0AE8C,056027,codice ISTAT
Milano,MILANO,AZIENDA TRASPORTI MILANESI S.P.A.,97230720159,4e1353be-9e20-4c54-ba90-a318f36d1fcc@1953-G-5265,U24- PROCEDURA NEGOZIATA PER L'AFFIDAMENTO DELLA FORNITURA DI PARTICOLARI MECCANICI A DISEGNO ATM,Negoziata (invito),FORNITURE,Forniture di beni,34320000-6,"PEZZI DI RICAMBIO MECCANICI, ESCLUSI I MOTORI E LE PARTI DI MOTORI",251857.2,2026-09-07,2026-10-06,ANAC cig,1,BCE12D5BC7,015146,codice ISTAT
Milano,SAN DONATO MILANESE,SNAM RETE GAS S.P.A.,10238291008,414070_tender_12096,FORNITURA DI RICAMBI A LISTINO PETROLVALVES - SRG,Negoziata (invito),FORNITURE,Forniture di beni,42131142-3,VALVOLE DI REGOLAZIONE,250000.0,2026-09-11,2026-10-06,ANAC cig,1,BCDA518CB3,015146,codice ISTAT
Milano,MILANO,AGENZIA REGIONALE EMERGENZA URGENZA,11513540960,P.A. GESTIONALE FORMAZIONE,GARA EUROPEA A PROCEDURA APERTA MEDIANTE PIATTAFORMA DI INTERMEDIAZIONE TELEMATICA SINTEL PER LA FORNITURA DI UN SOFTWARE PER LA GESTIONE DELLA FORMAZIONE AREU PER LA DURATA DI 48 MESI,Aperta,FORNITURE,"Servizi tecnici, IT e professionali",48100000-9,PACCHETTI SOFTWARE SPECIFICI PER L'INDUSTRIA,636000.0,2026-09-02,2026-10-06,ANAC cig,1,BCD307F489,015146,codice ISTAT
Milano,VIGNATE,COMUNE DI VIGNATE,83504710159,AUTO_2026-2029-BIS,SERVIZIO DI MANUTENZIONE ORDINARIA E STRAORDINARA DEI VEICOLI DI PROPRIETA' DEL COMUNE DI VIGNATE PER LA DURATA DI TRE ANNI CON EVENTUALE RIPETIZIONE PER ULTERIORI 3 ANNI,Aperta,SERVIZI,"Edilizia, lavori e manutenzioni",50112000-3,SERVIZI DI RIPARAZIONE E MANUTENZIONE DI AUTOMOBILI,18000.0,2026-09-07,2026-10-06,ANAC cig,1,BCDD18ED6C,015237,codice ISTAT
Milano,MILANO,AZIENDA TRASPORTI MILANESI S.P.A.,97230720159,b3e54dfb-2d65-4c7e-a81c-4612769be8eb@1953-G-5362,B15/MATERIALE M4,Negoziata (invito),FORNITURE,Forniture di beni,34943000-9,SISTEMA DI MONITORAGGIO PER TRENI,10000.0,2026-09-22,2026-10-06,ANAC cig,1,BD0FCB0BA0,015146,codice ISTAT
Milano,SAN VITTORE OLONA,STIE SOCIETA' PER AZIONI,00850570151,0398-752,"PROCEDURA APERTA EX ART. 71, COMMA 3 D.LGS. 36/2023, INTERAMENTE TELEMATICA, DA AGGIUDICARSI IN BASE AL CRITERIO DEL MINOR PREZZO DI CUI ALL'ART. 108, COMMA 3, D.LGS 36/2023, AVENTE AD OGGETTO LA FORNITURA DI NR. 1 AUTOBUS URBANO RIBASSATO TOTALMENTE CON MOTORIZZAZIONE IBRIDO-DIESEL, CLASSE EUROPEA I DA DESTINARSI ALL'AZIENDA STIE S.P.A. ",Aperta,FORNITURE,Forniture di beni,34121100-2,AUTOBUS PUBBLICI,270000.0,2026-09-22,2026-10-06,ANAC cig,1,BD0D49C8CF,098031,codice ISTAT
Milano,MILANO,AZIENDA TRASPORTI MILANESI S.P.A.,97230720159,63ea7d9a-31f1-4dac-9967-f2d8587ae969@1953-G-5311,U24 - FORNITURA DI RICAMBI ORIGINALI PER AUTOBUS SCANIA,Negoziata (invito),FORNITURE,Forniture di beni,34324000-4,"RUOTE, PARTI E ACCESSORI",50000.0,2026-09-17,2026-10-06,ANAC cig,1,BD0205DA66,015146,codice ISTAT
Milano,MILANO,AZIENDA TRASPORTI MILANESI S.P.A.,97230720159,0cee62f2-02a2-412c-8807-76b495546bd1@1953-G-5373,B15/VITI FS,Negoziata (invito),FORNITURE,Forniture di beni,44531510-9,BULLONI E VITI,5000.0,2026-09-24,2026-10-06,ANAC cig,1,BD1A3593E8,015146,codice ISTAT
Milano,SAN DONATO MILANESE,STOCCAGGI GAS ITALIA S.P.A.,13271380159,414070_tender_12098,FORNITURA DI RICAMBI A LISTINO PETROLVALVES - STOGIT,Negoziata (invito),FORNITURE,Forniture di beni,42131142-3,VALVOLE DI REGOLAZIONE,250000.0,2026-09-11,2026-10-06,ANAC cig,1,BCDA4EFADE,015146,codice ISTAT
Milano,MILANO,AZIENDA TRASPORTI MILANESI S.P.A.,97230720159,9cd80f5d-ac0b-498f-92b9-94f2bcafe0a0@1953-G-5369,B15/CONNETTORE,Negoziata (invito),FORNITURE,Impianti ed energia,31224200-4,CONNETTORI COASSIALI,10000.0,2026-09-23,2026-10-06,ANAC cig,1,BD137DAE7F,015146,codice ISTAT
Milano,MILANO,REGIONE LOMBARDIA,80050050154,FEC 19/2026,FEC 19/2026 SERVIZIO DI ATTIVITA' DI CONTROLLO PRESSO I MACELLI BOVINI SULLA CORRETTA CLASSIFICAZIONE DELLE CARCASSE E LA CORRETTA RILEVAZIONE DEI PREZZI AI SENSI DEL REG. UE 2013/1308 - REG. UE N. 1182/2017 - REG. UE N. 1184/2017 E DEL DECRETO MIPAAF 24 OTTOBRE 2018.,Negoziata (invito),SERVIZI,Verde e ambiente,03320000-8,"BOVINI, BESTIAME E ANIMALI PICCOLI",92000.0,2026-09-22,2026-10-06,ANAC cig,1,BD10D03441,015146,codice ISTAT
Milano,MILANO,FERROVIENORD SOCIETA' PER AZIONI,06757900151,1048-2026-a48a2a65-1eb1-4064-8cb0-6d44d3b944d4,SISTEMA ANCORAGGIO TRAVERSE SN VOSSLOH,Negoziata (invito),FORNITURE,Forniture di beni,34946000-0,MATERIALI E FORNITURE PER LA COSTRUZIONE DI STRADE FERRATE,440390.0,2026-09-25,2026-10-06,ANAC cig,1,BD1C7F3845,017085,codice ISTAT
Milano,MILANO,AZIENDA TRASPORTI MILANESI S.P.A.,97230720159,1a4bb1b5-fee6-40b7-b77a-918e665e1722@1953-G-5358,B24 - MATERIALI PER ARMAMENTO,Negoziata (invito),FORNITURE,Forniture di beni,34946000-0,MATERIALI E FORNITURE PER LA COSTRUZIONE DI STRADE FERRATE,40000.0,2026-09-22,2026-10-06,ANAC cig,1,BD114A4FE8,015146,codice ISTAT
Milano,MILANO,AZIENDA TRASPORTI MILANESI S.P.A.,97230720159,d3de6ad8-41b4-4fd6-9977-7ddb929fb54a@1953-G-5368,B15/CAVO,Negoziata (invito),FORNITURE,Impianti ed energia,31330000-8,CAVI COASSIALI,40000.0,2026-09-23,2026-10-06,ANAC cig,1,BD134D0C79,015146,codice ISTAT
Milano,MILANO,AZIENDA TRASPORTI MILANESI S.P.A.,97230720159,7c3be817-e790-45f5-9a3d-1ae5c58dd9dd@1953-G-5370,B15/ISOLATORE,Negoziata (invito),FORNITURE,Impianti ed energia,31712335-7,ISOLATORI OTTICI ACCOPPIATI,80000.0,2026-09-23,2026-10-06,ANAC cig,1,BD139141A2,015146,codice ISTAT
Milano,GARBAGNATE MILANESE,AZIENDA SOCIO -SANITARIA TERRITORIALE RHODENSE,09323530965,706_2026_TERRENI E BRODI DI COLTURA,706_2026_TERRENI E BRODI DI COLTURA,Negoziata (invito),FORNITURE,Sanità e servizi alla persona,33190000-8,DISPOSITIVI E PRODOTTI MEDICI VARI,204624.0,2026-09-22,2026-10-07,ANAC cig,1,BD0E9A115C,015105,codice ISTAT
Milano,GARBAGNATE MILANESE,AZIENDA SOCIO -SANITARIA TERRITORIALE RHODENSE,09323530965,706_2026_TERRENI E BRODI ,706_2026_TERRENI E BRODI ,Negoziata (invito),FORNITURE,Sanità e servizi alla persona,33190000-8,DISPOSITIVI E PRODOTTI MEDICI VARI,204624.0,2026-09-22,2026-10-07,ANAC cig,1,BD0E87F20B,015105,codice ISTAT
Milano,MILANO,CITTA METROPOLITANA DI MILANO,08911820960,AQ_4_Lotti_MOS_Strade,"PROCEDURA APERTA PER L'AFFIDAMENTO DI LAVORI E SERVIZI DI MANUTENZIONE ORDINARIA E STRAORDINARIA DELLA VIABILITÀ PROVINCIALE E DEI CENTRI OPERATIVI DI COMPETENZA DELLA CITTÀ METROPOLITANA DI MILANO MEDIANTE LA CONCLUSIONE DI ACCORDI QUADRO, PER LA DURATA DI 4 ANNI, SUDDIVISA IN N. 4 LOTTI:LOTTO 1 – EST 1 CUP I36G25000000003 – CUI L0891182096 0202500052LOTTO 2 – EST 2 CUP I86G25000010003 - CUI L0891182096 0202500053LOTTO 3 - OVEST 1 CUP I86G25000020003 – CUI L0891182096 0202500054LOTTO 4 – OVEST 2 CUP I56G25000020003 – CUI L0891182096 0202500055",Aperta,LAVORI,"Edilizia, lavori e manutenzioni",45233141-9,LAVORI DI MANUTENZIONE STRADALE,61320000.0,2026-08-27,2026-10-08,ANAC cig,4,BCC8142810 BCC814066A BCC81438E3 BCC814173D,015116,codice ISTAT
Milano,LEGNANO,AZIENDA SOCIO-SANITARIA TERRITORIALE (ASST) OVEST MILANESE,09319650967,705-ACQ-2026-0969,"APPALTO SPECIFICO PER LA FORNITURA DEI PRINCIPI ATTIVI VARI, SUDDIVISI IN 2 LOTTI, CLOREXIDINA GLUCONATO + ETANOLO, FLUCONAZOLO, MEDIANTE L'UTILIZZO DELLA PIATTAFORMA SINTEL, NELL'AMBITO DEL SISTEMA DINAMICO DI ACQUISIZIONE PER LE FORNITURE DI PRODOTTI FARMACEUTICI ARIA_2025_045.",Negoziata (invito),FORNITURE,Sanità e servizi alla persona,33690000-3,MEDICINALI VARI,15985.0,2026-09-29,2026-10-08,ANAC cig,2,BD25872636 BD25873709,015118,codice ISTAT
Milano,MILANO,FNM S.P.A.,00776140154,0918-0957-2026-e1ef19db-3387-4885-a775-809f9f659ba5,"FORNITURA DI ENERGIA ELETTRICA IN MEDIA E BASSA TENSIONE PER TUTTI I PUNTI DI PRELIEVO DI FERROVIENORD SPA, ATV SPA E FNM AUTOSERVIZI SPA - ANNO 2027:LOTTO 1 FORNITURA DI ENERGIA ELETTRICA IN MEDIA E BASSA TENSIONE PER TUTTI I PUNTI DI PRELIEVO DI FERROVIENORD SPA - ANNO 2027 (PROC. 0918-2026);LOTTO 2 FORNITURA DI ENERGIA ELETTRICA IN BASSA TENSIONE PER TUTTI I PUNTI DI PRELIEVO DI ATV SPA - ANNO 2027.LOTTO 3 FORNITURA DI ENERGIA ELETTRICA IN BASSA TENSIONE PER TUTTI I PUNTI DI PRELIEVO DI FNM AUTOSERVIZI SPA - ANNO 2027 (PROC. 0957-2026).",Negoziata (invito),FORNITURE,Impianti ed energia,09300000-2,"ELETTRICITÀ, RISCALDAMENTO, ENERGIA SOLARE E NUCLEARE",37189944.0,2026-09-21,2026-10-08,ANAC cig,3,BD0BFE831E BD0BFE724B BD0BFE6178,015146,codice ISTAT
Milano,GORGONZOLA,COMUNE DI GORGONZOLA,00861930154,OPERE DI ATTUAZIONE PIANO GENERALE TRAFFICO URBANO (PGTU),OPERE DI ATTUAZIONE PIANO GENERALE TRAFFICO URBANO (PGTU),Negoziata (invito),LAVORI,"Edilizia, lavori e manutenzioni",45233141-9,LAVORI DI MANUTENZIONE STRADALE,209052.1,2026-09-23,2026-10-08,ANAC cig,1,BD105DAB9B,015108,codice ISTAT
Milano,MILANO,COMUNE DI MILANO,01199250158,32_2026_BBSS,APPALTO 32/2026 - ACCORDO QUADRO CON UN UNICO OPERATORE ECONOMICO PER L'AFFIDAMENTO DEL SERVIZIO DI ACCERTAMENTI SANITARI PER LA VERIFICA DEI REQUISITI PSICOFISICI ALL'ASSUNZIONE DEL PERSONALE DI POLIZIA LOCALE DEL COMUNE DI MILANO,Aperta,SERVIZI,"Servizi tecnici, IT e professionali",71317200-5,SERVIZI SANITARI E DI SICUREZZA,496650.0,2026-09-04,2026-10-08,ANAC cig,1,BCD93BA7C0,015146,codice ISTAT
Milano,MILANO,NEAR SOCIETA' DI GESTIONE DEL RISPARMIO PER AZIONI BENEFIT,10577260960,company_731_procurement_3,"PROCEDURA APERTA TELEMATICA SOPRA SOGLIA UE PER L'AFFIDAMENTO DEI LAVORI DI «OPERE DI URBANIZZAZIONE UCF0 – AREA EX NECA (PAVIA)» AI SENSI DELL'ART. 71 DEL D.LGS. 31 MARZO 2023, N. 36 CRITERIO: OFFERTA ECONOMICAMENTE PIÙ VANTAGGIOSA EX ART. 108.",Aperta,LAVORI,"Edilizia, lavori e manutenzioni",45223310-2,LAVORI DI COSTRUZIONE DI PARCHEGGI SOTTERRANEI,6689592.8,2026-08-31,2026-10-09,ANAC cig,1,BCCE77E5E2,018110,codice ISTAT
Milano,SAN DONATO MILANESE,SNAM RETE GAS S.P.A.,10238291008,414070_tender_12083,MANUTENZIONE DCS/SCS FAVAZZINA E MESSINA,Negoziata (invito),SERVIZI,"Servizi tecnici, IT e professionali",72250000-2,SERVIZI DI MANUTENZIONE DI SISTEMI E DI ASSISTENZA,762588.042,2026-09-11,2026-10-09,ANAC cig,1,BCC9AFA15C,015192,codice ISTAT
Milano,MILANO,MILANO RISTORAZIONE S.P.A.,13226890153,PA_14_2026_PRODOTTI_PRIMA_INFANZIA_OMOGENEIZZATI,FORNITURA DI PRODOTTI PRIMA INFANZIA E OMOGENEIZZATI SUDDIVISA IN DUE LOTTI,Aperta,FORNITURE,Forniture di beni,15884000-8,ALIMENTI PER NEONATI,306000.0,2026-09-10,2026-10-09,ANAC cig,2,BCE8E7D724 BCE8E7E7F7,015146,codice ISTAT
Milano,MILANO,ASST CENTRO SPECIALISTICO ORTOPEDICO TRAUMATOLOGICO GAETANO PINI/CTO,09320530968,704_2026_419,"AFFIDAMENTO DIRETTO, AI SENSI DELL'ART. 50, COMMA 1, LETT. B), DEL D.LGS. N. 36/2023, PER LA FORNITURA DI PROTESI PERSONALIZZATE IMPIANTABILI DI GOMITO NON CEMENTATE, DESTINATE AL TRATTAMENTO DELL'ARTROSI POST-TRAUMATICA O PRIMITIVA, PER LA DURATA DI 12 MESI.",Negoziata (invito),FORNITURE,Sanità e servizi alla persona,33183200-8,PROTESI ORTOPEDICHE,34200.0,2026-09-18,2026-10-09,ANAC cig,1,BD08467871,015146,codice ISTAT
Milano,CORSICO,COMUNE DI CORSICO,00880000153,CONSIP_RDO_6562754,"COPIA DI CONCESSIONE DEL SERVIZIO DI RIMOZIONE, TRASPORTO E CUSTODIA DEI VEICOLI SUL TERRITORIO COMUNALE",Aperta,SERVIZI,"Edilizia, lavori e manutenzioni",50118000-5,SERVIZI DI SOCCORSO STRADALE,135000.0,2026-09-09,2026-10-09,ANAC cig,1,BCEB9E15C1,015093,codice ISTAT
Milano,MILANO,ASST CENTRO SPECIALISTICO ORTOPEDICO TRAUMATOLOGICO GAETANO PINI/CTO,09320530968,704_2026_418,"AFFIDAMENTO DIRETTO, AI SENSI DELL'ART. 50, COMMA 1, LETT. B), DEL D.LGS. N. 36/2023, PER LA FORNITURA DI UN SISTEMA DI STABILIZZAZIONE INTERNA DI GOMITO (TIPO IJS® ELBOW), DESTINATO AL TRATTAMENTO DELLE LUSSAZIONI COMPLESSE, FRATTURE-LUSSAZIONI, INSTABILITÀ POST-TRAUMATICA O POST-OPERATORIA E DELL'ARTROSI POST-TRAUMATICA O PRIMITIVA, PER LA DURATA DI 12 MESI.",Negoziata (invito),FORNITURE,Sanità e servizi alla persona,33183200-8,PROTESI ORTOPEDICHE,39680.0,2026-09-18,2026-10-09,ANAC cig,1,BD084100A8,015146,codice ISTAT
Milano,SAN DONATO MILANESE,STOCCAGGI GAS ITALIA S.P.A.,13271380159,414070_tender_12103,MANUTENZIONE DCS-SCS-SCU CENTRALI STOGIT,Negoziata (invito),SERVIZI,"Servizi tecnici, IT e professionali",72250000-2,SERVIZI DI MANUTENZIONE DI SISTEMI E DI ASSISTENZA,3166178.0,2026-09-18,2026-10-09,ANAC cig,1,BCE0FC7675,015146,codice ISTAT
Milano,SAN DONATO MILANESE,STOCCAGGI GAS ITALIA S.P.A.,13271380159,414070_tender_12030,MANUTENZIONE SISTEMI MISURA VOLUME DEL GAS PER LE CENTRALI SNAM STOCCAGGIO,Negoziata (bando),SERVIZI,Impianti ed energia,09123000-7,GAS NATURALE,2342780.0,2026-09-18,2026-10-09,ANAC cig,1,BCB43264F4,015192,codice ISTAT
Milano,MILANO,ASST CENTRO SPECIALISTICO ORTOPEDICO TRAUMATOLOGICO GAETANO PINI/CTO,09320530968,704_2026_421,AFFIDAMENTO DIRETTO AI SENSI DEL D.LGS. 36/2023 ART. 50 C. 1 LETT. A) DEI LAVORI DI SOSTITUZIONE DELLA LINEA DI DISTRIBUZIONE VAPORE A SERVIZIO DELLE UNITÀ DI TRATTAMENTO ARIA DEL BLOCCO OPERATORIO E DELLA CENTRALE DI STERILIZZAZIONE DEL PRESIDIO OSPEDALIERO GAETANO PINI DI PIAZZA CARDINAL FERRARI 1.,Negoziata (invito),SERVIZI,"Edilizia, lavori e manutenzioni",45231113-0,SOSTITUZIONE DI CONDUTTURE,139500.0,2026-09-18,2026-10-09,ANAC cig,1,BD08540B83,015146,codice ISTAT
Milano,MILANO,COMUNE DI MILANO,01199250158,37-2026 OO.PP.MI,AQ. N. 37/2026 - ACCORDO QUADRO CON UNICO OPERATORE ECONOMICO AI SENSI DELL'ART. 59 DEL D. LGS. N. 36/2023 PER INTERVENTI STRAORDINARI SU EDIFICI SCOLASTICI CITTADINI FINALIZZATI ALLA MESSA IN SICUREZZA DEI SOLAI - LOTTO 2 - CUP B48G22000040004,Negoziata (invito),LAVORI,"Edilizia, lavori e manutenzioni",45262522-6,LAVORI EDILI,1260853.96,2026-09-28,2026-10-09,ANAC cig,1,BD228D4AB3,015146,codice ISTAT
Milano,MILANO,ASST CENTRO SPECIALISTICO ORTOPEDICO TRAUMATOLOGICO GAETANO PINI/CTO,09320530968,704_2026_416,"AFFIDAMENTO DIRETTO, AI SENSI DELL'ART. 50, C. 1 LETT. B), D.LGS. 36/2023, PER LA FORNITURA DI SISTEMI DI FISSAZIONE DELL'EPIFISI PROSSIMALE DEL FEMORE PER IL TRATTAMENTO DELLA EPIFISIOLISI GRADO DI PRESERVARE IL POTENZIALE DI ACCRESCIMENTO (TIPO SCFE), PER LA DURATA DI 12 MESI",Negoziata (invito),FORNITURE,Sanità e servizi alla persona,33183200-8,PROTESI ORTOPEDICHE,39900.0,2026-09-18,2026-10-09,ANAC cig,1,BD082CA3A1,015146,codice ISTAT
Milano,MILANO,ASST CENTRO SPECIALISTICO ORTOPEDICO TRAUMATOLOGICO GAETANO PINI/CTO,09320530968,704_2026_417,"AFFIDAMENTO DIRETTO, AI SENSI DELL'ART. 50, C. 1 LETT. B), D.LGS. 36/2023, PER LA FORNITURA DI EMIBACINO DESTRO (CUSTOM-MADE), DESTINATO AL TRATTAMENTO DI PATOLOGIA TUMORALE DEL BACINO, PER UN PERIODO DI 12 MESI",Negoziata (invito),FORNITURE,Sanità e servizi alla persona,33183200-8,PROTESI ORTOPEDICHE,33800.0,2026-09-18,2026-10-09,ANAC cig,1,BD083AF09C,015146,codice ISTAT
Milano,MILANO,ASST CENTRO SPECIALISTICO ORTOPEDICO TRAUMATOLOGICO GAETANO PINI/CTO,09320530968,704_2026_415,"AFFIDAMENTO DIRETTO, AI SENSI DELL'ART. 50, C. 1 LETT. B), D.LGS. 36/2023, PER LA FORNITURA DI PROTESI DI SPALLA, PER IL TRATTAMENTO DI PAZIENTI AFFETTI DA PATOLOGIA TUMORALE (TIPO MRS), PER UN PERIODO DI 12 MESI.",Negoziata (invito),FORNITURE,Sanità e servizi alla persona,33183200-8,PROTESI ORTOPEDICHE,37886.09,2026-09-18,2026-10-09,ANAC cig,1,BD082682C2,015146,codice ISTAT
Milano,MILANO,ASST CENTRO SPECIALISTICO ORTOPEDICO TRAUMATOLOGICO GAETANO PINI/CTO,09320530968,704_2026_420,"AFFIDAMENTO DIRETTO, AI SENSI DELL'ART. 50, C. 1 LETT. B), D.LGS. 36/2023, PER LA FORNITURA LA FORNITURA DI PROTESI TOTALE DI SPALLA INVERSA, MODULARE E PROTESI TOTALE DI SPALLA INVERSA (TIPO DXTEND), PER LA DURATA DI 12 MESI",Negoziata (invito),FORNITURE,Sanità e servizi alla persona,33183200-8,PROTESI ORTOPEDICHE,39525.0,2026-09-18,2026-10-09,ANAC cig,1,BD084BCE94,015146,codice ISTAT
Milano,MILANO,FERROVIENORD SOCIETA' PER AZIONI,06757900151,1096-2026-5bbffea6-612b-45eb-9d0b-563ffd62d893,SERVIZIO DI PICCOLE RIPARAZIONI DI FABBRICATI - RAMO ISEO,Negoziata (invito),SERVIZI,Impianti ed energia,50700000-2,SERVIZI DI RIPARAZIONE E MANUTENZIONE DI IMPIANTI DI EDIFICI,135352.73,2026-09-28,2026-10-09,ANAC cig,1,BD21F316DF,017085,codice ISTAT
Milano,OPERA,COMUNE DI OPERA,80104310158,CONSIP_ADI_6598703,AVVISO DI INDAGINE PER INDIVIDUAZIONE SUPPORTO AL RUP PER SERVIZIO DI RISTORAZIONE SCOLASTICA ED ALTRE UTENZE,Aperta,SERVIZI,"Servizi tecnici, IT e professionali",79111000-5,SERVIZI DI CONSULENZA GIURIDICA,8000.0,2026-09-25,2026-10-11,ANAC pubblicazioni,1,BD17F50731,015159,codice ISTAT
Milano,MILANO,AZIENDA SOCIO-SANITARIA TERRITORIALE (ASST) SANTI PAOLO E CARLO,09321970965,702_2026_1502,"PROCEDURA APERTA SOPRA SOGLIA COMUNITARIA PER L'AFFIDAMENTO DELLA FORNITURA DI REAGENTI E SISTEMI DI DIAGNOSTICA MOLECOLARE INFETTIVOLOGICA FAST OCCORRENTI ALLA S.C. MICROBIOLOGIA E VIROLOGIA PER LA DURATA DI 60 MESI, CON OPZIONE DI RINNOVO DI 24 MESI, PROROGA TECNICA DI 6 MESI E CLAUSOLA DI ADESIONE SUCCESSIVA FINO AL 200%, DA AGGIUDICARSI CON IL CRITERIO DELL'OFFERTA ECONOMICAMENTE PIÙ VANTAGGIOSA",Aperta,FORNITURE,Sanità e servizi alla persona,33190000-8,DISPOSITIVI E PRODOTTI MEDICI VARI,2712750.0,2026-09-04,2026-10-12,ANAC cig,1,BCDBB6B8DF,015146,codice ISTAT
Milano,SEGRATE,CAP HOLDING S.P.A.,13187590156,497332_tender_2519,LAVORI DI MANUTENZIONE ORDINARIA E STRAORDINARIA DI TUBAZIONI E APPARECCHIATURE DI PROCESSO AFFERENTI I SISTEMI ACQUEDOTTISTICI DI CITTA' METROPOLITANA DI MILANO E LIMITROFE GESTITE E/O COLLEGATE,Aperta,LAVORI,"Edilizia, lavori e manutenzioni",45232151-5,LAVORI DI COSTRUZIONE DI RINNOVAMENTO DI CONDOTTE IDRICHE,6300000.0,2026-09-08,2026-10-12,ANAC cig,4,BCE02963AC BCE029747F BCE02952D9 BCE0294206,015146,codice ISTAT
Milano,MILANO,FONDAZIONE IRCCS ISTITUTO NAZIONALE DEI TUMORI,80018230153,922_2026_294,SERVIZIO MANUTENZIONE ALTE TECNOLOGIE,Negoziata (bando),SERVIZI,Sanità e servizi alla persona,33000000-0,"APPARECCHIATURE MEDICHE, PRODOTTI FARMACEUTICI E PER LA CURA PERSONALE",6398000.0,2026-09-24,2026-10-12,ANAC pubblicazioni,12,BD14C414AA BD14C3C08B BD14C4257D BD14C3E231 BD14C44723 BD14C3D15E BD14C403D7 BD14C468C9 BD14C3F304 BD14C457F6 BD14C4799C BD14C43650,015146,codice ISTAT
Milano,MILANO,FONDAZIONE IRCCS ISTITUTO NAZIONALE DEI TUMORI,80018230153,922_2026_296,ACQUISTO STRUMENTAZIONE ENDOSCOPICA,Negoziata (bando),FORNITURE,Sanità e servizi alla persona,33100000-1,APPARECCHIATURE MEDICHE,295000.0,2026-09-24,2026-10-12,ANAC pubblicazioni,1,BD167D1376,015146,codice ISTAT
Milano,TREZZO SULL'ADDA,COMUNE DI TREZZO SULL ADDA,83502130152,2026stradaguarnerio,MANUTENZIONE STRAORDINARIA STRADE - VIA GUARNERIO STRADA PER RONCELLO E ALTRE,Ristretta,LAVORI,"Edilizia, lavori e manutenzioni",45233140-2,LAVORI STRADALI,356813.02,2026-09-17,2026-10-12,ANAC cig,1,BD02E3897A,015221,codice ISTAT
Milano,MILANO,AUTOSTRADA PEDEMONTANA LOMBARDA SOCIETA' PER AZIONI,08558150150,G00584-159b2877-bd11-4876-93eb-332c0165ff1b,"PROCEDURA TELEMATICA APERTA, EX ARTT. 14, COMMA 1, LETT. C) E 71 DEL D.LGS. N. 36/2023, PER L'AFFIDAMENTO DELLA FORNITURA DI FONDENTI SALINI SOLIDI E IN SOLUZIONE PER DISGELO DELLA PIATTAFORMA AUTOSTRADALE E DELLE PERTINENZE DELLE TRATTE IN CONCESSIONE AD AUTOSTRADA PEDEMONTANA LOMBARDA S.P.A., PER LA DURATA CONTRATTUALE DI 5 (CINQUE) ANNI.",Aperta,FORNITURE,Forniture di beni,34927100-2,SALE PER DISGELO,1082477.18,2026-09-11,2026-10-12,ANAC cig,1,BCEF2221D7,013159,codice ISTAT
Milano,MILANO,ISTITUTO COMPRENSIVO STATALE ARBE ZARA,80124730153,Distributori_IC ArbeZara,"PROCEDURA NEGOZIATA - CONCESSIONE EX ARTT. 176 E SS DEL D.LGS. 36/2023, SERVIZIO DI RISTORAZIONE, MEDIANTE DISTRIBUTORI AUTOMATICI, PRESSO L'IC ARBE ZARA DI MILANO (MI)",Negoziata (invito),SERVIZI,Forniture di beni,42933000-5,DISTRIBUTORI AUTOMATICI,45500.0,2026-09-22,2026-10-12,ANAC cig,1,BD1268B5EE,015146,codice ISTAT
Milano,VERMEZZO CON ZELO,COMUNE DI VERMEZZO CON ZELO,10708190961,procedura negoziata asfaltature 01,SFALTATURE TERRITORIO COMUNALE,Negoziata (invito),LAVORI,"Edilizia, lavori e manutenzioni",45233223-8,LAVORI DI RIFACIMENTO DI MANTO STRADALE,307731.42,2026-09-22,2026-10-12,ANAC cig,1,BD115BB628,015251,codice ISTAT
Milano,CINISELLO BALSAMO,COMUNE DI CINISELLO BALSAMO,01971350150,CINISELLO_GARE_2026_22,LAVORI DI MANUTENZIONE STRAORDINARIA DELLE COPERTURE DELLA SCUOLA PRIMARIA BUSCAGLIA – LOTTO 2,Aperta,LAVORI,"Edilizia, lavori e manutenzioni",45221242-0,LAVORI DI COSTRUZIONE DI GALLERIE FERROVIARIE,177572.0,2026-09-10,2026-10-13,ANAC cig,1,BCEB696E14,015077,codice ISTAT
Milano,SAN DONATO MILANESE,STOCCAGGI GAS ITALIA S.P.A.,13271380159,414070_tender_12106,FORNITURA DI RICAMBI A LISTINO DVG AUTOMATION - STOGIT,Negoziata (invito),FORNITURE,Impianti ed energia,31131100-4,ATTUATORI,100500.0,2026-09-18,2026-10-13,ANAC cig,1,BCEC855318,015146,codice ISTAT
Milano,MILANO,AZIENDA TRASPORTI MILANESI S.P.A.,97230720159,9a724f54-fcb5-431a-8272-a144f311bccf@1953-G-5348,U22 - FORNITURA DI CUSCINETTI,Negoziata (invito),FORNITURE,Forniture di beni,44440000-6,CUSCINETTI,430000.0,2026-09-22,2026-10-13,ANAC cig,1,BD0E18F86F,015146,codice ISTAT
Milano,SAN DONATO MILANESE,SNAM RETE GAS S.P.A.,10238291008,414070_tender_12105,FORNITURA DI RICAMBI A LISTINO DVG AUTOMATION - SRG,Negoziata (invito),FORNITURE,Impianti ed energia,31131100-4,ATTUATORI,100500.0,2026-09-18,2026-10-13,ANAC cig,1,BCEC87095E,015146,codice ISTAT
Milano,MILANO,FONDAZIONE IRCCS ISTITUTO NAZIONALE DEI TUMORI,80018230153,922_2026_276-10,"PROCEDURA APERTA PER L'ACQUISIZIONE DELLA FORNITURA DI MATERIALE DI CONSUMO VARIO OCCORRENTE ALLA FONDAZIONE, PER UN PERIODO DI 36 MESI, CON OPZIONE DI RINNOVO AI SENSI DELL'ART. 120 COMMA 1 LETT. A) DEL D.LGS. 36/2023 PER UN ULTERIORE PERIODO MASSIMO DI 24 MESI. CLAUSOLA DI ADESIONE PARI AL 200% PER OGNI LOTTO",Aperta,FORNITURE,Sanità e servizi alla persona,33190000-8,DISPOSITIVI E PRODOTTI MEDICI VARI,4622200.0,2026-09-22,2026-10-13,ANAC cig,6,BD0B0067BE BD0B003545 BD0B007891 BD0B0056EB BD0B008964 BD0B004618,015146,codice ISTAT
Milano,MILANO,FERROVIE NORD MILANO AUTOSERVIZI S.P.A.,08162460151,0982-2026-ef297064-03b4-4928-8f00-2b5728d3d2ce,FORNITURA DEL SERVIZIO DI MANUTENZIONE MATERIALE ROTABILE IN USO DA PARTE DI FNM AUTOSERVIZI AREA C (SARONNO) AREA C (TRADATE) AREA B (SOLBIATE COMASCO),Ristretta,FORNITURE,"Edilizia, lavori e manutenzioni",50113000-0,SERVIZI DI RIPARAZIONE E MANUTENZIONE DI AUTOBUS,420000.0,2026-09-08,2026-10-13,ANAC cig,1,BCE3EF98D6,012119,codice ISTAT
Milano,MILANO,AZIENDA TRASPORTI MILANESI S.P.A.,97230720159,da79b2ae-36f4-421e-b26a-76a3b8bf0131@1970-G-5316,U21 FORNITURA DI LICENZE QUALYS,Negoziata (bando),FORNITURE,"Servizi tecnici, IT e professionali",48218000-9,PACCHETTI SOFTWARE PER LA GESTIONE DI LICENZE,120000.0,2026-09-25,2026-10-13,ANAC cig,1,BD1BC8ADC7,015146,codice ISTAT
Milano,MILANO,POLITECNICO DI MILANO,80057930150,CONSIP_RDO_6584986,SERVIZI DI MANUTENZIONE PER APPARECCHIATURE SCHNEIDER ELECTRIC_2027,Negoziata (invito),SERVIZI,"Edilizia, lavori e manutenzioni",50532000-3,"SERVIZI DI RIPARAZIONE E MANUTENZIONE DI MACCHINARI ELETTRICI, APPARECCHIATURE E ATTREZZATURE CONNESSE",196000.0,2026-09-24,2026-10-13,ANAC cig,1,BD1ADAD9CC,015146,codice ISTAT
Milano,MILANO,FONDAZIONE HUMAN TECHNOPOLE,97821360159,company_1151_procurement_1114,SERVIZIO DI MANUTENZIONE E ASSISTENZA TECNICA PER LA STRUMENTAZIONE DI CROMATOGRAFIA LIQUIDA A MARCHIO CYTIVA INSTALLATA PRESSO IL CAMPUS DELLA FONDAZIONE HUMAN TECHNOPOLE ,Negoziata (invito),SERVIZI,"Edilizia, lavori e manutenzioni",50430000-8,SERVIZI DI RIPARAZIONE E MANUTENZIONE DI ATTREZZATURE DI PRECISIONE,412796.52,2026-09-23,2026-10-13,ANAC cig,1,BD162F942E,015146,codice ISTAT
Milano,MILANO,COMUNE DI MILANO,01199250158,33_2026_BBSS,APPALTO 33/2026 - AFFIDAMENTO DEL SERVIZIO DI MANUTENZIONE ORDINARIA E RIPARAZIONE DI AUTOVEICOLI DI PROPRIETÀ DELLA POLIZIA LOCALE,Aperta,SERVIZI,"Edilizia, lavori e manutenzioni",50100000-6,"SERVIZI DI RIPARAZIONE, MANUTENZIONE E AFFINI DI VEICOLI E ATTREZZATURE CONNESSE",357000.0,2026-09-08,2026-10-14,ANAC cig,1,BCE0389C31,015146,codice ISTAT
Milano,GORGONZOLA,ISTITUTO COMPRENSIVO DI GORGONZOLA VIA MOLINO VECCHIO,83505310157,Distributori_ICMolino Vecchio,PROCEDURA NEGOZIATA CONCESSIONE SERVZIO DI RISTORAZIONE A MEZZO DISTIRBUTORI AUTOMATICI - ISTITUTO COMPRENSIVO MOLINO VECCHIO DI GORGONZOLA,Negoziata (invito),SERVIZI,Forniture di beni,42933000-5,DISTRIBUTORI AUTOMATICI,18180.0,2026-09-24,2026-10-14,ANAC cig,1,BD184D76E3,015108,codice ISTAT
Milano,CESANO BOSCONE,COMUNE DI CESANO BOSCONE,80098810155,80098810155-DRMPP-100b,APPALTO DI MANUTENZIONE STRAORDINARIA STRADE E MARCIAPIEDI 2026-2027,Negoziata (invito),LAVORI,"Edilizia, lavori e manutenzioni",45233140-2,LAVORI STRADALI,440000.0,2026-09-24,2026-10-14,ANAC cig,1,BD1A2136E1,015074,codice ISTAT
Milano,MILANO,SOCIETA' GASDOTTI ITALIA S.P.A.,04513630964,tender://gasdottitalia/id/336,2026-40000199 PROCEDURA NEGOZIATA PER ATTIVITÀ SPECIFICA MANUTENZIONE CABINE ED IMPIANTI ODORIZZAZIONE PRESSO LE LINEE ED IMPIANTI DELLE RETI DI SOCIETÀ GASDOTTI ITALIA S.P.A.,Negoziata (invito),SERVIZI,"Edilizia, lavori e manutenzioni",50531200-8,SERVIZI DI MANUTENZIONE DI APPARECCHIATURE A GAS,180000.0,2026-09-22,2026-10-14,ANAC cig,1,BD128D6A55,060038,codice ISTAT
Milano,CINISELLO BALSAMO,COMUNE DI CINISELLO BALSAMO,01971350150,CINISELLO_GARE_2026_19,SERVIZI DI COPERTURA ASSICURATIVA – PERIODO 01/01/2027 – 31/12/2029 – N. 8 LOTTI,Aperta,SERVIZI,"Servizi tecnici, IT e professionali",66510000-8,SERVIZI ASSICURATIVI,2869750.0,2026-09-10,2026-10-15,ANAC cig,8,BCE9F5C34C BCE9F5F5C5 BCE9F5D41F BCE9F590D3 BCE9F58000 BCE9F5E4F2 BCE9F5A1A6 BCE9F5B279,015077,codice ISTAT
Milano,MILANO,COMUNE DI MILANO,01199250158,34_2026_BBSS,"APPALTO 34/2026 - AFFIDAMENTO DEL SERVIZIO DI COMPOSIZIONE GRAFICA, STAMPA E IMBUSTAMENTO DEGLI ATTI E DELLE COMUNICAZIONI DI COMPETENZA DELLA DIREZIONE BILANCIO E PARTECIPATE",Aperta,SERVIZI,"Servizi tecnici, IT e professionali",79800000-2,SERVIZI DI STAMPA E AFFINI,2316196.47,2026-09-10,2026-10-15,ANAC cig,1,BCE7F4580F,015146,codice ISTAT
Milano,BUSSERO,ISTITUTO COMPRENSIVO MONTEGRAPPA,91508200150,Distributori IC_MonteGrappa,"PROCEDURA NEGOZIATA - CONCESSIONE EX ARTT. 176 E SS DEL D.LGS. 36/2023, SERVIZIO DI RISTORAZIONE, MEDIANTE DISTRIBUTORI AUTOMATICI, PRESSO L'IC MONTE GRAPPA DI BUSSERO",Negoziata (invito),SERVIZI,Forniture di beni,42933000-5,DISTRIBUTORI AUTOMATICI,16360.0,2026-09-24,2026-10-15,ANAC cig,1,BD1896DFB1,015040,codice ISTAT
Milano,MILANO,MILANO RISTORAZIONE S.P.A.,13226890153,PA_15_2026_ITTICO,FORNITURA DI ITTICO SUDDIVISA IN 5 LOTTI,Aperta,FORNITURE,Forniture di beni,15241700-6,BASTONCINI DI PESCE,4192800.0,2026-09-15,2026-10-16,ANAC cig,5,BCF472051B BCF47215EE BCF47226C1 BCF4723794 BCF471F448,015146,codice ISTAT
Milano,MILANO,FERROVIENORD SOCIETA' PER AZIONI,06757900151,1056-2026-d68a4b13-f109-4145-9467-8298a4677f47,SERVIZIO DI COPERTURA ASSICURATIVA LIBRO MATRICOLA FERROVIENORD S.P.A. RCA E CVT,Ristretta,SERVIZI,"Servizi tecnici, IT e professionali",66518100-5,SERVIZI DI INTERMEDIAZIONE ASSICURATIVA,430000.0,2026-09-14,2026-10-16,ANAC cig,1,BCF383A9B0,015146,codice ISTAT
Milano,MILANO,E.R.S.A.F.- ENTE REG. SERVIZI AGRIC. E FORESTE,03609320969,2026_018_agri,ACCORDO QUADRO CON UN OPERATORE ECONOMICO PER LO SVOLGIMENTO DI ANALISI CHIMICO-FISICHE SU CAMPIONI DI SUOLO E ALTRE MATRICI AMBIENTALI DI INTERESSE AGRARIO,Aperta,SERVIZI,"Servizi tecnici, IT e professionali",73100000-3,SERVIZI DI RICERCA E SVILUPPO SPERIMENTALE,204730.0,2026-09-14,2026-10-16,ANAC cig,1,BCD7C3818C,015146,codice ISTAT
Milano,MILANO,UNIVERSITA DEGLI STUDI DI MILANO- BICOCCA,12621570154,G02964-d1b42830-ef96-4b98-bfcb-a6c3e6b6f389,FORNITURA DI SISTEMI DI RETE DATI - EDIFICIO U10,Aperta,FORNITURE,Forniture di beni,30230000-0,APPARECCHIATURE INFORMATICHE,819672.13,2026-09-04,2026-10-16,ANAC cig,1,BCDA39E4C6,015146,codice ISTAT
Milano,MILANO,COMUNE DI MILANO,01199250158,CONSIP_RDO_6445473,SERVIZIO DI GESTIONE DELL IDENTITA DIGITALE DEGLI UTENTI DEL COMUNE DI MILANO,Ristretta,FORNITURE,"Servizi tecnici, IT e professionali",48000000-8,PACCHETTI SOFTWARE E SISTEMI DI INFORMAZIONE,1296000.0,2026-09-24,2026-10-16,ANAC cig,1,BD1AFBCCB0,015146,codice ISTAT
Milano,MILANO,TRENORD S.R.L.,06705490966,913973_tender_3028,1441-2026 MANUTENZIONE CORRETTIVA E PREVENTIVA WC,Aperta,SERVIZI,"Edilizia, lavori e manutenzioni",50222000-7,SERVIZI DI MANUTENZIONE DI MATERIALE ROTABILE,7422948.0,2026-09-10,2026-10-16,ANAC cig,1,BCEB397524,015146,codice ISTAT
Milano,MILANO,ISTITUTO ISTRUZIONE SUPERIORE G.GIORGI,80123470157,tender://sua_mbcmm/id/656,"PROCEDURA APERTA PER L'AFFIDAMENTO IN CONCESSIONE DEL SERVIZIO DI RISTORAZIONE MEDIANTE BAR IN FAVORE DELL'ISTITUTO IIS GIOVANNI GIORGI UBICATO IN VIALE LIGURIA N. 19 MILANO (MI), ESPLETATA TRAMITE PIATTAFORMA TELEMATICA ACQUISTI TELEMATICI DI DIGITALPA S.R.L., CON IL CRITERIO DELL'OFFERTA ECONOMICAMENTE PIÙ VANTAGGIOSA SULLA BASE DEL MIGLIOR RAPPORTO QUALITÀ/PREZZO",Aperta,SERVIZI,Sanità e servizi alla persona,55410000-7,SERVIZI DI GESTIONE BAR,1251750.0,2026-09-16,2026-10-16,ANAC cig,1,BCFA2078F0,015146,codice ISTAT
Milano,MILANO,FONDAZIONE HUMAN TECHNOPOLE,97821360159,company_1151_procurement_1120,"SERVIZIO DI MANUTENZIONE PREVENTIVA E CORRETTIVA, ASSISTENZA TECNICA SPECIALISTICA E GESTIONE DELLE PARTI DI RICAMBIO PER STRUMENTI A MARCHIO LUMICKS.",Negoziata (invito),SERVIZI,"Edilizia, lavori e manutenzioni",50433000-9,SERVIZI DI CALIBRATURA,457342.23,2026-09-25,2026-10-16,ANAC cig,1,BD1C2FD03E,015146,codice ISTAT
Milano,MILANO,AGENZIA REGIONALE PER LA PROTEZIONE DELL'AMBIENTE DELLA LOMBARDIA,13015060158,127.2026SUA,ARPA LOMBARDIA AFFIDAMENTO DEL SERVIZIO DI MANUTENZIONE ED IMPLEMENTAZIONE DELLA RETE STRUMENTALE E DEI SISTEMI DI ACQUISIZIONE DEI DATI AFFERENTI AL CENTRO REGIONALE MONITORAGGIO FRANE E DISSESTI.,Aperta,SERVIZI,"Edilizia, lavori e manutenzioni",50411000-9,SERVIZI DI RIPARAZIONE E MANUTENZIONE DI APPARECCHIATURE DI MISURAZIONE,8221153.58,2026-08-27,2026-10-17,ANAC cig,1,BCC842276E,014061,codice ISTAT
Milano,ARESE,COMUNE DI ARESE,03366130155,42acb518-b798-4f5e-9594-627ba1923e1b-1234,"SERVIZI DI SUPPORTO, ASSISTENZA TECNICA, FORMAZIONE SPECIALISTICA ED AGGIORNAMENTO IN MATERIA DI: ADEMPIMENTI FISCALI (IRAP E IVA), ELABORAZIONE E STESURA DEL BILANCIO CONSOLIDATO DELL'ENTE CON QUELLO DELLE SOCIETA' PARTECIPATE; DI REDAZIONE DELLA CONTABILITA' ECONOMICO-PATRIMONIALE; DI CONTROLLO DI GESTIONE",Negoziata (invito),SERVIZI,"Servizi tecnici, IT e professionali",79221000-9,SERVIZI DI CONSULENZA FISCALE,68000.0,2026-09-16,2026-10-19,ANAC cig,1,BCFEB5BC14,015009,codice ISTAT
Milano,MILANO,REGIONE LOMBARDIA,80050050154,GECA 9_2026,"GECA 9/2026 – SERVIZIO DI ASSISTENZA TECNICA IN MATERIA DI ARMONIZZAZIONE DEI BILANCI EX D.LGS. 118/2011 PER LA TENUTA DELLA CONTABILITÀ ECONOMICO-PATRIMONIALE, LA PREDISPOSIZIONE DEL BILANCIO DI ESERCIZIO E DEL BILANCIO CONSOLIDATO, LA RICONCILIAZIONE TRA LE POSTE DEL BILANCIO REGIONALE DELLA GESTIONE SANITARIA ACCENTRATA E QUELLE ISCRITTE NEL BILANCIO REGIONALE.",Aperta,SERVIZI,"Servizi tecnici, IT e professionali",79211000-6,SERVIZI DI CONTABILITÀ,519333.33,2026-09-21,2026-10-19,ANAC cig,1,BD0757859B,015146,codice ISTAT
Milano,MILANO,"MINSTERO DEI TRASPORTI E DELLA NAVIGAZIONE-GESTIONE NAVIGAZIONE LAGHI MAGGIORE, GARDA E COMO",00802050153,G16461-351438af-ad45-46d5-9e0a-deddd7dfeaec,"PROCEDURA NEGOZIATA SENZA PUBBLICAZIONE DEL BANDO, AI SENSI DELLART. 158 COMMA 2 LETTERA A) D.LGS. N. 36/2023, CON APPLICAZIONE DEL CRITERIO DEL MINOR PREZZO, PER LA REVISIONE A ZERO ORE DI N. 2 MOTORI MTU 16V 2000 M70.",Negoziata (invito),SERVIZI,"Edilizia, lavori e manutenzioni",50241000-6,SERVIZI DI RIPARAZIONE E MANUTENZIONE DI NAVI,386100.0,2026-09-28,2026-10-19,ANAC cig,1,BD219DD145,013075,codice ISTAT
Milano,RESCALDINA,COMUNE DI RESCALDINA,01633080153,CONSIP_RDO_6611547,FORNITURA SERVIZIO PER ESPLETAMENTO CONCORSI PUBBLICI.,Negoziata (invito),SERVIZI,"Servizi tecnici, IT e professionali",79610000-3,SERVIZI DI COLLOCAMENTO DEL PERSONALE,8200.0,2026-09-30,2026-10-19,ANAC cig,1,BD2B0CCF2A,015181,codice ISTAT
Milano,SEGRATE,COMUNE DI SEGRATE,83503670156,83503670156 - 5 26 S,AFFIDAMENTO DEL SERVIZIO DI DISINFESTAZIONE E DERATTIZZAZIONE PER LA DURATA DI CINQUE ANNI,Aperta,SERVIZI,"Pulizie, sanificazione e rifiuti",90923000-3,SERVIZI DI DISINFESTAZIONE,290789.75,2026-09-17,2026-10-19,ANAC cig,1,BCFEAB531A,015205,codice ISTAT
Milano,MILANO,AZIENDA SOCIO SANITARIA TERRITORIALE (ASST) GRANDE OSPEDALE METROPOLITANO NIGUARDA,09315660960,Niguarda_2026_AM_22,INTERVENTI MANUTENTIVI REPARTO PEDIATRIA,Negoziata (invito),LAVORI,"Edilizia, lavori e manutenzioni",45259000-7,RIPARAZIONE E MANUTENZIONE DI IMPIANTI,234293.31,2026-09-23,2026-10-19,ANAC cig,1,BD13CA63E3,015146,codice ISTAT
Milano,MILANO,MILANO RISTORAZIONE S.P.A.,13226890153,PA_16_2026_CASEARIO,FORNITURA DI CASEARIO SUDDIVISA IN 9 LOTTI,Aperta,FORNITURE,Forniture di beni,15543400-0,PARMIGIANO,6984000.0,2026-09-17,2026-10-20,ANAC cig,9,BCFD519DF0 BCFD5138FE BCFD517C4A BCFD516B77 BCFD51AEC3 BCFD518D1D BCFD51BF96 BCFD515AA4 BCFD5149D1,015146,codice ISTAT
Milano,MILANO,AZIENDA SOCIO SANITARIA TERRITORIALE (ASST) GRANDE OSPEDALE METROPOLITANO NIGUARDA,09315660960,Niguarda_2026_GC_74,GARA EUROPEA A PROCEDURA TELEMATICA APERTA PER L'AGGIUDICAZIONE DEL CONTRATTO AVENTE AD OGGETTO LA FORNITURA DI SISTEMI PER ANESTESIA DA INSTALLARE PRESSO VARI BLOCCHI OPERATORI DELL'ASST GRANDE OSPEDALE METROPOLITANO NIGUARDA,Aperta,FORNITURE,Sanità e servizi alla persona,33172100-7,APPARECCHI PER ANESTESIA,1015000.0,2026-09-18,2026-10-20,ANAC cig,1,BD0021F581,015146,codice ISTAT
Milano,MILANO,UNIVERSITA' DEGLI STUDI DI MILANO- BICOCCA,12621570154,G03533-879802fe-43fd-4765-b8df-14cb94828785,"ACCORDO QUADRO CON UNICO OPERATORE ECONOMICO AI SENSI DELL'ART. 59, CO. 3, D. LGS. 36/23, PER L'AFFIDAMENTO DEL SERVIZIO DI PUBBLICAZIONE DELLA COLLANA DEL DIPARTIMENTO DI GIURISPRUDENZA DELL'UNIVERSITÀ DEGLI STUDI DI MILANO-BICOCCA PER LA DURATA DI QUATTRO ANNI",Negoziata (invito),SERVIZI,"Servizi tecnici, IT e professionali",79970000-4,SERVIZI DI EDITORIA,150000.0,2026-09-22,2026-10-20,ANAC cig,1,BD11707821,015146,codice ISTAT
Milano,SAN DONATO MILANESE,STOCCAGGI GAS ITALIA S.P.A.,13271380159,414070_tender_12111,ASSISTENZA TECNICA E MANUTENZIONE SISTEMA COS,Negoziata (invito),SERVIZI,"Servizi tecnici, IT e professionali",72250000-2,SERVIZI DI MANUTENZIONE DI SISTEMI E DI ASSISTENZA,249400.01,2026-09-22,2026-10-20,ANAC cig,1,BCEC7F3239,015146,codice ISTAT
Milano,LEGNANO,ALTO MILANESE GESTIONI AVANZATE PER ACRONIMO DEN. AMGA LEGNANO SPA,10811500155,tender://amga/id/3552,SERVIZIO DI PULIZIA E SANIFICAZIONE DEGLI IMMOBILI DI PROPRIETÀ O IN GESTIONE ALLE AZIENDE DEL GRUPPO AMGA LEGNANO S.P.A.,Aperta,SERVIZI,"Pulizie, sanificazione e rifiuti",90910000-9,SERVIZI DI PULIZIA,3000000.0,2026-09-18,2026-10-21,ANAC cig,1,BD006A3F74,015118,codice ISTAT
Milano,MILANO,AZIENDA TRASPORTI MILANESI S.P.A.,97230720159,76088dcd-76db-44d5-9bfa-0b8fdc8277b3@1957-G-4844,MANUTENZIONE SOLLEVATORI A COLONNA E PONTI DI SOLLEVAMENTO ROTABILI,Aperta,SERVIZI,"Edilizia, lavori e manutenzioni",50531400-0,SERVIZI DI RIPARAZIONE E MANUTENZIONE DI GRU,1982572.11,2026-09-15,2026-10-21,ANAC cig,1,BCF3A66485,015146,codice ISTAT
Milano,LEGNANO,EURO.PA SERVICE SRL,05494610966,EuroPAService_2026_AT46,MANUTENZIONE E RIPRISTINO MANTI STRADALI,Negoziata (invito),LAVORI,"Edilizia, lavori e manutenzioni",45233141-9,LAVORI DI MANUTENZIONE STRADALE,960000.0,2026-09-23,2026-10-21,ANAC cig,1,BD1714A4A2,015118,codice ISTAT
Milano,MILANO,RICERCA SUL SISTEMA ENERGETICO - RSE S.P.A.,05058230961,tender://rse_web/id/2081,"AVVISO PUBBLICO PER INDAGINE DI MERCATO FINALIZZATA ALL'INDIVIDUAZIONE DI OPERATORI ECONOMICI DA INVITARE ALLA PROCEDURA NEGOZIATA SENZA BANDO DI CUI ALL'ART. 50, COMMA 1, LETT. C) DEL D.LGS. N. 36/2023 PER L'AFFIDAMENTO DEI LAVORI DI REALIZZAZIONE DI UN SISTEMA HPC DI RICARICA VELOCE PER LA SEDE RSE DI MILANO.",Negoziata (invito),LAVORI,Impianti ed energia,45315600-4,IMPIANTI A BASSA TENSIONE,738957.92,2026-09-22,2026-10-21,ANAC pubblicazioni,1,BD0B37906D,015146,codice ISTAT
Milano,MILANO,FONDAZIONE IRCCS CA GRANDA OSPEDALE MAGGIORE POLICLINICO,04724150968,IC - ATTI 191-2026,"GARA EUROPEA A PROCEDURA APERTA, AI SENSI DELL'ART. 71 DEL D.LGS. 36/2023, PER LA FORNITURA DI UN SISTEMA DIGITALE INTRAOPERATORIO ESOSCOPICO ROBOTIZZATO E DEL RELATIVO CONTRATTO DI MANUTENZIONE TRIENNALE POST GARANZIA PER LE NECESSITA' DELLA SC NEUROCHIRURGIA- BLOCCO OPERATORIO PADIGLIONE MONTEGGIA DELLA FONDAZIONE IRCCS CA' GRANDA – OSPEDALE MAGGIORE POLICLINICO",Aperta,FORNITURE,Forniture di beni,38434540-3,APPARECCHIATURE BIOMEDICHE,1543014.71,2026-09-17,2026-10-21,ANAC cig,1,BCFC6FC867,015146,codice ISTAT
Milano,SAN DONATO MILANESE,SNAM RETE GAS S.P.A.,10238291008,414070_tender_11981,PACKAGE RECUPERO GAS - CENTRALI DI TERRANUOVA,Negoziata (bando),FORNITURE,Forniture di beni,42120000-6,POMPE E COMPRESSORI,900000.0,2026-09-25,2026-10-21,ANAC cig,1,BC44392FF0,051039,codice ISTAT
Milano,MILANO,AZIENDA TRASPORTI MILANESI S.P.A.,97230720159,d62e5214-5862-4700-b090-ebccde5981e7@1940-G-5286,S01_AFFIDAMENTO POLIZZA RCA 2027-2028,Negoziata (bando),SERVIZI,"Servizi tecnici, IT e professionali",66516100-1,SERVIZI DI ASSICURAZIONE DI RESPONSABILITÀ CIVILE AUTOVEICOLI,9000000.0,2026-09-29,2026-10-22,ANAC cig,1,BD25FD6F87,015146,codice ISTAT
Milano,MILANO,COMUNE DI MILANO,01199250158,35_2026_BBSS,APPALTO 35/2026 - AFFIDAMENTO DEL SERVIZIO DI WELFARE INTEGRATIVO PER IL PERSONALE DIRIGENTE DEL COMUNE DI MILANO,Aperta,SERVIZI,"Servizi tecnici, IT e professionali",66512220-0,SERVIZI DI ASSICURAZIONE MEDICA,400000.0,2026-09-17,2026-10-22,ANAC cig,1,BCFB7C6AF8,015146,codice ISTAT
Milano,SESTO SAN GIOVANNI,COMUNE DI SESTO SAN GIOVANNI,02253930156,2026_SERVIZIO_TESORERIA_COMUNALE_2_ESP,AFFIDAMENTO DEL SERVIZIO DI TESORERIA PER IL COMUNE DI SESTO SAN GIOVANNI 2 ESPERIMENTO,Aperta,SERVIZI,"Servizi tecnici, IT e professionali",66600000-6,SERVIZI DI TESORERIA,240000.0,2026-09-17,2026-10-22,ANAC cig,1,BCFB928F18,015209,codice ISTAT
Milano,SAN DONATO MILANESE,SNAM FSRU ITALIA S.R.L.,11313580968,414070_tender_11995,MASTER CIV - MEC CENTRALE DI PANIGAGLIA,Negoziata (bando),LAVORI,"Edilizia, lavori e manutenzioni",50514200-3,SERVIZI DI RIPARAZIONE E MANUTENZIONE DI SERBATOI,36000000.0,2026-09-29,2026-10-22,ANAC pubblicazioni,1,BCFEBE3C4F,011022,codice ISTAT
Milano,RESCALDINA,COMUNE DI RESCALDINA,01633080153,ARREDO_URBANO_RESCALDINA_V02,"AFFIDAMENTO IN CONCESSIONE DEL SERVIZIO PER FORNITURA, POSA E GESTIONE DI IMPIANTI DI ARREDO URBANO CON ANNESSO SPAZIO PUBBLICITARIO E SEGNALETICA INDUSTRIALE, ARTIGIANALE, COMMERCIALE - PERIODO DAL 01/01/2027 AL 31/12/2031",Aperta,SERVIZI,"Servizi tecnici, IT e professionali",79341200-8,SERVIZI DI GESTIONE PUBBLICITARIA,187000.0,2026-09-22,2026-10-23,ANAC cig,1,BD0AC9C67F,015181,codice ISTAT
Milano,MILANO,CITTA' METROPOLITANA DI MILANO,08911820960,PA_VOIP_2026,PROCEDURA APERTA PER L'AFFIDAMENTO DELLA FORNITURA E POSA IN OPERA NECESSARI ALL'ESTENSIONE DEL CLOUD TELEFONICO METROPOLITANO (VOIP) CUP J56F26000220003,Aperta,FORNITURE,Forniture di beni,32429000-6,APPARECCHIATURA DI RETE TELEFONICA,501000.0,2026-09-21,2026-10-23,ANAC cig,1,BD062C466C,015146,codice ISTAT
Milano,GARBAGNATE MILANESE,AZIENDA SOCIO -SANITARIA TERRITORIALE RHODENSE,09323530965,706_2026_serviziodimanutenzionesiemens,SERVIZIO DI ASSISTENZA E MANUTENZIONE FULL RSIK SU APPARECCHIATURE ELETTROMEDICALI AD ALTO CONTENUTO TECNOLOGICO DI PRODUZIONE SIEMENS,Negoziata (invito),SERVIZI,"Edilizia, lavori e manutenzioni",50421000-2,SERVIZI DI RIPARAZIONE E MANUTENZIONE DI ATTREZZATURE MEDICHE,212437.5,2026-09-14,2026-10-23,ANAC cig,1,BCF760471E,015105,codice ISTAT
Milano,MILANO,PROVVEDITORATO REGIONALE DELL AMMINISTRAZIONE PENITENZIARIA,80118570151,CONSIP_RDO_6601339,LAVORI DI MANUTENZIONE STRAORDINARIA DEL MANTO DI COPERTURA CON INTERVENTI DI RIQUALIFICAZIONE DELLE CAMERE DI PERNOTTAMENTO DELLA CASERMA AGENTI FEMMINILE DELLA CASA CIRCONDARIALE DI MONZA,Negoziata (invito),LAVORI,"Edilizia, lavori e manutenzioni",45454000-4,LAVORI DI RISTRUTTURAZIONE,498117.8,2026-09-25,2026-10-24,ANAC cig,1,BD1EF633C2,015146,codice ISTAT
Milano,BUCCINASCO,COMUNE DI BUCCINASCO,03482920158,SERVIZIO IMPIANTI ELEVAZIONE 2027_2030,"APPALTO PLURIENNALE 2027/2030 PER LO SVOLGIMENTO DEL SERVIZIO DI GESTIONE, MANUTENZIONE ORDINARIA, STRAORDINARIA E PRONTO INTERVENTO IMPIANTI ELEVATORI ",Aperta,SERVIZI,Impianti ed energia,50750000-7,SERVIZI DI MANUTENZIONE DI ASCENSORI,106656.0,2026-09-17,2026-10-25,ANAC cig,1,BCFD64772A,015036,codice ISTAT
Milano,MILANO,FONDAZIONE IRCCS CA GRANDA OSPEDALE MAGGIORE POLICLINICO,04724150968,IC - ATTI 331-2026,"GARA EUROPEA A PROCEDURA APERTA, AI SENSI DELL'ART. 71 DEL D.LGS. 36/2023, PER LA FORNITURA DI N. 1 SISTEMA ANGIOGRAFICO MONOPLANARE COMPRENSIVA DI ALMENO 24 MESI DI GARANZIA FULL RISK PER LE NECESSITA' DELLA SC CARDIOLOGIA DELLA FONDAZIONE IRCCS CA' GRANDA – OSPEDALE MAGGIORE POLICLINICO",Aperta,FORNITURE,Forniture di beni,38434540-3,APPARECCHIATURE BIOMEDICHE,2058196.72,2026-09-21,2026-10-26,ANAC cig,1,BD084B04B0,015146,codice ISTAT
Milano,MILANO,AZIENDA TRASPORTI MILANESI S.P.A.,97230720159,c2676245-8864-47e9-ba54-e68949ed0730@1958-G-5188,SERVIZI FIDUCIARI,Aperta,SERVIZI,Sanità e servizi alla persona,98341120-2,SERVIZI DI PORTINERIA,7291446.12,2026-09-18,2026-10-26,ANAC cig,1,BD002B9497,015146,codice ISTAT
Milano,ASSAGO,MILANO SERRAVALLE - MILANO TANGENZIALI S.P.A.,00772070157,GS 11 2026-d69ef809-56c1-4041-9906-ea323b4e9b64,"GS11/2026 - GARA EUROPEA A PROCEDURA TELEMATICA APERTA AI SENSI DELL'ART. 71 DEL D.LGS. 36/2023 CON INVERSIONE PROCEDIMENTALE AI SENSI DELL'ART. 107, COMMA 3, DEL D.LGS. 36/2023 SERVIZIO NOLEGGIO A LUNGO TERMINE DI TRE AUTO IN BENEFIT, RIPARTITA IN N. 3 LOTTI",Aperta,SERVIZI,"Edilizia, lavori e manutenzioni",50111100-7,SERVIZI DI GESTIONE DEL PARCO MACCHINE,254208.0,2026-09-21,2026-10-26,ANAC cig,3,BD051B0E86 BD051B2031 BD051B1F59,015011,codice ISTAT
Milano,MILANO,FONDAZIONE IRCCS CA GRANDA OSPEDALE MAGGIORE POLICLINICO,04724150968,IC - ATTI 411-2026,"GARA EUROPEA A PROCEDURA APERTA, AI SENSI DELL'ART. 71 DEL D.LGS. 36/2023, PER LA FORNITURA DI N. 1 LASER CO2 E N. 2 LASER HO:YAG PER LE NECESSITA' DEL BLOCCO OPERATORIO DEL NUOVO BUILDING DELLA FONDAZIONE IRCCS CA' GRANDA – OSPEDALE MAGGIORE POLICLINICO",Aperta,FORNITURE,Forniture di beni,38434540-3,APPARECCHIATURE BIOMEDICHE,990600.0,2026-09-21,2026-10-26,ANAC cig,2,BD085114BC BD085103E9,015146,codice ISTAT
Milano,MILANO,FERROVIENORD SOCIETA' PER AZIONI,06757900151,0887-0888-2026-d0333490-787c-4d74-adbd-d8ac1a543a59,"LAVORI MANUTENZIONE ON CONDITION E DI PRONTO INTERVENTO ALLA SEDE FERROVIARIA, AI MANUFATTI E AGLI EDIFICI LUNGO LA RETE FERROVIARIA DI FERROVIENORD S.P.A. COMPRENSIVO DI SERVIZI DI PROGETTAZIONE ESECUTIVA:LOTTO 1 - RAMO MILANO (PROC. 0887-2026)LOTTO 2 RAMO ISEO (PROC. 0888-2026)",Aperta,LAVORI,"Edilizia, lavori e manutenzioni",45234100-7,LAVORI DI COSTRUZIONE FERROVIARI,4285000.0,2026-09-21,2026-10-26,ANAC cig,2,BD05D07A29 BD05D08AFC,015146,codice ISTAT
Milano,MILANO,AERONAUTICA MILITARE - DIREZIONE DI INTENDENZA,97958960151,CONSIP_RDO_6607392,SERVIZIO DI PULIZIA CASERME DA ESEGUIRSI PRESSO IL 36 STORMO CACCIA DI GIOIA DEL COLLE ED IL GRUPPO RIFORNIMENTI AREA SUD DI FRANCAVILLA FONTANA PERIODO NOVEMBRE DICEMBRE 2026 CON POSSIBILITÀ DI PROROGA CONTRATTUALE FINO A GIUGNO 2027,Ristretta,SERVIZI,"Pulizie, sanificazione e rifiuti",90910000-9,SERVIZI DI PULIZIA,408039.94,2026-09-28,2026-10-26,ANAC cig,1,BD23B4529A,015146,codice ISTAT
Milano,RHO,AZIENDA SERVIZI COMUNALI ALLA PERSONA IN BREVE SER.CO.P,05728560961,company_1469_procurement_305,"GARA EUROPEA A PROCEDURA APERTA PER L'AFFIDAMENTO DELLA PROGETTAZIONE, ORGANIZZAZIONE E GESTIONE DEI SERVIZI DI ACCOGLIENZA, INTEGRAZIONE E TUTELA RIVOLTI AI RICHIEDENTI ASILO, RIFUGIATI, NELL'AMBITO DEL PROGETTO TERRITORIALE RHODENSE ADERENTE AL SISTEMA DI ACCOGLIENZA E INTEGRAZIONE (SAI) CON IL CRITERIO DELL'OFFERTA ECONOMICAMENTE PIU' VANTAGGIOSA - PERIODO 01/01/2027 – 30/06/2029 - CUP H94H26000160001",Aperta,SERVIZI,Sanità e servizi alla persona,85310000-5,SERVIZI DI ASSISTENZA SOCIALE,4769779.73,2026-09-24,2026-10-26,ANAC cig,1,BD11DE420F,015182,codice ISTAT
Milano,MILANO,UNIVERSITA' DEGLI STUDI DI MILANO,80012650158,G38071-5b593d9e-ee17-4367-9e25-b54fbe19cad6,"SGA 26_930 GARA D'APPALTO A PROCEDURA APERTA, AI SENSI DELL'ART. 71 DEL D.LGS. N. 36/2023, PER L'AFFIDAMENTO DEL SERVIZIO DI RITIRO, TRASPORTO E SMALTIMENTO DI RIFIUTI RADIOATTIVI - PRODOTTI PRESSO LE SEDI DELL'UNIVERSITÀ DEGLI STUDI DI MILANO - E DELLE RELATIVE ATTIVITÀ ACCESSORIE (3 ANNI + 2 ANNI OPZIONALI)",Aperta,SERVIZI,"Pulizie, sanificazione e rifiuti",90520000-8,"SERVIZI PER RIFIUTI RADIOATTIVI, TOSSICI, MEDICALI E PERICOLOSI",383077.2,2026-09-24,2026-10-26,ANAC cig,1,BD16191B17,015146,codice ISTAT
Milano,MILANO,FONDAZIONE IRCCS CA GRANDA OSPEDALE MAGGIORE POLICLINICO,04724150968,ATTI 37.2026,POLIZZA INCENDIO DEL PATRIMONIO DISPONIBILE ,Aperta,SERVIZI,"Servizi tecnici, IT e professionali",66510000-8,SERVIZI ASSICURATIVI,1575000.0,2026-09-21,2026-10-27,ANAC cig,1,BD04CA010C,015146,codice ISTAT
Milano,MILANO,COMUNE DI MILANO,01199250158,36_2026_BBSS,"APPALTO 36/2026 - AFFIDAMENTO DEI SERVIZI DI INDAGINI DIAGNOSTICHE, RILIEVO DEI DISTACCHI DI INTONACO E DI SFONDELLAMENTO DEI SOLAI (METODO NON INVASIVO) NEI VARI EDIFICI SCOLASTICI E ALTRI IMMOBILI DI PROPRIETÀ DEL COMUNE DI MILANO - INTERVENTO A",Aperta,SERVIZI,"Servizi tecnici, IT e professionali",71600000-4,"SERVIZI DI PROVA TECNICA, ANALISI E CONSULENZA",910965.34,2026-09-17,2026-10-27,ANAC cig,1,BCFBFD83E5,015146,codice ISTAT
Milano,MILANO,CONSORZIO DI BONIFICA EST TICINO - VILLORESI,97057290153,company_1521_procurement_225,PROCEDURA APERTA PER IL SERVIZIO CONCERNENTE LA PROGETTAZIONE DI FATTIBILITÀ TECNICO-ECONOMICA ED ESECUTIVA DI UNA VASCA DI LAMINAZIONE DELLE PIENE DELTORRENTE MOLGORA IN COMUNE DI LOMAGNA (LC),Aperta,SERVIZI,"Servizi tecnici, IT e professionali",71322000-1,SERVIZI DI PROGETTAZIONE TECNICA PER LA COSTRUZIONE DI OPERE DI INGEGNERIA CIVILE,659732.24,2026-09-28,2026-10-28,ANAC cig,1,BD1A42B135,097044,codice ISTAT
Milano,MILANO,UNIVERSITA' DEGLI STUDI DI MILANO,80012650158,CONSIP_RDO_6452438,"APPALTO SPECIFICO INDETTO DALL' UNIVERSITÀ DEGLI STUDI DI MILANO PER L'AFFIDAMENTO DEL SERVIZIO DI MANUTENZIONE DELLE AREE SISTEMATE A VERDE IN USO, A QUALSIASI TITOLO, DALL'UNIVERSITÀ, NELL'AMBITO DEL SISTEMA DINAMICO DI ACQUISIZIONE DELLA PUBBLICA AMMINISTRAZIONE PER LA FORNITURA DEI SERVIZI AGLI IMMOBILI IN USO, A QUALSIASI TITOLO, ALLE PUBBLICHE AMMINISTRAZIONI",Ristretta,SERVIZI,Verde e ambiente,77310000-6,SERVIZI DI PIANTAGIONE E MANUTENZIONE DI ZONE VERDI,1891000.0,2026-09-24,2026-10-28,ANAC cig,1,BD1ADD49FB,015146,codice ISTAT
Milano,SEGRATE,SOCIETA PER AZIONI ESERCIZI AEROPORTUALI S.E.A.,00826040156,413486_tender_935,"ACCORDO QUADRO MULTI-OPERATORE PER L'AFFIDAMENTO DI UN APPALTO PER SERVIZI DI INGEGNERIA COMPRENDENTI PROGETTAZIONE DI INFRASTRUTTURE DI VOLO E VIABILITÀ, OPERE CIVILI ED OPERE IMPIANTISTICHE CONNESSE, ATTIVITÀ SPECIALISTICHE",Aperta,SERVIZI,"Servizi tecnici, IT e professionali",71300000-1,SERVIZI DI INGEGNERIA,10350000.0,2026-09-28,2026-10-28,ANAC cig,1,BD1D7C34CA,015205,codice ISTAT
Milano,SAN DONATO MILANESE,SNAM RETE GAS S.P.A.,10238291008,414070_tender_12104,FORNITURA IN OPERA DI SISTEMA DI MISURA NON FISCALE DELLA PORTATA ,Negoziata (bando),FORNITURE,Forniture di beni,38421000-2,STRUMENTI DI MISURA DELLA PORTATA,60000.0,2026-09-29,2026-10-29,ANAC cig,1,BD0B2A2EFC,028072,codice ISTAT
Milano,ROZZANO,COMUNE DI ROZZANO,01743420158,SERV TESORERIA,AFFIDAMENTO DEL SERVIZIO DI TESORERIA,Aperta,SERVIZI,"Servizi tecnici, IT e professionali",66600000-6,SERVIZI DI TESORERIA,615000.0,2026-08-25,2026-10-30,ANAC cig,1,BCC18F775A,015189,codice ISTAT
Milano,MILANO,TRENORD S.R.L.,06705490966,913973_tender_3050,PROC. 1587/2026 FORNITURA COMPONENTI ACCOPPIATORI,Negoziata (invito),FORNITURE,Forniture di beni,34630000-2,PARTI DI RICAMBIO DI LOCOMOTIVE O MATERIALE ROTABILE FERROVIARI O FERROTRANVIARI; APPARECCHIATURE DI CONTROLLO-COMANDO FERROVIARIO,118528.8,2026-09-24,2026-10-30,ANAC pubblicazioni,1,BD1629F9E7,015146,codice ISTAT
Milano,GARBAGNATE MILANESE,AZIENDA SOCIO -SANITARIA TERRITORIALE RHODENSE,09323530965,706_2026_das5,AFFIDAMENTO IN CONCESSIONE DEL SISTEMA DISTRIBUITED ANTENNA SYSTEMS (DAS) IN TECNOLOGIA 5G READY INDOOR E OUTDOOR,Negoziata (invito),SERVIZI,Forniture di beni,32571000-6,INFRASTRUTTURE PER COMUNICAZIONI,100000.0,2026-09-29,2026-10-30,ANAC cig,1,BD2519B13F,015105,codice ISTAT
Milano,MELZO,COMUNE DI MELZO,00795710151,CIM27MEL,"ATTIVITÀ DI ESUMAZIONE, ESTUMULAZIONE, RESTI, PULIZIA.",Aperta,SERVIZI,Sanità e servizi alla persona,98371110-8,SERVIZI CIMITERIALI,759853.0,2026-09-30,2026-10-30,ANAC cig,1,BD2719FCC9,015142,codice ISTAT
Milano,SESTO SAN GIOVANNI,AZIENDA SOCIO-SANITARIA TERRITORIALE NORD MILANO,09320420962,MANUTENZIONEAPP3,"PROCEDURA APERTA PER L'AFFIDAMENTO DEL SERVIZIO DI ASSISTENZA TECNICA E MANUTENZIONE FULL RISK, PER UN PERIODO DI 60 MESI PER APPARECCHIATURE DI RADIOLOGIA AD ALTA TECNOLOGIA MARCA ASSING ED ESAOTE IN USO PRESSO L'OSPEDALE E. BASSINI E L'OSPEDALE CITTÀ DI SESTO SAN GIOVANNI DELL'ASST NORD MILANO ",Aperta,SERVIZI,"Edilizia, lavori e manutenzioni",50400000-9,SERVIZI DI RIPARAZIONE E MANUTENZIONE DI ATTREZZATURE MEDICHE E DI PRECISIONE,1384250.0,2026-09-23,2026-10-30,ANAC cig,2,BD0FBDDD80 BD0FBDCCAD,015209,codice ISTAT
Milano,MILANO,FERROVIENORD SOCIETA' PER AZIONI,06757900151,0963-2026-614a17ee-0df6-46b7-9515-a2dfe716daff,SERVIZIO DI MANUTENZIONE DEGLI IMPIANTI ELEVATORI,Aperta,SERVIZI,Impianti ed energia,50750000-7,SERVIZI DI MANUTENZIONE DI ASCENSORI,10662189.44,2026-09-21,2026-10-30,ANAC cig,1,BD05FBF885,015146,codice ISTAT
Milano,MILANO,AZIENDA DI SERVIZI ALLA PERSONA ISTITUTI MILANESI MARTINITT E STELLINE E PIO ALBERGO TRIVULZIO,04137830966,portierato 2026v4,PORTIERATO 2026,Aperta,SERVIZI,Sanità e servizi alla persona,98390000-3,ALTRI SERVIZI,1154908.6,2026-09-25,2026-10-30,ANAC cig,1,BD180E5569,097048,codice ISTAT
Milano,MILANO,AZIENDA SOCIO SANITARIA TERRITORIALE (ASST) GRANDE OSPEDALE METROPOLITANO NIGUARDA,09315660960,Niguarda_2026_SIA_48,"GARA EUROPEA A PROCEDURA TELEMATICA APERTA, IN FORMA AGGREGATA, PER L'AGGIUDICAZIONE DEL CONTRATTO AVENTE AD OGGETTO IL SERVIZIO DI GESTIONE DEL NETWORK OPERATION CENTER (NOC)",Aperta,FORNITURE,"Servizi tecnici, IT e professionali",48900000-7,PACCHETTI SOFTWARE E SISTEMI INFORMATICI VARI,17150520.0,2026-09-25,2026-10-30,ANAC cig,3,BD18BEE0AE BD18BF0254 BD18BEF181,015146,codice ISTAT
Milano,MILANO,FERROVIENORD SOCIETA' PER AZIONI,06757900151,1073-2026-0ae26445-5a77-4800-afc4-e70230057ded,SERVIZIO DI RIPARAZIONE DI APPARECCHIATURE PER IL SEGNALAMENTO FERROVIARIO,Negoziata (invito),SERVIZI,"Edilizia, lavori e manutenzioni",50232200-2,SERVIZI DI MANUTENZIONE DI IMPIANTI DI SEGNALAZIONE,130000.0,2026-09-16,2026-10-30,ANAC cig,1,BCFE60DB6C,015146,codice ISTAT
Milano,ALBAIRATE,COMUNE DI ALBAIRATE,03623810151,CUCBSVT-56-2026,SERVIZIO DI RISTORAZIONE SCOLASTICA/DIPENDENTI COMUNALI - PERIODO 01/01/2027 - 31/07/2031 NEL COMUNE DI ALBAIRATE (MI) ,Aperta,SERVIZI,Sanità e servizi alla persona,55524000-9,SERVIZI DI RISTORAZIONE SCOLASTICA,1451250.0,2026-09-29,2026-10-31,ANAC cig,1,BD23A01739,015005,codice ISTAT
Milano,MILANO,SOCIETA' GASDOTTI ITALIA S.P.A.,04513630964,tender://gasdottitalia/id/332,2026-40000204: PROCEDURA NEGOZIATA PER L'AFFIDAMENTO DEI LAVORI DI REALIZZAZIONE DEL GASDOTTO BRETELLA PETACCIATO DN 150 (6'') DP 75 BAR ED OPERE CONNESSE,Negoziata (invito),LAVORI,Forniture di beni,44161100-7,GASDOTTI,3452394.11,2026-09-02,2026-10-31,ANAC cig,1,BCD9509C32,070051,codice ISTAT
Milano,ABBIATEGRASSO,COMUNE DI ABBIATEGRASSO,01310880156,01310880156_9_2026,ACCORDO QUADRO PER LAVORI E SERVIZI DI MANUTENZIONE IMPIANTI ELETTRICI ,Aperta,LAVORI,"Edilizia, lavori e manutenzioni",45259000-7,RIPARAZIONE E MANUTENZIONE DI IMPIANTI,619200.0,2026-09-30,2026-11-01,ANAC cig,1,BD2528A678,015002,codice ISTAT
Milano,MILANO,AZIENDA REGIONALE PER L INNOVAZIONE E GLI ACQUISTI S.P.A.,05017630152,ARIA_2026_660_F,"ARIA_2026_660_F_ LOTTO UNICO, PER LA FORNITURA DI LICENZE, DEI PRODOTTI QLIK SENSE ENTERPRISE E QLIK ANALYTICS PLATFORM",Aperta,FORNITURE,"Servizi tecnici, IT e professionali",48611000-4,PACCHETTI SOFTWARE PER BASE DATI,451839.6,2026-09-29,2026-11-02,ANAC cig,1,BD2155A820,015146,codice ISTAT
Milano,MILANO,FONDAZIONE TEATRO ALLA SCALA DI MILANO,00937610152,tender://teatroallascala/id/7185,LA FONDAZIONE TEATRO ALLA SCALA (DI SEGUITO STAZIONE APPALTANTE) HA DECISO DI AFFIDARE LA FORNITURA DI CONTAINER PER IL RICOVERO E LA GESTIONE DEL PATRIMONIO SCENOGRAFICO DI PROPRIETÀ DELLA FONDAZIONE STESSA.,Aperta,FORNITURE,Forniture di beni,34221000-2,CONTAINER MOBILI SPECIALI,9000000.0,2026-09-30,2026-11-02,ANAC cig,1,BD25A51180,015146,codice ISTAT
Milano,MILANO,MM S.P.A.,01742310152,ce12bcee-43ee-47e4-a903-c17f4cfc04bf,"GARA 32/2026/ACQ - PROCEDURA APERTA PER L'AFFIDAMENTO DEL SERVIZIO DI INTERMEDIAZIONE, SENZA DETENZIONE E GESTIONE OPERATIVA PER IL RITIRO, TRASPORTO E SMALTIMENTO DEI RIFIUTI SPECIALI, PERICOLOSI E NON PERICOLOSI, PRODOTTI DA MM S.P.A",Aperta,SERVIZI,"Pulizie, sanificazione e rifiuti",90511000-2,SERVIZI DI RACCOLTA DI RIFIUTI,576307.2,2026-09-25,2026-11-04,ANAC cig,1,BD187A9AB2,015146,codice ISTAT
Milano,MILANO,CITTA' METROPOLITANA DI MILANO,08911820960,EMERGO_ ASSISTENZA_TECNICA_APPRENDISTATO,"PROCEDURA APERTA SERVIZIO ASSISTENZA TECNICA PROGRAMMAZIONE, GESTIONE E CONTROLLO ATTIVITÀ FINANZIATE DA REGIONE LOMBARDIA RELATIVE A OFFERTA FORMATIVA APPRENDISTATO PROFESSIONALIZZANTE E CONTROLLI AMMINISTRATIVI ",Aperta,SERVIZI,"Servizi tecnici, IT e professionali",79411000-8,SERVIZI GENERALI DI CONSULENZA GESTIONALE,681450.0,2026-09-30,2026-11-04,ANAC cig,1,BD2438E8E6,015146,codice ISTAT
Milano,CASTANO PRIMO,COMUNE DI CASTANO PRIMO,01639920154,01639920154202500073,RIQUALIFICAZIONE TRATTO DELL'ASSE URBANO DEL CENTRO STORICO: CORSO MARTIRI PATRIOTI,Negoziata (invito),LAVORI,"Edilizia, lavori e manutenzioni",45233141-9,LAVORI DI MANUTENZIONE STRADALE,396643.37,2026-09-28,2026-11-05,ANAC cig,1,BD231C5BA4,015062,codice ISTAT
Milano,VIZZOLO PREDABISSI,ASST MELEGNANO E DELLA MARTESANA,09320650964,708_2026_CITOLOGIA LIQUIDA,"GARA EUROPEA A PROCEDURA APERTA, IN FORMA AGGREGATA, AI SENSI DEGLI ARTT. 14 E 71 DEL D.LGS. 36/2023 E S.M.I., PER LA FORNITURA IN SERVICE DI SISTEMI AUTOMATICI PER L'ALLESTIMENTO DI PREPARATI CITOLOGICI SU CAMPIONI RACCOLTI IN FASE LIQUIDA, COMPLETA DI MATERIALE DI CONSUMO, RELATIVI REAGENTI E MANUTENZIONE FULL-RISK, OCCORRENTE ALL'ASST MELEGNANO E MARTESANA, ALL'IRCCS SAN MATTEO, ALLA FONDAZIONE IRCCS CA' GRANDA, ALL'ASST VALLE OLONA, ALL'ASST SANTI PAOLO E CARLO E ALL'ASST FATEBENEFRATELLI SACCO PER UN PERIODO DI 5 ANNI ",Aperta,FORNITURE,Sanità e servizi alla persona,33124110-9,SISTEMI DIAGNOSTICI,9340990.0,2026-09-25,2026-11-05,ANAC cig,1,BD1959CD93,015244,codice ISTAT
Milano,MILANO,REGIONE LOMBARDIA,80050050154,Geca 13_2026,"SERVIZIO DI ASSISTENZA TECNICA SPECIALISTICA DI CARATTERE GIURIDICO, TECNICO ED ECONOMICO PER IL TPL E LA NAVIGAZIONE INTERNA IN DUE LOTTI",Aperta,SERVIZI,"Servizi tecnici, IT e professionali",79100000-5,SERVIZI GIURIDICI,623200.0,2026-09-29,2026-11-06,ANAC cig,2,BD21D6C10D BD21D6B03A,015146,codice ISTAT
Milano,ASSAGO,MILANO SERRAVALLE - MILANO TANGENZIALI S.P.A.,00772070157,01019-2026-605339f9-94fe-46be-9551-b3d56582fcf3,GL 4 2026 GARA EUROPEA A PROCEDURA TELEMATICA APERTA AI SENSI DELL'ART. 71 DEL D.LGS. 36/2023 CON INVERSIONE PROCEDIMENTALE - ACCORDO QUADRO CON UNICO OPERATORE EX ART. 59 CODICE PER L'AFFIDAMENTO DEI LAVORI INERENTI INTERVENTI A PROTEZIONE DEI PUNTI SINGOLARI SULLA AUTOSTRADA A50 - TANGENZIALE OVEST DI MILANO.,Aperta,LAVORI,"Edilizia, lavori e manutenzioni",45233292-2,INSTALLAZIONE DI DISPOSITIVI DI SICUREZZA,11954930.5,2026-09-29,2026-11-06,ANAC cig,1,BD22ABCD68,015011,codice ISTAT
Milano,MILANO,AREXPO SPA,07468440966,PA_LAVORI_SEREGNO,PROCEDURA APERTA TELEMATICA AI SENSI DELL'ART. 71 DEL D.LGS. N. 36/2023 E S.M.I. PER L'AFFIDAMENTO DEI LAVORI DI REALIZZAZIONE DI NUOVO EDIFICIO DESTINATO A POLO DELL'INNOVAZIONE PRESSO IL COMUNE DI SEREGNO,Aperta,LAVORI,"Edilizia, lavori e manutenzioni",45000000-7,LAVORI DI COSTRUZIONE,12888389.75,2026-09-21,2026-11-06,ANAC cig,1,BD0507281C,108039,codice ISTAT
Milano,ROZZANO,AREA SUD MILANO S.P.A.,03442430967,27e20ed8-338e-4a16-8540-cf39c4e61821@283-G-761,SERVIZIO DI SMALTIMENTO/TRATTAMENTO DI RIFIUTI SOLIDI URBANI NON PERICOLOSI IN SEILOTTI PER IL PERIODO DI UN ANNO,Aperta,SERVIZI,"Pulizie, sanificazione e rifiuti",90513000-6,SERVIZI DI TRATTAMENTO E SMALTIMENTO DI RIFIUTI URBANI E DOMESTICI NON PERICOLOSI,689361.2,2026-09-29,2026-11-09,ANAC cig,6,BD224F69BA BD224F9C33 BD224F7A8D BD224F58E7 BD224F8B60 BD224FAD06,015189,codice ISTAT
Milano,RHO,COMUNE DI RHO,00893240150,20CUC2026A,LAVORI DI SVILUPPO URBANO SOSTENIBILE: AZIONE 1- 04 - AL DI LA DELLA STAZIONE - CONNESSIONE CICLABILE TRA LUCERNATE E LO STECCONE COMUNE DI RHO (MI),Aperta,LAVORI,"Edilizia, lavori e manutenzioni",45233162-2,LAVORI DI COSTRUZIONE DI PISTE CICLABILI,3255454.43,2026-09-30,2026-11-09,ANAC cig,1,BD2986B0F2,015182,codice ISTAT
Milano,MILANO,AZIENDA REGIONALE PER L INNOVAZIONE E GLI ACQUISTI S.P.A.,05017630152,ARIA_2026_001,"ARIA_2026_001 PROCEDURA APERTA MULTILOTTO AI SENSI DELL'ART. 71 DEL D.LGS. N. 36/2023, PER L'AFF., IN AQ AI SENSI DELL'ART. 59 COMMA 4 LETTERA B) DEL D.LGS. N. 36/2023, DEL SERVIZIO DI GESTIONE E MAN. DELLE APP. ELETTROMEDICALI",Aperta,SERVIZI,"Edilizia, lavori e manutenzioni",50420000-5,SERVIZI DI RIPARAZIONE E MANUTENZIONE DI ATTREZZATURE MEDICO-CHIRURGICHE,242134356.4022,2026-09-03,2026-11-11,ANAC cig,2,BCD7CA7D22 BCD7CA6C4F,015146,codice ISTAT
Milano,MELZO,COMUNE DI MELZO,00795710151,SP004426,GESTIONE DELL'UNITA' D'OFFERTA SAI - SISTEMA DI ACCOGLIENZA E INTEGRAZIONE,Aperta,SERVIZI,Sanità e servizi alla persona,85310000-5,SERVIZI DI ASSISTENZA SOCIALE,1272596.47,2026-09-28,2026-11-13,ANAC cig,1,BD1E0C53C3,015142,codice ISTAT
Monza e della Brianza,MONZA,ISTITUTO STATALE DI ISTRUZIONE SUPERIORE MOSE BIANCHI,85006410154,CONSIP_RDO_6609141,PROGETTO SPORTELLO DI ASCOLTO E DI MENTORING A.S.2026/2027,Negoziata (invito),SERVIZI,Sanità e servizi alla persona,98000000-3,"ALTRI SERVIZI DI COMUNITÀ, SOCIALI E PERSONALI",7286.0,2026-09-29,2026-10-06,ANAC cig,1,BD26347690,108033,codice ISTAT
Monza e della Brianza,MONZA,ACINQUE TECNOLOGIE S.P.A.,01734970120,783762_tender_4957,SERVIZIO DI OPERE DI SALDATURA CALDAIE PRESSO LE NOSTRE CENTRALI DI COGENERAZION,Negoziata (invito),SERVIZI,"Edilizia, lavori e manutenzioni",50000000-5,SERVIZI DI RIPARAZIONE E MANUTENZIONE,100000.0,2026-09-15,2026-10-06,ANAC cig,1,BCF95AC6C0,108033,codice ISTAT
Monza e della Brianza,VIMERCATE,BRIANZACQUE S.R.L.,03988240960,BA_2026_07_05,"FORNITURA, ASSISTENZA AL MONTAGGIO E MANUTENZIONE FULL SERVICE DI N.16 SOFFIANTI A SERVIZIO DEL COMPARTO BIOLOGICO DELL'IMPIANTO DI DEPURAZIONE DI MONZA SAN ROCCO",Aperta,FORNITURE,Forniture di beni,42123000-7,COMPRESSORI,2163221.32,2026-09-04,2026-10-07,ANAC cig,1,BCDA8C22C6,108033,codice ISTAT
Monza e della Brianza,MONZA,FONDAZIONE IRCCS SAN GERARDO DEI TINTORI,12698710964,FACOEMULSIFICAZIONE-2026,MATERIALE DI CONSUMO E SISTEMI COMPLETI PER FACOEMULSIFICAZIONE,Aperta,FORNITURE,Sanità e servizi alla persona,33190000-8,DISPOSITIVI E PRODOTTI MEDICI VARI,23227053.17,2026-09-04,2026-10-08,ANAC cig,1,BCDB92261E,108033,codice ISTAT
Monza e della Brianza,MONZA,FONDAZIONE IRCCS SAN GERARDO DEI TINTORI,12698710964,2026_SDA_APALUTAMIDE,APALUTAMIDE,Ristretta,FORNITURE,Sanità e servizi alla persona,33690000-3,MEDICINALI VARI,510404.05,2026-09-25,2026-10-08,ANAC cig,1,BD1F3E6CE2,108033,codice ISTAT
Monza e della Brianza,MEDA,COMUNE DI MEDA,01745100154,01745100154/1584/PM/23/2026,LAVORI DI MANUTENZIONE STRADE COMUNALI ANNO 2025 2026,Negoziata (invito),LAVORI,"Edilizia, lavori e manutenzioni",45233141-9,LAVORI DI MANUTENZIONE STRADALE,318031.36,2026-09-22,2026-10-08,ANAC cig,1,BD12692BB3,108030,codice ISTAT
Monza e della Brianza,MONZA,PROVINCIA DI MONZA E DELLA BRIANZA,94616010156,tender://sua_mbcmm/id/667,"PROCEDURA NEGOZIATA PER L'AFFIDAMENTO DEI LAVORI DI MANUTENZIONE STRAORDINARIA, RIPRISTINO TECNOLOGICO CONSERVATIVO, RINFORZO STRUTTURALE MANUFATTI SP41 AGRATE-USMATE: PONTE P2 PK 8+669 DI SUPERAMENTO RFI, TORRENTE MOLGORA E VIA PER CARNATE, LOCALITÀ USMATE VELATE., A FAVORE DELLA PROVINCIA DI MONZA E DELLA BRIANZA, TRAMITE PIATTAFORMA TELEMATICA DIGITAL PA, CON IL CRITERIO DEL PREZZO PIU' BASSO",Negoziata (invito),LAVORI,"Edilizia, lavori e manutenzioni",45233141-9,LAVORI DI MANUTENZIONE STRADALE,380325.55,2026-09-22,2026-10-08,ANAC cig,1,BD0E4DF43B,108044,codice ISTAT
Monza e della Brianza,MONZA,PROVINCIA DI MONZA E DELLA BRIANZA,94616010156,tender://sua_mbcmm/id/668,"PROCEDURA NEGOZIATA PER L'AFFIDAMENTO DEI LAVORI DI RINNOVO E ADEGUAMENTO PONTI (MIMS-225 ANNI 2022/2023). CODICE INTERVENTO PROVINCIA MB: 2023-2022_MIMS-225_PV_RINN_ADEG. CODICE INTERVENTO MIT: 01758.V1.MB, IN FAVORE DELLA PROVINCIA DI MONZA E DELLA BRIANZA, ESPLETATA TRAMITE PIATTAFORMA TELEMATICA ACQUISTI TELEMATICI DI DIGITALPA S.R.L., CON IL CRITERIO DEL PREZZO PIU' BASSO",Negoziata (invito),LAVORI,"Edilizia, lavori e manutenzioni",45233141-9,LAVORI DI MANUTENZIONE STRADALE,981586.13,2026-09-23,2026-10-09,ANAC cig,1,BD13238887,108001,codice ISTAT
Monza e della Brianza,MONZA,PROVINCIA DI MONZA E DELLA BRIANZA,94616010156,tender://sua_mbcmm/id/669,"PROCEDURA APERTA PER L'AFFIDAMENTO DEI LAVORI DI RIQUALIFICAZIONE TRATTI STRADALI ANNO 2026 - MIMS 141/2022 , A FAVORE DELLA PROVINCIA DI MONZA E DELLA BRIANZA, TRAMITE PIATTAFORMA TELEMATICA DIGITAL PA, CON IL CRITERIO DEL PREZZO PIU' BASSO E CON INVERSIONE PROCEDIMENTALE",Aperta,LAVORI,"Edilizia, lavori e manutenzioni",45233141-9,LAVORI DI MANUTENZIONE STRADALE,1887000.0,2026-09-25,2026-10-12,ANAC cig,1,BD175CDDC2,108033,codice ISTAT
Monza e della Brianza,MONZA,FONDAZIONE IRCCS SAN GERARDO DEI TINTORI,12698710964,2026_CATENE_LEGGERE,FORNITURA DI STRUMENTAZIONE E REAGENTI PER BIOCHIMICA CLINICA PER LA MISURA DI CATENE LEGGERE LIBERE E ALTRE PROTEINE SPECIFICHE,Aperta,FORNITURE,Sanità e servizi alla persona,33124110-9,SISTEMI DIAGNOSTICI,12750177.32,2026-09-14,2026-10-20,ANAC cig,1,BCF1578AD3,108033,codice ISTAT
Monza e della Brianza,MONZA,PROVINCIA DI MONZA E DELLA BRIANZA,94616010156,tender://sua_mbcmm/id/661,"PROCEDURA APERTA MULTILOTTO PER L'AFFIDAMENTO DEI LAVORI DI ADEGUAMENTO ALLA NORMATIVA ANTINCENDIO DA EFFETTUARSI PRESSO GLI ISTITUTI I.T.I.S.P. HENSEMBERGER A MONZA (LOTTO 01), I.I.S.S. M.L. KING A MUGGIÒ E LICEO C. PORTA A MONZA (LOTTO 02) E I.T.G.C. MOSÈ BIANCHI A MONZA (LOTTO 03), PER LA PROVINCIA DI MONZA E DELLA BRIANZA, TRAMITE PIATTAFORMA TELEMATICA DIGITAL PA, CON IL CRITERIO DELL'OFFERTA ECONOMICAMENTE PIÙ VANTAGGIOSA SULLA BASE DEL MIGLIOR RAPPORTO QUALITÀ/PREZZO",Aperta,LAVORI,"Edilizia, lavori e manutenzioni",45262522-6,LAVORI EDILI,2123657.1,2026-09-18,2026-10-21,ANAC cig,3,BD04A02823 BD04A01750 BD04A0067D,108033,codice ISTAT
Monza e della Brianza,VIMERCATE,AZIENDA SOCIO SANITARIA TERRITORIALE (ASST) DI VIMERCATE,09314320962,AGGIORNAMENTO MONITOR MULTIPARAMETRICI,AGGIORNAMENTO MONITOR MULTIPARAMETRICI,Aperta,FORNITURE,Sanità e servizi alla persona,33195100-4,MONITOR,1386000.0,2026-08-19,2026-10-22,ANAC cig,1,BCBB0E018F,108050,codice ISTAT
Monza e della Brianza,MUGGIO',AMMINISTRAZIONE COMUNALE DI MUGGIO',02965420157,tender://sua_mbcmm/id/672,"PROCEDURA APERTA PER L'AFFIDAMENTO DEI LAVORI DI RIQUALIFICAZIONE DI VIALE DELLE RIMEMBRANZE CON RIDEFINIZIONE DEGLI SPAZI MERCATALI, A FAVORE DEL COMUNE DI MUGGIÒ (MB), ESPLETATA TRAMITE PIATTAFORMA TELEMATICA ACQUISTI TELEMATICI DI DIGITALPA S.R.L, CON IL CRITERIO DEL PREZZO PIU' BASSO E CON INVERSIONE PROCEDIMENTALE",Aperta,LAVORI,"Edilizia, lavori e manutenzioni",45233141-9,LAVORI DI MANUTENZIONE STRADALE,519440.12,2026-09-29,2026-10-29,ANAC cig,1,BD225EF736,108034,codice ISTAT
Monza e della Brianza,VIMERCATE,BRIANZACQUE S.R.L.,03988240960,BA_2026_09_01,CONFERIMENTO DEI LAVORI DI INDAGINI GEOGNOSTICHE A SUPPORTO SETTORE PROGETTAZIONE E PIANIFICAZIONE TERRITORIALE,Aperta,LAVORI,"Edilizia, lavori e manutenzioni",45120000-4,TRIVELLAZIONI E PERFORAZIONI DI SONDAGGIO,315000.0,2026-09-29,2026-11-02,ANAC cig,1,BD22A1C960,108033,codice ISTAT
Monza e della Brianza,AGRATE BRIANZA,COMUNE DI AGRATE BRIANZA,02254070150,tender://sua_mbcmm/id/657,"GARA EUROPEA A PROCEDURA APERTA PER L'AFFIDAMENTO DEI SERVIZI DI PROGETTAZIONE DI FATTIBILITÀ TECNICA ED ECONOMICA, DI PROGETTAZIONE ESECUTIVA, DEL COORDINAMENTO DELLA SICUREZZA IN FASE DI PROGETTAZIONE E DI ESECUZIONE, DELLA DIREZIONE LAVORI E SCIA ANTINCENDIO, RELATIVI ALL'INTERVENTO DI MANUTENZIONE STRAORDINARIA PER ADEGUAMENTO NORMATIVO DELLA SCUOLA DELL'INFANZIA E ASILO NIDO DI VIA SAVIO PER CONTO DEL COMUNE DI AGRATE BRIANZA (MB), CON IL CRITERIO DELL'OFFERTA ECONOMICAMENTE PIU' VANTAGGIOSA, AI SENSI DEGLI ARTT. 71 E 108 DEL D.LGS. 36/2023",Aperta,SERVIZI,"Servizi tecnici, IT e professionali",71300000-1,SERVIZI DI INGEGNERIA,435907.91,2026-09-29,2026-11-02,ANAC cig,1,BD21A00E23,108001,codice ISTAT
Monza e della Brianza,SEREGNO,COMUNE DI SEREGNO,00870790151,00870790151_07-2026_PA,LAVORI DI RIQUALIFICAZIONE DELLA EX CAPPELLA DI VIA BOCCACCIO.,Aperta,LAVORI,"Edilizia, lavori e manutenzioni",45454100-5,LAVORI DI RESTAURO,1095847.82,2026-09-30,2026-11-03,ANAC cig,1,BD26BEFB42,108039,codice ISTAT
Pavia,BORNASCO,COMUNE DI BORNASCO,00520620188,00520620188-1,SERVIZIO DI TESORERIA COMUNALE PERIODO 01/01/2027-31/12/2031,Negoziata (invito),SERVIZI,"Servizi tecnici, IT e professionali",66600000-6,SERVIZI DI TESORERIA,32450.0,2026-09-17,2026-10-06,ANAC pubblicazioni,1,BD00844795,018019,codice ISTAT
Pavia,VOGHERA,DIREZIONE CASA CIRCONDARIALE VOGHERA,86002200185,CONSIP_RDO_6553011,AFFIDAMENTO IN CONCESSIONE DEL SERVIZIO DI LAVANDERIA A GETTONE MEDIANTE INSTALLAZIONE E GESTIONE DI MACCHINARI PER IL LAVAGGIOR DEGLI INDUMENTI DEI DETENUTI,Negoziata (invito),SERVIZI,Sanità e servizi alla persona,98311200-8,SERVIZI DI ESERCIZIO DI LAVANDERIE,107594.0,2026-09-09,2026-10-06,ANAC cig,1,BCEB2E84BA,018182,codice ISTAT
Pavia,CILAVEGNA,COMUNE DI CILAVEGNA,00470780180,PDH-GEN27GIU29,ASSISTENZA SCOLASTICA PDH GENNAIO 2027 - GIUGNO 2029,Negoziata (invito),SERVIZI,Sanità e servizi alla persona,80410000-1,SERVIZI SCOLASTICI VARI,484680.0,2026-09-25,2026-10-09,ANAC pubblicazioni,1,BD1B5350D8,018050,codice ISTAT
Pavia,PAVIA,FONDAZIONE IRCCS POLICLINICO S.MATTEO ,00303490189,RISTORAZIONE2,SERVIZIO RISTORAZIONE - GARA PONTE PER CONTRATTO NON PIU' PROROGABILE IN ATTESA TERMINE CHIUSURA LAVORI ADEGUAMENTO LOCALI CUCINA,Aperta,SERVIZI,Sanità e servizi alla persona,55300000-3,SERVIZI DI RISTORAZIONE E DI DISTRIBUZIONE PASTI,9999000.0,2026-09-21,2026-10-12,ANAC cig,1,BD08478679,018110,codice ISTAT
Pavia,PAVIA,PAVIA ACQUE SRL,02234900187,755d250f-e88c-4fb0-81b0-7bfc7be3520c@856-G-1117,SERVIZIO DI RINTRACCIO ANAGRAFICO E PATRIMONIALE,Negoziata (invito),SERVIZI,"Servizi tecnici, IT e professionali",79940000-5,SERVIZI DI ORGANISMI DI RISCOSSIONE,96000.0,2026-09-21,2026-10-12,ANAC cig,1,BD0CD7737A,018110,codice ISTAT
Pavia,PAVIA,AZIENDA LOMBARDA PER L'EDILIZIA RESIDENZIALE DI PAVIA-LODI,00182090183,64_2026_1104_LOTTO_1,INTERVENTI VOLTI AL RECUPERO E RIQUALIFICAZIONE DEL PATRIMONIO ADIBITO A SERVIZI ABITATIVI PUBBLICI (S.A.P.) LINEA B - LOTTO 1,Negoziata (invito),LAVORI,"Edilizia, lavori e manutenzioni",45454000-4,LAVORI DI RISTRUTTURAZIONE,449571.76,2026-09-23,2026-10-12,ANAC cig,1,BD12AB8818,098050,codice ISTAT
Pavia,VARZI,COMUNITA MONTANA OLTREPO PAVESE,95002050185,tender://cmop/id/172,RIQUALIFICA IMPIANTI DI ILLUMINAZIONE PUBBLICAAGGREGAZIONE COMUNI OLTREPÒ ILLUMINATO,Aperta,LAVORI,Impianti ed energia,45316110-9,INSTALLAZIONE DI IMPIANTI DI ILLUMINAZIONE STRADALE,745000.0,2026-09-08,2026-10-12,ANAC cig,1,BCE394DA9B,018128,codice ISTAT
Pavia,VOGHERA,DIREZIONE CASA CIRCONDARIALE VOGHERA,86002200185,CONSIP_RDO_6585326,AFFIDAMENTO IN CONCESSIONE DEL SERVIZIO DI LAVANDERIA A GETTONE MEDIANTE INSTALLAZIONE E GESTIONE DI MACCHINARI PER IL LAVAGGIOR DEGLI INDUMENTI DEI DETENUTI,Negoziata (invito),SERVIZI,Sanità e servizi alla persona,98311200-8,SERVIZI DI ESERCIZIO DI LAVANDERIE,107594.0,2026-09-18,2026-10-12,ANAC cig,1,BD08A45FEC,018182,codice ISTAT
Pavia,PAVIA,AZIENDA LOMBARDA PER L'EDILIZIA RESIDENZIALE DI PAVIA-LODI,00182090183,64_2026_1104_LOTTO_2,INTERVENTI VOLTI AL RECUPERO E RIQUALIFICAZIONE DEL PATRIMONIO ADIBITO A SERVIZI ABITATIVI PUBBLICI (S.A.P.) LINEA B - LOTTO 2,Negoziata (invito),LAVORI,"Edilizia, lavori e manutenzioni",45454000-4,LAVORI DI RISTRUTTURAZIONE,470116.2,2026-09-23,2026-10-12,ANAC cig,1,BD12B50588,018182,codice ISTAT
Pavia,VOGHERA,COMUNE DI VOGHERA,00186490181,STRADE2026_008 ,MANUTENZIONE STRAORDINARIA STRADE E MARCIAPIEDI CITTADINI - 2026 ,Aperta,LAVORI,"Edilizia, lavori e manutenzioni",45233141-9,LAVORI DI MANUTENZIONE STRADALE,188400.0,2026-09-25,2026-10-13,ANAC cig,1,BD18DD30EA,018182,codice ISTAT
Pavia,PAVIA,UNIVERSITA DEGLI STUDI DI PAVIA,80007270186,G01316-34bcdabb-2029-4259-be34-87c9bea101ce,"SERVIZIO DI SELEZIONE E PRODUZIONE, ATTRAVERSO LANALISI DI LIBRARIES SPECIFICHE, DI UNA SERIE DI ANTICORPI ASSOCIABILI A SPECIFICI ANTIGENI.",Negoziata (bando),SERVIZI,Sanità e servizi alla persona,33696500-0,REATTIVI PER LABORATORIO,290000.0,2026-09-28,2026-10-14,ANAC pubblicazioni,1,BD1C212E4C,018110,codice ISTAT
Pavia,PAVIA,PAVIA ACQUE SRL,02234900187,9692dc56-2aa5-46a5-bde6-f93e3b70ea6c@856-G-1125,"REALIZZAZIONE ASFALTATURE DEFINITIVE SU VIABILITÀ INTERESSATA DA INTERVENTI DI RINNOVAZIONE E POTENZIAMENTO RETI SERVIZIO IDRICO INTEGRATO. 3 LOTTI: AREE LOMELLINA, OLTREPO E PAVESE",Negoziata (invito),LAVORI,"Edilizia, lavori e manutenzioni",45233222-1,LAVORI DI LASTRICATURA E ASFALTATURA,1388591.58,2026-09-28,2026-10-15,ANAC cig,3,BD236CD28B BD236CC1B8 BD236CB0E5,018182,codice ISTAT
Pavia,GAMBOLO',COMUNE DI GAMBOLO',85001890186,AAGG20288,SERVIZI ASSICURATIVI,Negoziata (invito),SERVIZI,"Servizi tecnici, IT e professionali",66510000-8,SERVIZI ASSICURATIVI,215083.33,2026-09-29,2026-10-19,ANAC cig,7,BCD0779A01 BCD077892E BCD07756B5 BCD077AAD4 BCD07745E2 BCD077785B BCD0776788,018068,codice ISTAT
Pavia,MORTARA,AZIENDA SERVIZI MORTARA SPA,01932570185,G03738-3f4c098b-13bb-49e7-bf44-f5befe38aadc,"AVVISO DI INDAGINE DI MERCATO FINALIZZATA ALL'AFFIDAMENTO DIRETTO ART. 50 COMMA 1 LETTERA B) D. LGS. N. 36/2023 E S.M.I., PREVIA CONSULTAZIONE DEGLI OPERATORI ECONOMICI INTERESSATI PER L'AFFIDAMENTO DEL SERVIZIO DI DERATTIZZAZIONE E DISINFESTAZIONE PERIODO 2026 -2030",Aperta,SERVIZI,"Pulizie, sanificazione e rifiuti",90921000-9,SERVIZI DI DISINFEZIONE E DISINFESTAZIONE,24000.0,2026-09-28,2026-10-19,ANAC cig,1,BD1EDEBD76,018102,codice ISTAT
Pavia,CORTEOLONA E GENZONE,COMUNE DI CORTEOLONA E GENZONE,02616370181,222778703,APPALTO INTEGRATO DELL'INTERVENTO DI RISTRUTTURAZIONE DEGLI EDIFICI ED AREE LIMITROFE IN VIA GARIBALDI 59 NEL COMUNE DI CORTEOLONA E GENZONE (PV) – LOTTO 1 – FABBRICATO (A) E (B) ,Aperta,LAVORI,"Edilizia, lavori e manutenzioni",45262522-6,LAVORI EDILI,2369536.84,2026-09-02,2026-10-20,ANAC cig,1,BCD538D21E,018192,codice ISTAT
Pavia,VIGEVANO,A.S.M.V. AZIENDA SPECIALE MULTISERVIZI VIGEVANO,01968970184,company_1097_procurement_39,"PROCEDURA APERTA PER L'AFFIDAMENTO DI SERVIZI INTEGRATI – GLOBAL SERVICE - PER LA GESTIONE DELLE ATTIVITÀ SOCIO-ASSISTENZIALE E ALBERGHIERE RIVOLTE AGLI OSPITI DELLA RSA E DEL CDI ISTITUTO DE RODOLFI, NONCHÉ I SERVIZI ESTERNI QUALI TRASPORTO AGEVOLATO, SAD, ADI, RSA APERTA PER UN PERIODO DI ANNI TRE ED EVENTUALE PROROGA DI MESI SEI.",Aperta,SERVIZI,Sanità e servizi alla persona,85311000-2,SERVIZI DI ASSISTENZA SOCIALE CON ALLOGGIO,16159000.0,2026-09-18,2026-10-21,ANAC cig,1,BD020D094D,018177,codice ISTAT
Pavia,PAVIA,PAVIA ACQUE SRL,02234900187,35187315-4e93-49a0-a264-238f26ab6bd1@856-G-1110,"FORNITURA DI REAGENTI CHIMICI PER GLI IMPIANTI DI DEPURAZIONE ACQUE REFLUE NEL PERIMETRO DELLA PROVINCIA DI PAVIA, COMPRENSIVA DI TRASPORTO E CONSEGNA, SUDDIVISA IN 2 LOTTI",Aperta,FORNITURE,Forniture di beni,24962000-5,PRODOTTI CHIMICI PER IL TRATTAMENTO DELL'ACQUA,1450050.0,2026-09-16,2026-10-22,ANAC cig,2,BCFA3D0213 BCFA3CF140,018110,codice ISTAT
Pavia,MORTARA,COMUNE DI MORTARA,00324770189,P72_2026_24_09_01,FORNITURA DI LIBRI PER LA BIBLIOTECA DEL COMUNE DI MORTARA ANNI 2027 E 2028,Negoziata (invito),FORNITURE,Forniture di beni,22113000-5,LIBRI PER BIBLIOTECA,16000.0,2026-09-24,2026-10-22,ANAC cig,1,BD1A39556B,018102,codice ISTAT
Pavia,VOGHERA,A.S.M. VOGHERA S.P.A.,01429910183,G03515-5a5992b2-8688-4550-bad2-65e02d461d4b,"PROCEDURA APERTA, AI SENSI DELLART. 71, D.LGS. 36/2023, PER L'AFFIDAMENTO DEL SERVIZIO DI MOVIMENTAZIONE, CARICO, TRASPORTO ED AVVIO A RECUPERO DI IMBALLAGGI MISTI (EER 15.01.06) RACCOLTI PRESSO IL CMR DI ASM VOGHERA SPA CON LE MODALITA' DESCRITTE NEL CAPITOLATO TECNICO - DURATA DEL CONTRATTO 18 MESI.",Aperta,SERVIZI,"Pulizie, sanificazione e rifiuti",90510000-5,TRATTAMENTO E SMALTIMENTO DEI RIFIUTI,63000.0,2026-09-22,2026-10-23,ANAC cig,1,BD0D2D5157,018182,codice ISTAT
Pavia,PAVIA,A.S.M. PAVIA S.P.A.,01747910188,2bfff01c-77b1-441a-8202-3f1fd93f00f9@140-G-2018,"PROCEDURA TELEMATICA EX ART.71, DEL D.LGS 36/2023 PER L'AFFIDAMENTO DEL SERVIZIO DI RITIRO, TRASPORTO E TRATTAMENTO DI IMBALLAGGI IN MATERIALI MISTI (EER 150106)",Aperta,SERVIZI,"Pulizie, sanificazione e rifiuti",90510000-5,TRATTAMENTO E SMALTIMENTO DEI RIFIUTI,173900.0,2026-09-23,2026-10-26,ANAC cig,1,BD0EF0542B,018110,codice ISTAT
Pavia,VOGHERA,A.S.M. VOGHERA S.P.A.,01429910183,G03522-a4292566-2b40-45ca-b79d-98165fb157a2,"PROCEDURA APERTA, AI SENSI DELLART. 71, D.LGS. 36/2023, PER LAFFIDAMENTO DEL SERVIZIO DI MOVIMENTAZIONE, CARICO, TRASPORTO ED AVVIO A RECUPERO DI RIFIUTI INGOMBRANTI (EER 20.03.07) RACCOLTI PRESSO IL CMR DI ASM VOGHERA SPA CON LE MODALITA DESCRITTE NEL CAPITOLATO TECNICO - DURATA DEL CONTRATTO 18 MESI.",Aperta,SERVIZI,"Pulizie, sanificazione e rifiuti",90510000-5,TRATTAMENTO E SMALTIMENTO DEI RIFIUTI,1260000.0,2026-09-25,2026-10-26,ANAC cig,1,BD168C4BFB,018182,codice ISTAT
Pavia,ZERBOLO',COMUNE DI ZERBOLO ,00460320187,ZERBOLO-UTC059-2026,ADEGUAMENTO E RIQUALIFICAZIONE DELLA PISTA CICLABILE DEGLI ERBATICI,Negoziata (invito),LAVORI,"Edilizia, lavori e manutenzioni",45233141-9,LAVORI DI MANUTENZIONE STRADALE,221957.78,2026-09-21,2026-10-28,ANAC cig,1,BD0D74E239,018189,codice ISTAT
Pavia,PAVIA,AZIENDA DI SERVIZI ALLA PERSONA ISTITUZIONI ASSISTENZIALI RIUNITE DI PAVIA,02030350181,INFERMIERISTICOASSISTENZIALE2026,"APPALTO A CORPO PER L'AFFIDAMENTO DEI SERVIZI SANITARI, ASSISTENZIALI E PER ALCUNE PARTI DI IGIENE AMBIENTALE",Aperta,SERVIZI,Sanità e servizi alla persona,85144000-0,SERVIZI DI CASE DI CURA,49891317.2,2026-09-23,2026-10-30,ANAC cig,1,BD0DB55507,018110,codice ISTAT
Pavia,PAVIA,FONDAZIONE IRCCS POLICLINICO S.MATTEO ,00303490189,ELETTROTRATT_2026,ACQUISTO ELETTROTRATTORI E ADEGUAMENTO STAZIONI DI RICARICA,Aperta,FORNITURE,Forniture di beni,42418000-9,"MACCHINARI DI SOLLEVAMENTO, MOVIMENTAZIONE, CARICO E SCARICO",1639344.26,2026-09-22,2026-10-30,ANAC cig,1,BD08E31C74,018110,codice ISTAT
Pavia,PAVIA,PAVIA ACQUE SRL,02234900187,31eaddf8-7f2f-480c-b046-58fe1b2fe59d@856-G-1116,"ALLESTIMENTO DEL NUOVO LABORATORIO ANALISI DI PAVIA ACQUE (ACQUE POTABILI E ACQUE REFLUE), COMPRENSIVO DI TUTTE LE DOTAZIONI STRUMENTALI E ACCESSORIE",Negoziata (invito),LAVORI,"Edilizia, lavori e manutenzioni",45262522-6,LAVORI EDILI,95309.71,2026-09-21,2026-11-02,ANAC cig,1,BD0B3B62C3,018110,codice ISTAT
Pavia,VOGHERA,A.S.M. VOGHERA S.P.A.,01429910183,G03549-c3141e06-4b01-4ec4-b28b-119d81fe4916,"PROCEDURA APERTA, AI SENSI DELLART. 71, D.LGS. N. 36/2023, PER L'AFFIDAMENTO DEL SERVIZIO DI MANUTENZIONE ORDINARIA E STRAORDINARIA E FORNITURA DATI DEI CONTENITORI INFORMATIZZATI AD ACCESSO CONTROLLATO PER LA GESTIONE DELLA RACCOLTA DEI RIFIUTI PRESENTI NEI COMUNI DI VOGHERA, RETORBIDO E CASTEGGIO CON LE MODALITA' DESCRITTE NEL CAPITOLATO TECNICO. DURATA DEL CONTRATTO: 12 MESI.",Aperta,SERVIZI,"Pulizie, sanificazione e rifiuti",90511000-2,SERVIZI DI RACCOLTA DI RIFIUTI,412625.0,2026-09-30,2026-11-03,ANAC cig,1,BD24F5E862,018182,codice ISTAT
Pavia,VOGHERA,A.S.M. VOGHERA S.P.A.,01429910183,G03551-9947a6e2-f245-413a-8000-5d8d0b0b3072,"PROCEDURA APERTA, AI SENSI DELLART. 71, D.LGS. N. 36/2023, PER L'AFFIDAMENTO DEL SERVIZIO DI FORNITURA TRASPORTO E CONSEGNA PROGRAMMATA DI PANE, PIZZA E FOCACCIA DESTINATI AL SERVIZIO DI RISTORAZIONE SCOLASTICA PRESSO LE MENSE DELLE SCUOLE GESTITE DA ASM VOGHERA S.P.A. E SOCIETA' DEL GRUPPO, INCLUSO IL SERVIZIO SELF, CON LE MODALITA' DESCRITTE NEL CAPITOLATO SPECIALE DAPPALTO - DURATA DEL CONTRATTO 24 MESI.",Aperta,FORNITURE,Forniture di beni,15811000-6,PRODOTTI DELLA PANIFICAZIONE,315861.6,2026-09-30,2026-11-05,ANAC cig,1,BD25C0AD69,018182,codice ISTAT
Pavia,PAVIA,FONDAZIONE CENTRO NAZIONALE DI TERAPIA ONCOLOGICA,97301200156,company_558_procurement_760," PROCEDURA APERTA PER LA REALIZZAZIONE DEL PROGETTO DI RINNOVO DEI SERVIZI DELLA PIATTAFORMA GOOGLE, DELLA GCP E SVILUPPO DEL SISTEMA DI INTELLIGENZA ARTIFICIALE GENERATIVA PER N. 36 MESI PER FONDAZIONE CNAO",Aperta,SERVIZI,"Servizi tecnici, IT e professionali",72268000-1,SERVIZI DI FORNITURA DI SOFTWARE,1560600.0,2026-09-28,2026-11-07,ANAC cig,1,BD1E062211,018110,codice ISTAT
Sondrio,ALBOSAGGIA,COMUNE DI ALBOSAGGIA,00110340148,Albosaggia_2026_001,SGOMBERO NEVE E INSABBIATURA E INSALATURA STRADE E PIAZZE COMUNALE STAGIONI INVERNALI DAL 2026/2027-2027/2028-2028/2029,Aperta,SERVIZI,"Pulizie, sanificazione e rifiuti",90620000-9,SERVIZI DI SGOMBERO NEVE,450000.0,2026-09-21,2026-10-06,ANAC cig,1,BD047C70F1,014002,codice ISTAT
Sondrio,SONDRIO,SECAM S.P.A.,80003550144,Secam Gara 52 2026,"STIPULA DI UN ACCORDO QUANDRO CON 3 OPERATORI ECONOMICI PER IL SERVIZIO DI DISIDRATAZIONE DEL FANGO BIOLOGICO CLASSIFICATO CON C.E.R. 19 08 05 PRODOTTO DAGLI IMPIANTI DI DEPURAZIONE IN GESTIONE A S.EC.AM SPA, MEDIANTE IMPIANTO MOBILE DI CENTRIFUGA. PERIODO 01.01.2027 – 31.12.2027, CON OPZIONI DI PROROGA ANNUALE SINO AL 31.12.2029. ",Aperta,SERVIZI,"Pulizie, sanificazione e rifiuti",90513800-4,SERVIZI DI TRATTAMENTO FANGHI,1567500.0,2026-09-09,2026-10-08,ANAC cig,1,BCE40DA5C6,014061,codice ISTAT
Sondrio,SONDRIO,AMMINISTRAZIONE PROVINCIALE DI SONDRIO,80002950147,STAI2_TARTANO,COMUNE DI TARTANO INTERVENTO DI RIQUALIFICAZIONE PERCORSO SENTIERISTICO DEDICATO A SUOR MARIA LAURA MAINETTI ,Negoziata (invito),LAVORI,"Edilizia, lavori e manutenzioni",45233160-8,SENTIERI E ALTRE STRADE IMBRECCIATE,180328.86,2026-09-23,2026-10-14,ANAC cig,1,BD13D0631C,014064,codice ISTAT
Sondrio,MORBEGNO,COMUNITA MONTANA VALTELLINA DI MORBEGNO,91000680149,39_26_09_2026_ut,REALIZZAZIONE DI INTERVENTI PER IL MIGLIORAMENTO DELLE PRESTAZIONI ENERGETICHE DEL RIFUGIO ESCURSIONISTICO CENTRO DELLA MONTAGNA RIQUALIFICAZIONE ENERGETICA DELL'INVOLUCRO EDILIZIO,Negoziata (invito),LAVORI,Impianti ed energia,45320000-6,LAVORI DI ISOLAMENTO,257700.0,2026-09-28,2026-10-16,ANAC cig,1,BD216011F2,014074,codice ISTAT
Sondrio,CHIESA IN VALMALENCO,COMUNE CHIESA IN VALMALENCO,80002090142,CH-202609-L-PONTE_GIOVELLO-LOTTO_2-PONTE,RILANCIO AREA SAN GIUSEPPE – PONTE DEL GIOVELLO: LOTTO 2 - PONTE,Negoziata (invito),LAVORI,"Edilizia, lavori e manutenzioni",45221111-3,LAVORI DI COSTRUZIONE DI PONTI STRADALI,928653.16,2026-09-24,2026-10-19,ANAC cig,1,BD1AEE9E90,014019,codice ISTAT
Sondrio,VALFURVA,COMUNE DI VALFURVA,00114700149,VALFURVA_S_2_2026,"PROCEDURA APERTA AI SENSI DELL'ARTICOLO 71 DEL D.LGS. N. 36/2023 PER L'AFFIDAMENTO DEL SERVIZIO DI SGOMBERO NEVE, TRATTAMENTO ANTIGHIACCIO E MANTENIMENTO DELLA VIABILITA' COMUNALE PER LE STAGIONI INVERNALI 2026/2027 - 2027/2028 – 2028/2029 IN COMUNE DI VALFURVA.",Aperta,SERVIZI,"Pulizie, sanificazione e rifiuti",90620000-9,SERVIZI DI SGOMBERO NEVE,603084.3,2026-09-18,2026-10-19,ANAC cig,4,BD03D357DF BD03D3470C BD03D368B2 BD03D37985,014073,codice ISTAT
Sondrio,MAZZO DI VALTELLINA,COMUNE DI MAZZO DI VALTELLINA,00104450143,2026_lav_mortirolo,RIQUALIFICAZIONE STRADA DEL MORTIROLO,Negoziata (invito),LAVORI,"Edilizia, lavori e manutenzioni",45233120-6,LAVORI DI COSTRUZIONE DI STRADE,324000.0,2026-09-24,2026-10-19,ANAC cig,1,BD19350859,014040,codice ISTAT
Sondrio,SONDRIO,AMMINISTRAZIONE PROVINCIALE DI SONDRIO,80002950147,STA2_TALAMONA,UNA PISTA CICLO PEDONALE PER TUTTI - ACCESSIBILITA' E NATURA SENZA BARRIERE - REALIZZAZIONE AREA SERVIZI,Negoziata (invito),LAVORI,"Edilizia, lavori e manutenzioni",45210000-2,LAVORI GENERALI DI COSTRUZIONE DI EDIFICI,488000.0,2026-09-23,2026-10-19,ANAC cig,1,BD14D37FA8,014063,codice ISTAT
Sondrio,SONDRIO,AGENZIA DI TUTELA DELLA SALUTE DELLA MONTAGNA,00988200143,CONSIP_RDO_6595355,ACQUISIZIONE DI N. 6 LICENZE QLIK TALEND CLOUD DATA MANAGEMENT PLATFORM E RELATIVI SERVIZI PROFESSIONALI PER UN PERIODO DI 36 MESI,Ristretta,SERVIZI,"Servizi tecnici, IT e professionali",72000000-5,"SERVIZI INFORMATICI: CONSULENZA, SVILUPPO DI SOFTWARE, INTERNET E SUPPORTO",616000.0,2026-09-23,2026-10-28,ANAC cig,1,BD1453DA8D,014061,codice ISTAT
Varese,VARESE,COMUNE DI VARESE,00441340122,00441340122-2026-SG-1,SERVIZIO DI COMUNICAZIONE ISTITUZIONALE FINALIZZATO ALLA REALIZZAZIONE DI UNO STRUMENTO OPERATIVO FINALIZZATO ALLA CREAZIONE DI VALORE PUBBLICO.,Negoziata (invito),SERVIZI,"Servizi tecnici, IT e professionali",73000000-2,SERVIZI DI RICERCA E SVILUPPO NONCHÉ SERVIZI DI CONSULENZA AFFINI,180000.0,2026-09-09,2026-10-06,ANAC cig,1,BCE8595D9E,012133,codice ISTAT
Varese,VARESE,AZIENDA SOCIO SANITARIA TERRITORIALE DEI SETTE LAGHI,03510050127,7LGA_2026_RS_104_1,FORNITURA DI N.640 CARROZZINE LEGGERE AD AUTOSPINTA PER UN PERIODO DI 24 MESI,Negoziata (invito),FORNITURE,Sanità e servizi alla persona,33196000-0,AUSILI MEDICI,144608.0,2026-09-15,2026-10-06,ANAC cig,1,BCFBE22A70,012133,codice ISTAT
Varese,VARESE,AZIENDA SOCIO SANITARIA TERRITORIALE (ASST) DEI SETTE LAGHI,03510050127,7LGA_2026_BC_112,FORNITURA IN ACCORDO QUADRO DI MAMMOGRAFI E DEL CONTRATTO DI MANUTENZIONE FULL – RISK QUINQUENNALE POST-GARANZIA,Aperta,FORNITURE,Sanità e servizi alla persona,33111650-2,APPARECCHI PER MAMMOGRAFIA,5008000.0,2026-08-17,2026-10-07,ANAC cig,1,BCB7A74880,012133,codice ISTAT
Varese,CISLAGO,COMUNE DI CISLAGO,00308220128,tender://provincia_va/id/986,"COMUNE DI CISLAGO - SERVIZIO PASTI A DOMICILIO PER PERSONE ANZIANE E/O IN SITUAZIONE DI SVANTAGGIO, CONFORME AI REQUISITI MINIMI AMBIENTALI DI CUI AL D.M. 65/2020. PERIODO 2027-2029, CON POSSIBILITÀ DI PROROGA PER ALTRI DUE ANNI",Negoziata (invito),SERVIZI,Sanità e servizi alla persona,55521100-9,SERVIZI DI FORNITURA PASTI A DOMICILIO,191100.0,2026-09-29,2026-10-08,ANAC cig,1,BD2778E251,012050,codice ISTAT
Varese,BESOZZO,COMUNE DI BESOZZO,00338010127,tender://provincia_va/id/973,COMUNE DI BESOZZO - RIQUALIFICAZIONE ENERGETICA PLESSO SCOLASTICO PASCOLI SITO IN VIA CAVOUR 6,Negoziata (invito),LAVORI,"Edilizia, lavori e manutenzioni",45454000-4,LAVORI DI RISTRUTTURAZIONE,1393073.78,2026-08-27,2026-10-09,ANAC cig,1,BCC989BC6F,012013,codice ISTAT
Varese,VARESE,AZIENDA SOCIO SANITARIA TERRITORIALE DEI SETTE LAGHI,03510050127,7LGA_2026_FF_92,"FORNITURA DI COMUNICATORI VOCALI A SCANSIONE E A CONTROLLO OCULARE, E RELATIVA POSSIBILITÀ DI ATTIVAZIONE DEL PERCORSO DI COMUNICAZIONE AUMENTATIVA ALTERNATIVA (C.A.A.) A SEGUITO DI MODIFICA DELLE ABILITÀ COMUNICATIVE DELL'ASSISTITO,",Aperta,FORNITURE,Sanità e servizi alla persona,33196000-0,AUSILI MEDICI,7488600.0,2026-09-02,2026-10-12,ANAC cig,1,BCD1C5D751,012133,codice ISTAT
Varese,VARESE,AZIENDA SOCIO SANITARIA TERRITORIALE DEI SETTE LAGHI,03510050127,7LGA_2026_BD_104,"FORNITURA DI UN SISTEMA COMPLETO DI BIOLOGIA MOLECOLARE PCR REAL TIME PER LA TIPIZZAZIONE HLA DELLA CELIACHIA E PER LA TIPIZZAZIONE HLA A BASSA RISOLUZIONE DEI LOCI HLA-A, HLA-B, HLA-C, HLA-DRB1 E HLA-DQ (DQB1, DQA1), COMPRENSIVA DEI REAGENTI, DELLA STRUMENTAZIONE A NOLEGGIO E DELLA MANUTENZIONE FULL RISK PER UN PERIODO DI 12 MESI,",Negoziata (invito),FORNITURE,Sanità e servizi alla persona,33696500-0,REATTIVI PER LABORATORIO,99000.0,2026-09-22,2026-10-12,ANAC cig,1,BD11903B57,012133,codice ISTAT
Varese,VARESE,AZIENDA SOCIO SANITARIA TERRITORIALE (ASST) DEI SETTE LAGHI,03510050127,7LGA_2026_BC_109,FLUOROANGIOGRAFO CON TOMOGRAFO,Aperta,FORNITURE,Sanità e servizi alla persona,33122000-1,ATTREZZATURE PER OFTALMOLOGIA,456100.0,2026-09-09,2026-10-14,ANAC cig,1,BCE38BE49B,012133,codice ISTAT
Varese,BUSTO ARSIZIO,PREALPI GAS S.R.L.,02239280023,RDA26-100,FORNITURA CONTATORI NB-IOT G4,Negoziata (invito),FORNITURE,Forniture di beni,38550000-5,CONTATORI,420000.0,2026-09-30,2026-10-14,ANAC pubblicazioni,1,BD24BF9B42,012026,codice ISTAT
Varese,GALLARATE,ALFA SRL,03481930125,497332_tender_2518,"ALFA_SERVIZIO DI STOCCAGGIO, TRASPORTO, TRAVASO DI PRODOTTI ATTI ALLA DISINFEZIONE E TRATTAMENTO DELLE ACQUE POTABILI",Aperta,SERVIZI,Trasporti e altri servizi,63110000-3,SERVIZI DI MOVIMENTAZIONE E MAGAZZINAGGIO,1065350.4,2026-09-09,2026-10-15,ANAC cig,1,BCE3E91305,012070,codice ISTAT
Varese,SARONNO,ISTITUTO TECNICO COMMERCIALE GINO ZAPPA,94000170129,CONSIP_ADI_6605276,INDAGINE DI MERCATO - PROGETTO 10.8.1.B2-FDRPOC-LO-2025-86 - CUP I74D25001840001,Negoziata (invito),FORNITURE,Forniture di beni,30200000-1,APPARECCHIATURE INFORMATICHE E FORNITURE,153583.77,2026-09-29,2026-10-15,ANAC pubblicazioni,1,BD229306A0,012119,codice ISTAT
Varese,SARONNO,ISTITUTO TECNICO COMMERCIALE GINO ZAPPA,94000170129,CONSIP_ADI_6609787,AVVISO PUBBLICO DI INDAGINE DI MERCATO FINALIZZATO ALL INDIVIDUAZIONE DEGLI OPERATORI ECONOMICI DA INVITARE ALLA PROCEDURA NEGOZIATA SENZA BANDO PROCEDURA INDETTA CON DECRETO DIRIGENZIALE N. 111 DEL 26-09-2026 PROGETTO 10.8.1.B2-FDRPOC-LO-2025-86 - CUP I74D25001840001 POC PER LA SCUOLA 2014-2020 ,Negoziata (invito),FORNITURE,Forniture di beni,30230000-0,APPARECCHIATURE INFORMATICHE,153583.77,2026-09-30,2026-10-15,ANAC pubblicazioni,1,BD259092D3,012119,codice ISTAT
Varese,VARESE,COMUNE DI VARESE,00441340122,00441340122-2026-IX-8,PROCEDURA APERTA PER L'AFFIDAMENTO IN APPALTO DEL SERVIZIO DI RACCOLTA E TRASPORTO DEI RIFIUTI URBANI E DELLE CONNESSE PRESTAZIONI ACCESSORIE DI IGIENE URBANA.,Aperta,SERVIZI,"Pulizie, sanificazione e rifiuti",90511000-2,SERVIZI DI RACCOLTA DI RIFIUTI,142244091.4,2026-08-07,2026-10-16,ANAC cig,1,BCA8A74A9B,012133,codice ISTAT
Varese,VARESE,PROVINCIA DI VARESE,80000710121,tender://provincia_va/id/979,SERVIZI ASSICURATIVI,Aperta,SERVIZI,"Servizi tecnici, IT e professionali",66510000-8,SERVIZI ASSICURATIVI,3450000.0,2026-09-21,2026-10-19,ANAC cig,3,BD05DFF6D2 BD05DFD52C BD05DFE5FF,012133,codice ISTAT
Varese,BUSTO ARSIZIO,COMUNE DI BUSTO ARSIZIO,00224000125,APRICA 2026-2031,PROCEDURA APERTA PER L'AFFIDAMENTO IN CONCESSIONE DELLA GESTIONE DELLA COLONIA DI APRICA PER UN PERIODO DI 5 ANNI,Aperta,SERVIZI,Sanità e servizi alla persona,55240000-4,SERVIZI DI CENTRI DI VACANZA E CASE DI VILLEGGIATURA,1736550.0,2026-09-07,2026-10-19,ANAC cig,1,BCDF4FCA3A,012026,codice ISTAT
Varese,BUSTO ARSIZIO,AGESP AMBIENTE PER IL TERRITORIO SRL,04075580128,AMBIENTE_FORNITURA_SACCHI,GARA EUROPEA A PROCEDURA APERTA PER L'APPALTO DI FORNITURA DI SACCHI PER LA RACCOLTA DIFFERENZIATA ,Aperta,FORNITURE,Forniture di beni,19640000-4,SACCHI E SACCHETTI DI POLIETILENE PER RIFIUTI,732042.84,2026-09-17,2026-10-19,ANAC cig,3,BCFDA4528D BCFDA46360 BCFDA47433,012026,codice ISTAT
Varese,VARESE,AZIENDA LOMBARDA PER L'EDILIZIA RESIDENZIALE DI VARESE - COMO - MONZA BRIANZA - BUSTO ARSIZIO,00214310120,224284967,LAVORI DI INSTALLAZIONE DI IMPIANTO DI VIDEOSORVEGLIANZA MONZA - VARESE,Negoziata (invito),LAVORI,Forniture di beni,32323500-8,SISTEMA DI VIDEOSORVEGLIANZA,375816.78,2026-09-24,2026-10-19,ANAC cig,1,BD17B8AA05,108033,codice ISTAT
Varese,LAVENA PONTE TRESA,COMUNE DI LAVENA PONTE TRESA,00405070129,MULTISANITA II LOTTO ,RISTRUTTURAZIONE E RIPARTIZIONE FUNZIONALE DEGLI SPAZI PER ATTIVITÀ ATS E AMBULATORI MEDICI - STABILE VIA ARGINE DOVRANA. II LOTTO ,Negoziata (invito),LAVORI,"Edilizia, lavori e manutenzioni",45210000-2,LAVORI GENERALI DI COSTRUZIONE DI EDIFICI,494422.22,2026-09-04,2026-10-20,ANAC cig,1,BCDFCD10D1,012086,codice ISTAT
Varese,SARONNO,ISTITUTO TECNICO COMMERCIALE GINO ZAPPA,94000170129,CONSIP_ADI_6613518,AVVISO PUBBLICO DI INDAGINE DI MERCATO FINALIZZATO ALL INDIVIDUAZIONE DEGLI OPERATORI ECONOMICI DA INVITARE ALLA PROCEDURA NEGOZIATA SENZA BANDO PROCEDURA INDETTA CON DECRETO DIRIGENZIALE N. 111 DEL 26-09-2026 PROGETTO 10.8.1.B2-FDRPOC-LO-2025-86 - CUP I74D25001840001 POC PER LA SCUOLA 2014-2020 ,Negoziata (invito),FORNITURE,Sanità e servizi alla persona,80531200-7,SERVIZI DI FORMAZIONE TECNICA,153583.77,2026-10-01,2026-10-20,ANAC pubblicazioni,1,BD2A6373A4,012119,codice ISTAT
Varese,BUSTO ARSIZIO,AZIENDA SOCIO SANITARIA TERRITORIALE (ASST) DELLA VALLE OLONA,03510190121,711_2026_1421,"PROCEDURA APERTA SOPRA SOGLIA COMUNITARIA IN FORMA AGGREGATA, FINALIZZATA ALL'AFFIDAMENTO DELLA FORNITURA DI UN SISTEMA ANALITICO COMPLETO CON TECNOLOGIA MULTIPLEX PCR, COMPLETAMENTE AUTOMATIZZATO ED INTEGRATO PER LA DIAGNOSI RAPIDA D'INFEZIONI DA MICRORGANISMI PATOGENI A DNA E/O RNA, PER UN PERIODO DI 36 MESI CON OPZIONI DI RINNOVO PER ULTERIORI 24 MESI E PROROGA PER 6 MESI.",Aperta,FORNITURE,Sanità e servizi alla persona,33124110-9,SISTEMI DIAGNOSTICI,5197526.28,2026-09-18,2026-10-21,ANAC cig,1,BD0444E350,012026,codice ISTAT
Varese,BUSTO ARSIZIO,AZIENDA SOCIO SANITARIA TERRITORIALE (ASST) DELLA VALLE OLONA,03510190121,711_2026_1379,"PROCEDURA APERTA SOPRA SOGLIA COMUNITARIA FINALIZZATA ALL'AFFIDAMENTO DELLA DI PRODOTTI E MATERIALI DI CONSUMO PER STERILIZZAZIONE, OCCORRENTE ALL'ASST VALLE OLONA, ASST RHODENSE E ASST LARIANA, SUDDIVISA IN N. 14 LOTTI, PER UN PERIODO DI 48 MESI CON OPZIONI DI RINNOVO PER ULTERIORI 12 MESI E PROROGA PER 6 MESI, PER UN IMPORTO A BASE D'ASTA PARI A € 738.115,00 IVA ESCLUSA",Aperta,FORNITURE,Sanità e servizi alla persona,33190000-8,DISPOSITIVI E PRODOTTI MEDICI VARI,3598310.625,2026-09-16,2026-10-22,ANAC cig,14,BCFA11948A BCFA120A4F BCFA124D9B BCFA11A55D BCFA121B22 BCFA123CC8 BCFA11B630 BCFA11F97C BCFA11E8A9 BCFA11D7D6 BCFA1183B7 BCFA11C703 BCFA1172E4 BCFA122BF5,012026,codice ISTAT
Varese,CARONNO PERTUSELLA,COMUNE DI CARONNO PERTUSELLA,00440710127,CARONNO PERTUSELLA 3-2026,AFFIDAMENTO COPERTURA ASSICURATIVA ALL RISKS (DALLE ORE 24.00 DEL 31.12.2026 ALLE ORE 24.00 DEL 30.6.2029) DEL COMUNE DI CARONNO PERTUSELLA,Aperta,SERVIZI,"Servizi tecnici, IT e professionali",66515100-4,SERVIZI DI ASSICURAZIONE CONTRO GLI INCENDI,180780.0,2026-09-17,2026-10-22,ANAC cig,1,BCFEB740B9,012034,codice ISTAT
Varese,VARESE,AZIENDA SOCIO SANITARIA TERRITORIALE DEI SETTE LAGHI,03510050127,7LGA_2026_DE_86,"SERVIZIO DI CONVALIDA PERIODICA DI LOCALI, APPARECCHIATURE E OPERATORI AFFERENTI A LABORATORI CONTROLLATI DELL'ASST SETTE LAGHI",Aperta,SERVIZI,"Servizi tecnici, IT e professionali",71900000-7,SERVIZI DI LABORATORIO,1999000.0,2026-09-08,2026-11-24,ANAC cig,1,BCE1E21E54,012133,codice ISTAT
