codice_istat,comune,sigla,provincia,regione
001001,Agliè,TO,Torino,Piemonte
001002,Airasca,TO,Torino,Piemonte
001003,Ala di Stura,TO,Torino,Piemonte
001004,Albiano d'Ivrea,TO,Torino,Piemonte
001006,Almese,TO,Torino,Piemonte
001007,Alpette,TO,Torino,Piemonte
001008,Alpignano,TO,Torino,Piemonte
001009,Andezeno,TO,Torino,Piemonte
001010,Andrate,TO,Torino,Piemonte
001011,Angrogna,TO,Torino,Piemonte
001012,Arignano,TO,Torino,Piemonte
001013,Avigliana,TO,Torino,Piemonte
001014,Azeglio,TO,Torino,Piemonte
001015,Bairo,TO,Torino,Piemonte
001016,Balangero,TO,Torino,Piemonte
001017,Baldissero Canavese,TO,Torino,Piemonte
001018,Baldissero Torinese,TO,Torino,Piemonte
001019,Balme,TO,Torino,Piemonte
001020,Banchette,TO,Torino,Piemonte
001021,Barbania,TO,Torino,Piemonte
001022,Bardonecchia,TO,Torino,Piemonte
001023,Barone Canavese,TO,Torino,Piemonte
001024,Beinasco,TO,Torino,Piemonte
001025,Bibiana,TO,Torino,Piemonte
001026,Bobbio Pellice,TO,Torino,Piemonte
001027,Bollengo,TO,Torino,Piemonte
001028,Borgaro Torinese,TO,Torino,Piemonte
001029,Borgiallo,TO,Torino,Piemonte
001030,Borgofranco d'Ivrea,TO,Torino,Piemonte
001031,Borgomasino,TO,Torino,Piemonte
001032,Borgone Susa,TO,Torino,Piemonte
001033,Bosconero,TO,Torino,Piemonte
001034,Brandizzo,TO,Torino,Piemonte
001035,Bricherasio,TO,Torino,Piemonte
001036,Brosso,TO,Torino,Piemonte
001037,Brozolo,TO,Torino,Piemonte
001038,Bruino,TO,Torino,Piemonte
001039,Brusasco,TO,Torino,Piemonte
001040,Bruzolo,TO,Torino,Piemonte
001041,Buriasco,TO,Torino,Piemonte
001042,Burolo,TO,Torino,Piemonte
001043,Busano,TO,Torino,Piemonte
001044,Bussoleno,TO,Torino,Piemonte
001045,Buttigliera Alta,TO,Torino,Piemonte
001046,Cafasse,TO,Torino,Piemonte
001047,Caluso,TO,Torino,Piemonte
001048,Cambiano,TO,Torino,Piemonte
001049,Campiglione Fenile,TO,Torino,Piemonte
001050,Candia Canavese,TO,Torino,Piemonte
001051,Candiolo,TO,Torino,Piemonte
001052,Canischio,TO,Torino,Piemonte
001053,Cantalupa,TO,Torino,Piemonte
001054,Cantoira,TO,Torino,Piemonte
001055,Caprie,TO,Torino,Piemonte
001056,Caravino,TO,Torino,Piemonte
001057,Carema,TO,Torino,Piemonte
001058,Carignano,TO,Torino,Piemonte
001059,Carmagnola,TO,Torino,Piemonte
001060,Casalborgone,TO,Torino,Piemonte
001061,Cascinette d'Ivrea,TO,Torino,Piemonte
001062,Caselette,TO,Torino,Piemonte
001063,Caselle Torinese,TO,Torino,Piemonte
001064,Castagneto Po,TO,Torino,Piemonte
001065,Castagnole Piemonte,TO,Torino,Piemonte
001066,Castellamonte,TO,Torino,Piemonte
001067,Castelnuovo Nigra,TO,Torino,Piemonte
001068,Castiglione Torinese,TO,Torino,Piemonte
001069,Cavagnolo,TO,Torino,Piemonte
001070,Cavour,TO,Torino,Piemonte
001071,Cercenasco,TO,Torino,Piemonte
001072,Ceres,TO,Torino,Piemonte
001073,Ceresole Reale,TO,Torino,Piemonte
001074,Cesana Torinese,TO,Torino,Piemonte
001075,Chialamberto,TO,Torino,Piemonte
001076,Chianocco,TO,Torino,Piemonte
001077,Chiaverano,TO,Torino,Piemonte
001078,Chieri,TO,Torino,Piemonte
001079,Chiesanuova,TO,Torino,Piemonte
001080,Chiomonte,TO,Torino,Piemonte
001081,Chiusa di San Michele,TO,Torino,Piemonte
001082,Chivasso,TO,Torino,Piemonte
001083,Ciconio,TO,Torino,Piemonte
001084,Cintano,TO,Torino,Piemonte
001085,Cinzano,TO,Torino,Piemonte
001086,Ciriè,TO,Torino,Piemonte
001087,Claviere,TO,Torino,Piemonte
001088,Coassolo Torinese,TO,Torino,Piemonte
001089,Coazze,TO,Torino,Piemonte
001090,Collegno,TO,Torino,Piemonte
001091,Colleretto Castelnuovo,TO,Torino,Piemonte
001092,Colleretto Giacosa,TO,Torino,Piemonte
001093,Condove,TO,Torino,Piemonte
001094,Corio,TO,Torino,Piemonte
001095,Cossano Canavese,TO,Torino,Piemonte
001096,Cuceglio,TO,Torino,Piemonte
001097,Cumiana,TO,Torino,Piemonte
001098,Cuorgnè,TO,Torino,Piemonte
001099,Druento,TO,Torino,Piemonte
001100,Exilles,TO,Torino,Piemonte
001101,Favria,TO,Torino,Piemonte
001102,Feletto,TO,Torino,Piemonte
001103,Fenestrelle,TO,Torino,Piemonte
001104,Fiano,TO,Torino,Piemonte
001105,Fiorano Canavese,TO,Torino,Piemonte
001106,Foglizzo,TO,Torino,Piemonte
001107,Forno Canavese,TO,Torino,Piemonte
001108,Frassinetto,TO,Torino,Piemonte
001109,Front,TO,Torino,Piemonte
001110,Frossasco,TO,Torino,Piemonte
001111,Garzigliana,TO,Torino,Piemonte
001112,Gassino Torinese,TO,Torino,Piemonte
001113,Germagnano,TO,Torino,Piemonte
001114,Giaglione,TO,Torino,Piemonte
001115,Giaveno,TO,Torino,Piemonte
001116,Givoletto,TO,Torino,Piemonte
001117,Gravere,TO,Torino,Piemonte
001118,Groscavallo,TO,Torino,Piemonte
001119,Grosso,TO,Torino,Piemonte
001120,Grugliasco,TO,Torino,Piemonte
001121,Ingria,TO,Torino,Piemonte
001122,Inverso Pinasca,TO,Torino,Piemonte
001123,Isolabella,TO,Torino,Piemonte
001124,Issiglio,TO,Torino,Piemonte
001125,Ivrea,TO,Torino,Piemonte
001126,La Cassa,TO,Torino,Piemonte
001127,La Loggia,TO,Torino,Piemonte
001128,Lanzo Torinese,TO,Torino,Piemonte
001129,Lauriano,TO,Torino,Piemonte
001130,Leini,TO,Torino,Piemonte
001131,Lemie,TO,Torino,Piemonte
001132,Lessolo,TO,Torino,Piemonte
001133,Levone,TO,Torino,Piemonte
001134,Locana,TO,Torino,Piemonte
001135,Lombardore,TO,Torino,Piemonte
001136,Lombriasco,TO,Torino,Piemonte
001137,Loranzè,TO,Torino,Piemonte
001139,Luserna San Giovanni,TO,Torino,Piemonte
001140,Lusernetta,TO,Torino,Piemonte
001141,Lusigliè,TO,Torino,Piemonte
001142,Macello,TO,Torino,Piemonte
001143,Maglione,TO,Torino,Piemonte
001144,Marentino,TO,Torino,Piemonte
001145,Massello,TO,Torino,Piemonte
001146,Mathi,TO,Torino,Piemonte
001147,Mattie,TO,Torino,Piemonte
001148,Mazzè,TO,Torino,Piemonte
001149,Meana di Susa,TO,Torino,Piemonte
001150,Mercenasco,TO,Torino,Piemonte
001152,Mezzenile,TO,Torino,Piemonte
001153,Mombello di Torino,TO,Torino,Piemonte
001154,Mompantero,TO,Torino,Piemonte
001155,Monastero di Lanzo,TO,Torino,Piemonte
001156,Moncalieri,TO,Torino,Piemonte
001157,Moncenisio,TO,Torino,Piemonte
001158,Montaldo Torinese,TO,Torino,Piemonte
001159,Montalenghe,TO,Torino,Piemonte
001160,Montalto Dora,TO,Torino,Piemonte
001161,Montanaro,TO,Torino,Piemonte
001162,Monteu da Po,TO,Torino,Piemonte
001163,Moriondo Torinese,TO,Torino,Piemonte
001164,Nichelino,TO,Torino,Piemonte
001165,Noasca,TO,Torino,Piemonte
001166,Nole,TO,Torino,Piemonte
001167,Nomaglio,TO,Torino,Piemonte
001168,None,TO,Torino,Piemonte
001169,Novalesa,TO,Torino,Piemonte
001170,Oglianico,TO,Torino,Piemonte
001171,Orbassano,TO,Torino,Piemonte
001172,Orio Canavese,TO,Torino,Piemonte
001173,Osasco,TO,Torino,Piemonte
001174,Osasio,TO,Torino,Piemonte
001175,Oulx,TO,Torino,Piemonte
001176,Ozegna,TO,Torino,Piemonte
001177,Palazzo Canavese,TO,Torino,Piemonte
001178,Pancalieri,TO,Torino,Piemonte
001179,Parella,TO,Torino,Piemonte
001180,Pavarolo,TO,Torino,Piemonte
001181,Pavone Canavese,TO,Torino,Piemonte
001183,Pecetto Torinese,TO,Torino,Piemonte
001184,Perosa Argentina,TO,Torino,Piemonte
001185,Perosa Canavese,TO,Torino,Piemonte
001186,Perrero,TO,Torino,Piemonte
001187,Pertusio,TO,Torino,Piemonte
001188,Pessinetto,TO,Torino,Piemonte
001189,Pianezza,TO,Torino,Piemonte
001190,Pinasca,TO,Torino,Piemonte
001191,Pinerolo,TO,Torino,Piemonte
001192,Pino Torinese,TO,Torino,Piemonte
001193,Piobesi Torinese,TO,Torino,Piemonte
001194,Piossasco,TO,Torino,Piemonte
001195,Piscina,TO,Torino,Piemonte
001196,Piverone,TO,Torino,Piemonte
001197,Poirino,TO,Torino,Piemonte
001198,Pomaretto,TO,Torino,Piemonte
001199,Pont Canavese,TO,Torino,Piemonte
001200,Porte,TO,Torino,Piemonte
001201,Pragelato,TO,Torino,Piemonte
001202,Prali,TO,Torino,Piemonte
001203,Pralormo,TO,Torino,Piemonte
001204,Pramollo,TO,Torino,Piemonte
001205,Prarostino,TO,Torino,Piemonte
001206,Prascorsano,TO,Torino,Piemonte
001207,Pratiglione,TO,Torino,Piemonte
001208,Quagliuzzo,TO,Torino,Piemonte
001209,Quassolo,TO,Torino,Piemonte
001210,Quincinetto,TO,Torino,Piemonte
001211,Reano,TO,Torino,Piemonte
001212,Ribordone,TO,Torino,Piemonte
001213,Rivalba,TO,Torino,Piemonte
001214,Rivalta di Torino,TO,Torino,Piemonte
001215,Riva presso Chieri,TO,Torino,Piemonte
001216,Rivara,TO,Torino,Piemonte
001217,Rivarolo Canavese,TO,Torino,Piemonte
001218,Rivarossa,TO,Torino,Piemonte
001219,Rivoli,TO,Torino,Piemonte
001220,Robassomero,TO,Torino,Piemonte
001221,Rocca Canavese,TO,Torino,Piemonte
001222,Roletto,TO,Torino,Piemonte
001223,Romano Canavese,TO,Torino,Piemonte
001224,Ronco Canavese,TO,Torino,Piemonte
001225,Rondissone,TO,Torino,Piemonte
001226,Rorà,TO,Torino,Piemonte
001227,Roure,TO,Torino,Piemonte
001228,Rosta,TO,Torino,Piemonte
001229,Rubiana,TO,Torino,Piemonte
001230,Rueglio,TO,Torino,Piemonte
001231,Salassa,TO,Torino,Piemonte
001232,Salbertrand,TO,Torino,Piemonte
001233,Salerano Canavese,TO,Torino,Piemonte
001234,Salza di Pinerolo,TO,Torino,Piemonte
001235,Samone,TO,Torino,Piemonte
001236,San Benigno Canavese,TO,Torino,Piemonte
001237,San Carlo Canavese,TO,Torino,Piemonte
001238,San Colombano Belmonte,TO,Torino,Piemonte
001239,San Didero,TO,Torino,Piemonte
001240,San Francesco al Campo,TO,Torino,Piemonte
001241,Sangano,TO,Torino,Piemonte
001242,San Germano Chisone,TO,Torino,Piemonte
001243,San Gillio,TO,Torino,Piemonte
001244,San Giorgio Canavese,TO,Torino,Piemonte
001245,San Giorio di Susa,TO,Torino,Piemonte
001246,San Giusto Canavese,TO,Torino,Piemonte
001247,San Martino Canavese,TO,Torino,Piemonte
001248,San Maurizio Canavese,TO,Torino,Piemonte
001249,San Mauro Torinese,TO,Torino,Piemonte
001250,San Pietro Val Lemina,TO,Torino,Piemonte
001251,San Ponso,TO,Torino,Piemonte
001252,San Raffaele Cimena,TO,Torino,Piemonte
001253,San Sebastiano da Po,TO,Torino,Piemonte
001254,San Secondo di Pinerolo,TO,Torino,Piemonte
001255,Sant'Ambrogio di Torino,TO,Torino,Piemonte
001256,Sant'Antonino di Susa,TO,Torino,Piemonte
001257,Santena,TO,Torino,Piemonte
001258,Sauze di Cesana,TO,Torino,Piemonte
001259,Sauze d'Oulx,TO,Torino,Piemonte
001260,Scalenghe,TO,Torino,Piemonte
001261,Scarmagno,TO,Torino,Piemonte
001262,Sciolze,TO,Torino,Piemonte
001263,Sestriere,TO,Torino,Piemonte
001264,Settimo Rottaro,TO,Torino,Piemonte
001265,Settimo Torinese,TO,Torino,Piemonte
001266,Settimo Vittone,TO,Torino,Piemonte
001267,Sparone,TO,Torino,Piemonte
001268,Strambinello,TO,Torino,Piemonte
001269,Strambino,TO,Torino,Piemonte
001270,Susa,TO,Torino,Piemonte
001271,Tavagnasco,TO,Torino,Piemonte
001272,Torino,TO,Torino,Piemonte
001273,Torrazza Piemonte,TO,Torino,Piemonte
001274,Torre Canavese,TO,Torino,Piemonte
001275,Torre Pellice,TO,Torino,Piemonte
001276,Trana,TO,Torino,Piemonte
001278,Traversella,TO,Torino,Piemonte
001279,Traves,TO,Torino,Piemonte
001280,Trofarello,TO,Torino,Piemonte
001281,Usseaux,TO,Torino,Piemonte
001282,Usseglio,TO,Torino,Piemonte
001283,Vaie,TO,Torino,Piemonte
001284,Val della Torre,TO,Torino,Piemonte
001285,Valgioie,TO,Torino,Piemonte
001286,Vallo Torinese,TO,Torino,Piemonte
001287,Valperga,TO,Torino,Piemonte
001288,Valprato Soana,TO,Torino,Piemonte
001289,Varisella,TO,Torino,Piemonte
001290,Vauda Canavese,TO,Torino,Piemonte
001291,Venaus,TO,Torino,Piemonte
001292,Venaria Reale,TO,Torino,Piemonte
001293,Verolengo,TO,Torino,Piemonte
001294,Verrua Savoia,TO,Torino,Piemonte
001295,Vestignè,TO,Torino,Piemonte
001296,Vialfrè,TO,Torino,Piemonte
001298,Vidracco,TO,Torino,Piemonte
001299,Vigone,TO,Torino,Piemonte
001300,Villafranca Piemonte,TO,Torino,Piemonte
001301,Villanova Canavese,TO,Torino,Piemonte
001302,Villarbasse,TO,Torino,Piemonte
001303,Villar Dora,TO,Torino,Piemonte
001304,Villareggia,TO,Torino,Piemonte
001305,Villar Focchiardo,TO,Torino,Piemonte
001306,Villar Pellice,TO,Torino,Piemonte
001307,Villar Perosa,TO,Torino,Piemonte
001308,Villastellone,TO,Torino,Piemonte
001309,Vinovo,TO,Torino,Piemonte
001310,Virle Piemonte,TO,Torino,Piemonte
001311,Vische,TO,Torino,Piemonte
001312,Vistrorio,TO,Torino,Piemonte
001313,Viù,TO,Torino,Piemonte
001314,Volpiano,TO,Torino,Piemonte
001315,Volvera,TO,Torino,Piemonte
001316,Mappano,TO,Torino,Piemonte
001317,Val di Chy,TO,Torino,Piemonte
001318,Valchiusa,TO,Torino,Piemonte
002002,Alagna Valsesia,VC,Vercelli,Piemonte
002003,Albano Vercellese,VC,Vercelli,Piemonte
002004,Alice Castello,VC,Vercelli,Piemonte
002006,Arborio,VC,Vercelli,Piemonte
002007,Asigliano Vercellese,VC,Vercelli,Piemonte
002008,Balmuccia,VC,Vercelli,Piemonte
002009,Balocco,VC,Vercelli,Piemonte
002011,Bianzè,VC,Vercelli,Piemonte
002014,Boccioleto,VC,Vercelli,Piemonte
002015,Borgo d'Ale,VC,Vercelli,Piemonte
002016,Borgosesia,VC,Vercelli,Piemonte
002017,Borgo Vercelli,VC,Vercelli,Piemonte
002021,Buronzo,VC,Vercelli,Piemonte
002025,Campertogno,VC,Vercelli,Piemonte
002029,Carcoforo,VC,Vercelli,Piemonte
002030,Caresana,VC,Vercelli,Piemonte
002031,Caresanablot,VC,Vercelli,Piemonte
002032,Carisio,VC,Vercelli,Piemonte
002033,Casanova Elvo,VC,Vercelli,Piemonte
002035,San Giacomo Vercellese,VC,Vercelli,Piemonte
002041,Cervatto,VC,Vercelli,Piemonte
002042,Cigliano,VC,Vercelli,Piemonte
002043,Civiasco,VC,Vercelli,Piemonte
002045,Collobiano,VC,Vercelli,Piemonte
002047,Costanzana,VC,Vercelli,Piemonte
002048,Cravagliana,VC,Vercelli,Piemonte
002049,Crescentino,VC,Vercelli,Piemonte
002052,Crova,VC,Vercelli,Piemonte
002054,Desana,VC,Vercelli,Piemonte
002057,Fobello,VC,Vercelli,Piemonte
002058,Fontanetto Po,VC,Vercelli,Piemonte
002059,Formigliana,VC,Vercelli,Piemonte
002061,Gattinara,VC,Vercelli,Piemonte
002062,Ghislarengo,VC,Vercelli,Piemonte
002065,Greggio,VC,Vercelli,Piemonte
002066,Guardabosone,VC,Vercelli,Piemonte
002067,Lamporo,VC,Vercelli,Piemonte
002068,Lenta,VC,Vercelli,Piemonte
002070,Lignana,VC,Vercelli,Piemonte
002071,Livorno Ferraris,VC,Vercelli,Piemonte
002072,Lozzolo,VC,Vercelli,Piemonte
002078,Mollia,VC,Vercelli,Piemonte
002079,Moncrivello,VC,Vercelli,Piemonte
002082,Motta de' Conti,VC,Vercelli,Piemonte
002088,Olcenengo,VC,Vercelli,Piemonte
002089,Oldenico,VC,Vercelli,Piemonte
002090,Palazzolo Vercellese,VC,Vercelli,Piemonte
002091,Pertengo,VC,Vercelli,Piemonte
002093,Pezzana,VC,Vercelli,Piemonte
002096,Pila,VC,Vercelli,Piemonte
002097,Piode,VC,Vercelli,Piemonte
002102,Postua,VC,Vercelli,Piemonte
002104,Prarolo,VC,Vercelli,Piemonte
002107,Quarona,VC,Vercelli,Piemonte
002108,Quinto Vercellese,VC,Vercelli,Piemonte
002110,Rassa,VC,Vercelli,Piemonte
002113,Rimella,VC,Vercelli,Piemonte
002115,Rive,VC,Vercelli,Piemonte
002116,Roasio,VC,Vercelli,Piemonte
002118,Ronsecco,VC,Vercelli,Piemonte
002121,Rossa,VC,Vercelli,Piemonte
002122,Rovasenda,VC,Vercelli,Piemonte
002126,Salasco,VC,Vercelli,Piemonte
002127,Sali Vercellese,VC,Vercelli,Piemonte
002128,Saluggia,VC,Vercelli,Piemonte
002131,San Germano Vercellese,VC,Vercelli,Piemonte
002133,Santhià,VC,Vercelli,Piemonte
002134,Scopa,VC,Vercelli,Piemonte
002135,Scopello,VC,Vercelli,Piemonte
002137,Serravalle Sesia,VC,Vercelli,Piemonte
002142,Stroppiana,VC,Vercelli,Piemonte
002147,Tricerro,VC,Vercelli,Piemonte
002148,Trino,VC,Vercelli,Piemonte
002150,Tronzano Vercellese,VC,Vercelli,Piemonte
002152,Valduggia,VC,Vercelli,Piemonte
002156,Varallo,VC,Vercelli,Piemonte
002158,Vercelli,VC,Vercelli,Piemonte
002163,Villarboit,VC,Vercelli,Piemonte
002164,Villata,VC,Vercelli,Piemonte
002166,Vocca,VC,Vercelli,Piemonte
002170,Alto Sermenza,VC,Vercelli,Piemonte
002171,Cellio con Breia,VC,Vercelli,Piemonte
003001,Agrate Conturbia,NO,Novara,Piemonte
003002,Ameno,NO,Novara,Piemonte
003006,Armeno,NO,Novara,Piemonte
003008,Arona,NO,Novara,Piemonte
003012,Barengo,NO,Novara,Piemonte
003016,Bellinzago Novarese,NO,Novara,Piemonte
003018,Biandrate,NO,Novara,Piemonte
003019,Boca,NO,Novara,Piemonte
003021,Bogogno,NO,Novara,Piemonte
003022,Bolzano Novarese,NO,Novara,Piemonte
003023,Borgolavezzaro,NO,Novara,Piemonte
003024,Borgomanero,NO,Novara,Piemonte
003025,Borgo Ticino,NO,Novara,Piemonte
003026,Briga Novarese,NO,Novara,Piemonte
003027,Briona,NO,Novara,Piemonte
003030,Caltignaga,NO,Novara,Piemonte
003032,Cameri,NO,Novara,Piemonte
003036,Carpignano Sesia,NO,Novara,Piemonte
003037,Casalbeltrame,NO,Novara,Piemonte
003039,Casaleggio Novara,NO,Novara,Piemonte
003040,Casalino,NO,Novara,Piemonte
003041,Casalvolone,NO,Novara,Piemonte
003042,Castellazzo Novarese,NO,Novara,Piemonte
003043,Castelletto sopra Ticino,NO,Novara,Piemonte
003044,Cavaglietto,NO,Novara,Piemonte
003045,Cavaglio d'Agogna,NO,Novara,Piemonte
003047,Cavallirio,NO,Novara,Piemonte
003049,Cerano,NO,Novara,Piemonte
003051,Colazza,NO,Novara,Piemonte
003052,Comignago,NO,Novara,Piemonte
003055,Cressa,NO,Novara,Piemonte
003058,Cureggio,NO,Novara,Piemonte
003060,Divignano,NO,Novara,Piemonte
003062,Dormelletto,NO,Novara,Piemonte
003065,Fara Novarese,NO,Novara,Piemonte
003066,Fontaneto d'Agogna,NO,Novara,Piemonte
003068,Galliate,NO,Novara,Piemonte
003069,Garbagna Novarese,NO,Novara,Piemonte
003070,Gargallo,NO,Novara,Piemonte
003073,Ghemme,NO,Novara,Piemonte
003076,Gozzano,NO,Novara,Piemonte
003077,Granozzo con Monticello,NO,Novara,Piemonte
003079,Grignasco,NO,Novara,Piemonte
003082,Invorio,NO,Novara,Piemonte
003083,Landiona,NO,Novara,Piemonte
003084,Lesa,NO,Novara,Piemonte
003088,Maggiora,NO,Novara,Piemonte
003090,Mandello Vitta,NO,Novara,Piemonte
003091,Marano Ticino,NO,Novara,Piemonte
003093,Massino Visconti,NO,Novara,Piemonte
003095,Meina,NO,Novara,Piemonte
003097,Mezzomerico,NO,Novara,Piemonte
003098,Miasino,NO,Novara,Piemonte
003100,Momo,NO,Novara,Piemonte
003103,Nebbiuno,NO,Novara,Piemonte
003104,Nibbiola,NO,Novara,Piemonte
003106,Novara,NO,Novara,Piemonte
003108,Oleggio,NO,Novara,Piemonte
003109,Oleggio Castello,NO,Novara,Piemonte
003112,Orta San Giulio,NO,Novara,Piemonte
003114,Paruzzaro,NO,Novara,Piemonte
003115,Pella,NO,Novara,Piemonte
003116,Pettenasco,NO,Novara,Piemonte
003119,Pisano,NO,Novara,Piemonte
003120,Pogno,NO,Novara,Piemonte
003121,Pombia,NO,Novara,Piemonte
003122,Prato Sesia,NO,Novara,Piemonte
003129,Recetto,NO,Novara,Piemonte
003130,Romagnano Sesia,NO,Novara,Piemonte
003131,Romentino,NO,Novara,Piemonte
003133,San Maurizio d'Opaglio,NO,Novara,Piemonte
003134,San Nazzaro Sesia,NO,Novara,Piemonte
003135,San Pietro Mosezzo,NO,Novara,Piemonte
003138,Sillavengo,NO,Novara,Piemonte
003139,Sizzano,NO,Novara,Piemonte
003140,Soriso,NO,Novara,Piemonte
003141,Sozzago,NO,Novara,Piemonte
003143,Suno,NO,Novara,Piemonte
003144,Terdobbiate,NO,Novara,Piemonte
003146,Tornaco,NO,Novara,Piemonte
003149,Trecate,NO,Novara,Piemonte
003153,Vaprio d'Agogna,NO,Novara,Piemonte
003154,Varallo Pombia,NO,Novara,Piemonte
003158,Vespolate,NO,Novara,Piemonte
003159,Vicolungo,NO,Novara,Piemonte
003164,Vinzaglio,NO,Novara,Piemonte
003166,Gattico-Veruno,NO,Novara,Piemonte
004001,Acceglio,CN,Cuneo,Piemonte
004002,Aisone,CN,Cuneo,Piemonte
004003,Alba,CN,Cuneo,Piemonte
004004,Albaretto della Torre,CN,Cuneo,Piemonte
004005,Alto,CN,Cuneo,Piemonte
004006,Argentera,CN,Cuneo,Piemonte
004007,Arguello,CN,Cuneo,Piemonte
004008,Bagnasco,CN,Cuneo,Piemonte
004009,Bagnolo Piemonte,CN,Cuneo,Piemonte
004010,Baldissero d'Alba,CN,Cuneo,Piemonte
004011,Barbaresco,CN,Cuneo,Piemonte
004012,Barge,CN,Cuneo,Piemonte
004013,Barolo,CN,Cuneo,Piemonte
004014,Bastia Mondovì,CN,Cuneo,Piemonte
004015,Battifollo,CN,Cuneo,Piemonte
004016,Beinette,CN,Cuneo,Piemonte
004017,Bellino,CN,Cuneo,Piemonte
004018,Belvedere Langhe,CN,Cuneo,Piemonte
004019,Bene Vagienna,CN,Cuneo,Piemonte
004020,Benevello,CN,Cuneo,Piemonte
004021,Bergolo,CN,Cuneo,Piemonte
004022,Bernezzo,CN,Cuneo,Piemonte
004023,Bonvicino,CN,Cuneo,Piemonte
004024,Borgomale,CN,Cuneo,Piemonte
004025,Borgo San Dalmazzo,CN,Cuneo,Piemonte
004026,Bosia,CN,Cuneo,Piemonte
004027,Bossolasco,CN,Cuneo,Piemonte
004028,Boves,CN,Cuneo,Piemonte
004029,Bra,CN,Cuneo,Piemonte
004030,Briaglia,CN,Cuneo,Piemonte
004031,Briga Alta,CN,Cuneo,Piemonte
004032,Brondello,CN,Cuneo,Piemonte
004033,Brossasco,CN,Cuneo,Piemonte
004034,Busca,CN,Cuneo,Piemonte
004035,Camerana,CN,Cuneo,Piemonte
004037,Canale,CN,Cuneo,Piemonte
004038,Canosio,CN,Cuneo,Piemonte
004039,Caprauna,CN,Cuneo,Piemonte
004040,Caraglio,CN,Cuneo,Piemonte
004041,Caramagna Piemonte,CN,Cuneo,Piemonte
004042,Cardè,CN,Cuneo,Piemonte
004043,Carrù,CN,Cuneo,Piemonte
004044,Cartignano,CN,Cuneo,Piemonte
004045,Casalgrasso,CN,Cuneo,Piemonte
004046,Castagnito,CN,Cuneo,Piemonte
004047,Casteldelfino,CN,Cuneo,Piemonte
004049,Castelletto Stura,CN,Cuneo,Piemonte
004050,Castelletto Uzzone,CN,Cuneo,Piemonte
004051,Castellinaldo d'Alba,CN,Cuneo,Piemonte
004052,Castellino Tanaro,CN,Cuneo,Piemonte
004053,Castelmagno,CN,Cuneo,Piemonte
004054,Castelnuovo di Ceva,CN,Cuneo,Piemonte
004055,Castiglione Falletto,CN,Cuneo,Piemonte
004056,Castiglione Tinella,CN,Cuneo,Piemonte
004057,Castino,CN,Cuneo,Piemonte
004058,Cavallerleone,CN,Cuneo,Piemonte
004059,Cavallermaggiore,CN,Cuneo,Piemonte
004060,Celle di Macra,CN,Cuneo,Piemonte
004061,Centallo,CN,Cuneo,Piemonte
004062,Ceresole Alba,CN,Cuneo,Piemonte
004063,Cerretto Langhe,CN,Cuneo,Piemonte
004064,Cervasca,CN,Cuneo,Piemonte
004065,Cervere,CN,Cuneo,Piemonte
004066,Ceva,CN,Cuneo,Piemonte
004067,Cherasco,CN,Cuneo,Piemonte
004068,Chiusa di Pesio,CN,Cuneo,Piemonte
004069,Cigliè,CN,Cuneo,Piemonte
004070,Cissone,CN,Cuneo,Piemonte
004071,Clavesana,CN,Cuneo,Piemonte
004072,Corneliano d'Alba,CN,Cuneo,Piemonte
004073,Cortemilia,CN,Cuneo,Piemonte
004074,Cossano Belbo,CN,Cuneo,Piemonte
004075,Costigliole Saluzzo,CN,Cuneo,Piemonte
004076,Cravanzana,CN,Cuneo,Piemonte
004077,Crissolo,CN,Cuneo,Piemonte
004078,Cuneo,CN,Cuneo,Piemonte
004079,Demonte,CN,Cuneo,Piemonte
004080,Diano d'Alba,CN,Cuneo,Piemonte
004081,Dogliani,CN,Cuneo,Piemonte
004082,Dronero,CN,Cuneo,Piemonte
004083,Elva,CN,Cuneo,Piemonte
004084,Entracque,CN,Cuneo,Piemonte
004085,Envie,CN,Cuneo,Piemonte
004086,Farigliano,CN,Cuneo,Piemonte
004087,Faule,CN,Cuneo,Piemonte
004088,Feisoglio,CN,Cuneo,Piemonte
004089,Fossano,CN,Cuneo,Piemonte
004090,Frabosa Soprana,CN,Cuneo,Piemonte
004091,Frabosa Sottana,CN,Cuneo,Piemonte
004092,Frassino,CN,Cuneo,Piemonte
004093,Gaiola,CN,Cuneo,Piemonte
004094,Gambasca,CN,Cuneo,Piemonte
004095,Garessio,CN,Cuneo,Piemonte
004096,Genola,CN,Cuneo,Piemonte
004097,Gorzegno,CN,Cuneo,Piemonte
004098,Gottasecca,CN,Cuneo,Piemonte
004099,Govone,CN,Cuneo,Piemonte
004100,Grinzane Cavour,CN,Cuneo,Piemonte
004101,Guarene,CN,Cuneo,Piemonte
004102,Igliano,CN,Cuneo,Piemonte
004103,Isasca,CN,Cuneo,Piemonte
004104,Lagnasco,CN,Cuneo,Piemonte
004105,La Morra,CN,Cuneo,Piemonte
004106,Lequio Berria,CN,Cuneo,Piemonte
004107,Lequio Tanaro,CN,Cuneo,Piemonte
004108,Lesegno,CN,Cuneo,Piemonte
004109,Levice,CN,Cuneo,Piemonte
004110,Limone Piemonte,CN,Cuneo,Piemonte
004111,Lisio,CN,Cuneo,Piemonte
004112,Macra,CN,Cuneo,Piemonte
004113,Magliano Alfieri,CN,Cuneo,Piemonte
004114,Magliano Alpi,CN,Cuneo,Piemonte
004115,Mango,CN,Cuneo,Piemonte
004116,Manta,CN,Cuneo,Piemonte
004117,Marene,CN,Cuneo,Piemonte
004118,Margarita,CN,Cuneo,Piemonte
004119,Marmora,CN,Cuneo,Piemonte
004120,Marsaglia,CN,Cuneo,Piemonte
004121,Martiniana Po,CN,Cuneo,Piemonte
004122,Melle,CN,Cuneo,Piemonte
004123,Moiola,CN,Cuneo,Piemonte
004124,Mombarcaro,CN,Cuneo,Piemonte
004125,Mombasiglio,CN,Cuneo,Piemonte
004126,Monastero di Vasco,CN,Cuneo,Piemonte
004127,Monasterolo Casotto,CN,Cuneo,Piemonte
004128,Monasterolo di Savigliano,CN,Cuneo,Piemonte
004129,Monchiero,CN,Cuneo,Piemonte
004130,Mondovì,CN,Cuneo,Piemonte
004131,Monesiglio,CN,Cuneo,Piemonte
004132,Monforte d'Alba,CN,Cuneo,Piemonte
004133,Montà,CN,Cuneo,Piemonte
004134,Montaldo di Mondovì,CN,Cuneo,Piemonte
004135,Montaldo Roero,CN,Cuneo,Piemonte
004136,Montanera,CN,Cuneo,Piemonte
004137,Montelupo Albese,CN,Cuneo,Piemonte
004138,Montemale di Cuneo,CN,Cuneo,Piemonte
004139,Monterosso Grana,CN,Cuneo,Piemonte
004140,Monteu Roero,CN,Cuneo,Piemonte
004141,Montezemolo,CN,Cuneo,Piemonte
004142,Monticello d'Alba,CN,Cuneo,Piemonte
004143,Moretta,CN,Cuneo,Piemonte
004144,Morozzo,CN,Cuneo,Piemonte
004145,Murazzano,CN,Cuneo,Piemonte
004146,Murello,CN,Cuneo,Piemonte
004147,Narzole,CN,Cuneo,Piemonte
004148,Neive,CN,Cuneo,Piemonte
004149,Neviglie,CN,Cuneo,Piemonte
004150,Niella Belbo,CN,Cuneo,Piemonte
004151,Niella Tanaro,CN,Cuneo,Piemonte
004152,Novello,CN,Cuneo,Piemonte
004153,Nucetto,CN,Cuneo,Piemonte
004154,Oncino,CN,Cuneo,Piemonte
004155,Ormea,CN,Cuneo,Piemonte
004156,Ostana,CN,Cuneo,Piemonte
004157,Paesana,CN,Cuneo,Piemonte
004158,Pagno,CN,Cuneo,Piemonte
004159,Pamparato,CN,Cuneo,Piemonte
004160,Paroldo,CN,Cuneo,Piemonte
004161,Perletto,CN,Cuneo,Piemonte
004162,Perlo,CN,Cuneo,Piemonte
004163,Peveragno,CN,Cuneo,Piemonte
004164,Pezzolo Valle Uzzone,CN,Cuneo,Piemonte
004165,Pianfei,CN,Cuneo,Piemonte
004166,Piasco,CN,Cuneo,Piemonte
004167,Pietraporzio,CN,Cuneo,Piemonte
004168,Piobesi d'Alba,CN,Cuneo,Piemonte
004169,Piozzo,CN,Cuneo,Piemonte
004170,Pocapaglia,CN,Cuneo,Piemonte
004171,Polonghera,CN,Cuneo,Piemonte
004172,Pontechianale,CN,Cuneo,Piemonte
004173,Pradleves,CN,Cuneo,Piemonte
004174,Prazzo,CN,Cuneo,Piemonte
004175,Priero,CN,Cuneo,Piemonte
004176,Priocca,CN,Cuneo,Piemonte
004177,Priola,CN,Cuneo,Piemonte
004178,Prunetto,CN,Cuneo,Piemonte
004179,Racconigi,CN,Cuneo,Piemonte
004180,Revello,CN,Cuneo,Piemonte
004181,Rifreddo,CN,Cuneo,Piemonte
004182,Rittana,CN,Cuneo,Piemonte
004183,Roaschia,CN,Cuneo,Piemonte
004184,Roascio,CN,Cuneo,Piemonte
004185,Robilante,CN,Cuneo,Piemonte
004186,Roburent,CN,Cuneo,Piemonte
004187,Roccabruna,CN,Cuneo,Piemonte
004188,Rocca Cigliè,CN,Cuneo,Piemonte
004189,Rocca de' Baldi,CN,Cuneo,Piemonte
004190,Roccaforte Mondovì,CN,Cuneo,Piemonte
004191,Roccasparvera,CN,Cuneo,Piemonte
004192,Roccavione,CN,Cuneo,Piemonte
004193,Rocchetta Belbo,CN,Cuneo,Piemonte
004194,Roddi,CN,Cuneo,Piemonte
004195,Roddino,CN,Cuneo,Piemonte
004196,Rodello,CN,Cuneo,Piemonte
004197,Rossana,CN,Cuneo,Piemonte
004198,Ruffia,CN,Cuneo,Piemonte
004199,Sale delle Langhe,CN,Cuneo,Piemonte
004200,Sale San Giovanni,CN,Cuneo,Piemonte
004201,Saliceto,CN,Cuneo,Piemonte
004202,Salmour,CN,Cuneo,Piemonte
004203,Saluzzo,CN,Cuneo,Piemonte
004204,Sambuco,CN,Cuneo,Piemonte
004205,Sampeyre,CN,Cuneo,Piemonte
004206,San Benedetto Belbo,CN,Cuneo,Piemonte
004207,San Damiano Macra,CN,Cuneo,Piemonte
004208,Sanfrè,CN,Cuneo,Piemonte
004209,Sanfront,CN,Cuneo,Piemonte
004210,San Michele Mondovì,CN,Cuneo,Piemonte
004211,Sant'Albano Stura,CN,Cuneo,Piemonte
004212,Santa Vittoria d'Alba,CN,Cuneo,Piemonte
004213,Santo Stefano Belbo,CN,Cuneo,Piemonte
004214,Santo Stefano Roero,CN,Cuneo,Piemonte
004215,Savigliano,CN,Cuneo,Piemonte
004216,Scagnello,CN,Cuneo,Piemonte
004217,Scarnafigi,CN,Cuneo,Piemonte
004218,Serralunga d'Alba,CN,Cuneo,Piemonte
004219,Serravalle Langhe,CN,Cuneo,Piemonte
004220,Sinio,CN,Cuneo,Piemonte
004221,Somano,CN,Cuneo,Piemonte
004222,Sommariva del Bosco,CN,Cuneo,Piemonte
004223,Sommariva Perno,CN,Cuneo,Piemonte
004224,Stroppo,CN,Cuneo,Piemonte
004225,Tarantasca,CN,Cuneo,Piemonte
004226,Torre Bormida,CN,Cuneo,Piemonte
004227,Torre Mondovì,CN,Cuneo,Piemonte
004228,Torre San Giorgio,CN,Cuneo,Piemonte
004229,Torresina,CN,Cuneo,Piemonte
004230,Treiso,CN,Cuneo,Piemonte
004231,Trezzo Tinella,CN,Cuneo,Piemonte
004232,Trinità,CN,Cuneo,Piemonte
004233,Valdieri,CN,Cuneo,Piemonte
004234,Valgrana,CN,Cuneo,Piemonte
004235,Valloriate,CN,Cuneo,Piemonte
004237,Venasca,CN,Cuneo,Piemonte
004238,Verduno,CN,Cuneo,Piemonte
004239,Vernante,CN,Cuneo,Piemonte
004240,Verzuolo,CN,Cuneo,Piemonte
004241,Vezza d'Alba,CN,Cuneo,Piemonte
004242,Vicoforte,CN,Cuneo,Piemonte
004243,Vignolo,CN,Cuneo,Piemonte
004244,Villafalletto,CN,Cuneo,Piemonte
004245,Villanova Mondovì,CN,Cuneo,Piemonte
004246,Villanova Solaro,CN,Cuneo,Piemonte
004247,Villar San Costanzo,CN,Cuneo,Piemonte
004248,Vinadio,CN,Cuneo,Piemonte
004249,Viola,CN,Cuneo,Piemonte
004250,Vottignasco,CN,Cuneo,Piemonte
005001,Agliano Terme,AT,Asti,Piemonte
005002,Albugnano,AT,Asti,Piemonte
005003,Antignano,AT,Asti,Piemonte
005004,Aramengo,AT,Asti,Piemonte
005005,Asti,AT,Asti,Piemonte
005006,Azzano d'Asti,AT,Asti,Piemonte
005007,Baldichieri d'Asti,AT,Asti,Piemonte
005008,Belveglio,AT,Asti,Piemonte
005009,Berzano di San Pietro,AT,Asti,Piemonte
005010,Bruno,AT,Asti,Piemonte
005011,Bubbio,AT,Asti,Piemonte
005012,Buttigliera d'Asti,AT,Asti,Piemonte
005013,Calamandrana,AT,Asti,Piemonte
005014,Calliano Monferrato,AT,Asti,Piemonte
005015,Calosso,AT,Asti,Piemonte
005016,Camerano Casasco,AT,Asti,Piemonte
005017,Canelli,AT,Asti,Piemonte
005018,Cantarana,AT,Asti,Piemonte
005019,Capriglio,AT,Asti,Piemonte
005020,Casorzo Monferrato,AT,Asti,Piemonte
005021,Cassinasco,AT,Asti,Piemonte
005022,Castagnole delle Lanze,AT,Asti,Piemonte
005023,Castagnole Monferrato,AT,Asti,Piemonte
005024,Castel Boglione,AT,Asti,Piemonte
005025,Castell'Alfero,AT,Asti,Piemonte
005026,Castellero,AT,Asti,Piemonte
005027,Castelletto Molina,AT,Asti,Piemonte
005028,Castello di Annone,AT,Asti,Piemonte
005029,Castelnuovo Belbo,AT,Asti,Piemonte
005030,Castelnuovo Calcea,AT,Asti,Piemonte
005031,Castelnuovo Don Bosco,AT,Asti,Piemonte
005032,Castel Rocchero,AT,Asti,Piemonte
005033,Cellarengo,AT,Asti,Piemonte
005034,Celle Enomondo,AT,Asti,Piemonte
005035,Cerreto d'Asti,AT,Asti,Piemonte
005036,Cerro Tanaro,AT,Asti,Piemonte
005037,Cessole,AT,Asti,Piemonte
005038,Chiusano d'Asti,AT,Asti,Piemonte
005039,Cinaglio,AT,Asti,Piemonte
005040,Cisterna d'Asti,AT,Asti,Piemonte
005041,Coazzolo,AT,Asti,Piemonte
005042,Cocconato,AT,Asti,Piemonte
005044,Corsione,AT,Asti,Piemonte
005045,Cortandone,AT,Asti,Piemonte
005046,Cortanze,AT,Asti,Piemonte
005047,Cortazzone,AT,Asti,Piemonte
005048,Cortiglione,AT,Asti,Piemonte
005049,Cossombrato,AT,Asti,Piemonte
005050,Costigliole d'Asti,AT,Asti,Piemonte
005051,Cunico,AT,Asti,Piemonte
005052,Dusino San Michele,AT,Asti,Piemonte
005053,Ferrere,AT,Asti,Piemonte
005054,Fontanile,AT,Asti,Piemonte
005055,Frinco,AT,Asti,Piemonte
005056,Grana Monferrato,AT,Asti,Piemonte
005057,Grazzano Badoglio,AT,Asti,Piemonte
005058,Incisa Scapaccino,AT,Asti,Piemonte
005059,Isola d'Asti,AT,Asti,Piemonte
005060,Loazzolo,AT,Asti,Piemonte
005061,Maranzana,AT,Asti,Piemonte
005062,Maretto,AT,Asti,Piemonte
005063,Moasca,AT,Asti,Piemonte
005064,Mombaldone,AT,Asti,Piemonte
005065,Mombaruzzo,AT,Asti,Piemonte
005066,Mombercelli,AT,Asti,Piemonte
005067,Monale,AT,Asti,Piemonte
005068,Monastero Bormida,AT,Asti,Piemonte
005069,Moncalvo,AT,Asti,Piemonte
005070,Moncucco Torinese,AT,Asti,Piemonte
005071,Mongardino,AT,Asti,Piemonte
005072,Montabone,AT,Asti,Piemonte
005073,Montafia,AT,Asti,Piemonte
005074,Montaldo Scarampi,AT,Asti,Piemonte
005075,Montechiaro d'Asti,AT,Asti,Piemonte
005076,Montegrosso d'Asti,AT,Asti,Piemonte
005077,Montemagno Monferrato,AT,Asti,Piemonte
005080,Nizza Monferrato,AT,Asti,Piemonte
005081,Olmo Gentile,AT,Asti,Piemonte
005082,Passerano Marmorito,AT,Asti,Piemonte
005083,Penango,AT,Asti,Piemonte
005084,Piea,AT,Asti,Piemonte
005085,Pino d'Asti,AT,Asti,Piemonte
005086,Piovà Massaia,AT,Asti,Piemonte
005087,Portacomaro,AT,Asti,Piemonte
005088,Quaranti,AT,Asti,Piemonte
005089,Refrancore,AT,Asti,Piemonte
005090,Revigliasco d'Asti,AT,Asti,Piemonte
005091,Roatto,AT,Asti,Piemonte
005092,Robella,AT,Asti,Piemonte
005093,Rocca d'Arazzo,AT,Asti,Piemonte
005094,Roccaverano,AT,Asti,Piemonte
005095,Rocchetta Palafea,AT,Asti,Piemonte
005096,Rocchetta Tanaro,AT,Asti,Piemonte
005097,San Damiano d'Asti,AT,Asti,Piemonte
005098,San Giorgio Scarampi,AT,Asti,Piemonte
005099,San Martino Alfieri,AT,Asti,Piemonte
005100,San Marzano Oliveto,AT,Asti,Piemonte
005101,San Paolo Solbrito,AT,Asti,Piemonte
005103,Scurzolengo,AT,Asti,Piemonte
005104,Serole,AT,Asti,Piemonte
005105,Sessame,AT,Asti,Piemonte
005106,Settime,AT,Asti,Piemonte
005107,Soglio,AT,Asti,Piemonte
005108,Tigliole,AT,Asti,Piemonte
005109,Tonco,AT,Asti,Piemonte
005111,Vaglio Serra,AT,Asti,Piemonte
005112,Valfenera,AT,Asti,Piemonte
005113,Vesime,AT,Asti,Piemonte
005114,Viale,AT,Asti,Piemonte
005115,Viarigi,AT,Asti,Piemonte
005116,Vigliano d'Asti,AT,Asti,Piemonte
005117,Villafranca d'Asti,AT,Asti,Piemonte
005118,Villanova d'Asti,AT,Asti,Piemonte
005119,Villa San Secondo,AT,Asti,Piemonte
005120,Vinchio,AT,Asti,Piemonte
005121,Montiglio Monferrato,AT,Asti,Piemonte
005122,Moransengo-Tonengo,AT,Asti,Piemonte
006001,Acqui Terme,AL,Alessandria,Piemonte
006002,Albera Ligure,AL,Alessandria,Piemonte
006003,Alessandria,AL,Alessandria,Piemonte
006004,Alfiano Natta,AL,Alessandria,Piemonte
006005,Alice Bel Colle,AL,Alessandria,Piemonte
006007,Altavilla Monferrato,AL,Alessandria,Piemonte
006008,Alzano Scrivia,AL,Alessandria,Piemonte
006009,Arquata Scrivia,AL,Alessandria,Piemonte
006010,Avolasca,AL,Alessandria,Piemonte
006011,Balzola,AL,Alessandria,Piemonte
006012,Basaluzzo,AL,Alessandria,Piemonte
006013,Bassignana,AL,Alessandria,Piemonte
006014,Belforte Monferrato,AL,Alessandria,Piemonte
006015,Bergamasco,AL,Alessandria,Piemonte
006016,Berzano di Tortona,AL,Alessandria,Piemonte
006017,Bistagno,AL,Alessandria,Piemonte
006018,Borghetto di Borbera,AL,Alessandria,Piemonte
006019,Borgoratto Alessandrino,AL,Alessandria,Piemonte
006020,Borgo San Martino,AL,Alessandria,Piemonte
006021,Bosco Marengo,AL,Alessandria,Piemonte
006022,Bosio,AL,Alessandria,Piemonte
006023,Bozzole,AL,Alessandria,Piemonte
006024,Brignano-Frascata,AL,Alessandria,Piemonte
006025,Cabella Ligure,AL,Alessandria,Piemonte
006026,Camagna Monferrato,AL,Alessandria,Piemonte
006027,Camino,AL,Alessandria,Piemonte
006028,Cantalupo Ligure,AL,Alessandria,Piemonte
006029,Capriata d'Orba,AL,Alessandria,Piemonte
006030,Carbonara Scrivia,AL,Alessandria,Piemonte
006031,Carentino,AL,Alessandria,Piemonte
006032,Carezzano,AL,Alessandria,Piemonte
006033,Carpeneto,AL,Alessandria,Piemonte
006034,Carrega Ligure,AL,Alessandria,Piemonte
006035,Carrosio,AL,Alessandria,Piemonte
006036,Cartosio,AL,Alessandria,Piemonte
006037,Casal Cermelli,AL,Alessandria,Piemonte
006038,Casaleggio Boiro,AL,Alessandria,Piemonte
006039,Casale Monferrato,AL,Alessandria,Piemonte
006040,Casalnoceto,AL,Alessandria,Piemonte
006041,Casasco,AL,Alessandria,Piemonte
006043,Cassine,AL,Alessandria,Piemonte
006044,Cassinelle,AL,Alessandria,Piemonte
006045,Castellania Coppi,AL,Alessandria,Piemonte
006046,Castellar Guidobono,AL,Alessandria,Piemonte
006047,Castellazzo Bormida,AL,Alessandria,Piemonte
006048,Castelletto d'Erro,AL,Alessandria,Piemonte
006049,Castelletto d'Orba,AL,Alessandria,Piemonte
006050,Castelletto Merli,AL,Alessandria,Piemonte
006051,Castelletto Monferrato,AL,Alessandria,Piemonte
006052,Castelnuovo Bormida,AL,Alessandria,Piemonte
006053,Castelnuovo Scrivia,AL,Alessandria,Piemonte
006054,Castelspina,AL,Alessandria,Piemonte
006055,Cavatore,AL,Alessandria,Piemonte
006056,Cella Monte,AL,Alessandria,Piemonte
006057,Cereseto,AL,Alessandria,Piemonte
006058,Cerreto Grue,AL,Alessandria,Piemonte
006059,Cerrina Monferrato,AL,Alessandria,Piemonte
006060,Coniolo,AL,Alessandria,Piemonte
006061,Conzano,AL,Alessandria,Piemonte
006062,Costa Vescovato,AL,Alessandria,Piemonte
006063,Cremolino,AL,Alessandria,Piemonte
006065,Denice,AL,Alessandria,Piemonte
006066,Dernice,AL,Alessandria,Piemonte
006067,Fabbrica Curone,AL,Alessandria,Piemonte
006068,Felizzano,AL,Alessandria,Piemonte
006069,Fraconalto,AL,Alessandria,Piemonte
006070,Francavilla Bisio,AL,Alessandria,Piemonte
006071,Frascaro,AL,Alessandria,Piemonte
006072,Frassinello Monferrato,AL,Alessandria,Piemonte
006073,Frassineto Po,AL,Alessandria,Piemonte
006074,Fresonara,AL,Alessandria,Piemonte
006075,Frugarolo,AL,Alessandria,Piemonte
006076,Fubine Monferrato,AL,Alessandria,Piemonte
006077,Gabiano,AL,Alessandria,Piemonte
006078,Gamalero,AL,Alessandria,Piemonte
006079,Garbagna,AL,Alessandria,Piemonte
006081,Gavi,AL,Alessandria,Piemonte
006082,Giarole,AL,Alessandria,Piemonte
006083,Gremiasco,AL,Alessandria,Piemonte
006084,Grognardo,AL,Alessandria,Piemonte
006085,Grondona,AL,Alessandria,Piemonte
006086,Guazzora,AL,Alessandria,Piemonte
006087,Isola Sant'Antonio,AL,Alessandria,Piemonte
006088,Lerma,AL,Alessandria,Piemonte
006090,Malvicino,AL,Alessandria,Piemonte
006091,Masio,AL,Alessandria,Piemonte
006092,Melazzo,AL,Alessandria,Piemonte
006093,Merana,AL,Alessandria,Piemonte
006094,Mirabello Monferrato,AL,Alessandria,Piemonte
006095,Molare,AL,Alessandria,Piemonte
006096,Molino dei Torti,AL,Alessandria,Piemonte
006097,Mombello Monferrato,AL,Alessandria,Piemonte
006098,Momperone,AL,Alessandria,Piemonte
006099,Moncestino,AL,Alessandria,Piemonte
006100,Mongiardino Ligure,AL,Alessandria,Piemonte
006101,Monleale,AL,Alessandria,Piemonte
006102,Montacuto,AL,Alessandria,Piemonte
006103,Montaldeo,AL,Alessandria,Piemonte
006104,Montaldo Bormida,AL,Alessandria,Piemonte
006105,Montecastello,AL,Alessandria,Piemonte
006106,Montechiaro d'Acqui,AL,Alessandria,Piemonte
006107,Montegioco,AL,Alessandria,Piemonte
006108,Montemarzino,AL,Alessandria,Piemonte
006109,Morano sul Po,AL,Alessandria,Piemonte
006110,Morbello,AL,Alessandria,Piemonte
006111,Mornese,AL,Alessandria,Piemonte
006112,Morsasco,AL,Alessandria,Piemonte
006113,Murisengo,AL,Alessandria,Piemonte
006114,Novi Ligure,AL,Alessandria,Piemonte
006115,Occimiano,AL,Alessandria,Piemonte
006116,Odalengo Grande,AL,Alessandria,Piemonte
006117,Odalengo Piccolo,AL,Alessandria,Piemonte
006118,Olivola,AL,Alessandria,Piemonte
006119,Orsara Bormida,AL,Alessandria,Piemonte
006120,Ottiglio,AL,Alessandria,Piemonte
006121,Ovada,AL,Alessandria,Piemonte
006122,Oviglio,AL,Alessandria,Piemonte
006123,Ozzano Monferrato,AL,Alessandria,Piemonte
006124,Paderna,AL,Alessandria,Piemonte
006125,Pareto,AL,Alessandria,Piemonte
006126,Parodi Ligure,AL,Alessandria,Piemonte
006127,Pasturana,AL,Alessandria,Piemonte
006128,Pecetto di Valenza,AL,Alessandria,Piemonte
006129,Pietra Marazzi,AL,Alessandria,Piemonte
006131,Pomaro Monferrato,AL,Alessandria,Piemonte
006132,Pontecurone,AL,Alessandria,Piemonte
006133,Pontestura,AL,Alessandria,Piemonte
006134,Ponti,AL,Alessandria,Piemonte
006135,Ponzano Monferrato,AL,Alessandria,Piemonte
006136,Ponzone,AL,Alessandria,Piemonte
006137,Pozzol Groppo,AL,Alessandria,Piemonte
006138,Pozzolo Formigaro,AL,Alessandria,Piemonte
006139,Prasco,AL,Alessandria,Piemonte
006140,Predosa,AL,Alessandria,Piemonte
006141,Quargnento,AL,Alessandria,Piemonte
006142,Quattordio,AL,Alessandria,Piemonte
006143,Ricaldone,AL,Alessandria,Piemonte
006144,Rivalta Bormida,AL,Alessandria,Piemonte
006145,Rivarone,AL,Alessandria,Piemonte
006146,Roccaforte Ligure,AL,Alessandria,Piemonte
006147,Rocca Grimalda,AL,Alessandria,Piemonte
006148,Rocchetta Ligure,AL,Alessandria,Piemonte
006149,Rosignano Monferrato,AL,Alessandria,Piemonte
006150,Sala Monferrato,AL,Alessandria,Piemonte
006151,Sale,AL,Alessandria,Piemonte
006152,San Cristoforo,AL,Alessandria,Piemonte
006153,San Giorgio Monferrato,AL,Alessandria,Piemonte
006154,San Salvatore Monferrato,AL,Alessandria,Piemonte
006155,San Sebastiano Curone,AL,Alessandria,Piemonte
006156,Sant'Agata Fossili,AL,Alessandria,Piemonte
006157,Sardigliano,AL,Alessandria,Piemonte
006158,Sarezzano,AL,Alessandria,Piemonte
006159,Serralunga di Crea,AL,Alessandria,Piemonte
006160,Serravalle Scrivia,AL,Alessandria,Piemonte
006161,Sezzadio,AL,Alessandria,Piemonte
006162,Silvano d'Orba,AL,Alessandria,Piemonte
006163,Solero,AL,Alessandria,Piemonte
006164,Solonghello,AL,Alessandria,Piemonte
006165,Spigno Monferrato,AL,Alessandria,Piemonte
006166,Spineto Scrivia,AL,Alessandria,Piemonte
006167,Stazzano,AL,Alessandria,Piemonte
006168,Strevi,AL,Alessandria,Piemonte
006169,Tagliolo Monferrato,AL,Alessandria,Piemonte
006170,Tassarolo,AL,Alessandria,Piemonte
006171,Terruggia,AL,Alessandria,Piemonte
006172,Terzo,AL,Alessandria,Piemonte
006173,Ticineto,AL,Alessandria,Piemonte
006174,Tortona,AL,Alessandria,Piemonte
006175,Treville,AL,Alessandria,Piemonte
006176,Trisobbio,AL,Alessandria,Piemonte
006177,Valenza,AL,Alessandria,Piemonte
006178,Valmacca,AL,Alessandria,Piemonte
006179,Vignale Monferrato,AL,Alessandria,Piemonte
006180,Vignole Borbera,AL,Alessandria,Piemonte
006181,Viguzzolo,AL,Alessandria,Piemonte
006182,Villadeati,AL,Alessandria,Piemonte
006183,Villalvernia,AL,Alessandria,Piemonte
006184,Villamiroglio,AL,Alessandria,Piemonte
006185,Villanova Monferrato,AL,Alessandria,Piemonte
006186,Villaromagnano,AL,Alessandria,Piemonte
006187,Visone,AL,Alessandria,Piemonte
006188,Volpedo,AL,Alessandria,Piemonte
006189,Volpeglino,AL,Alessandria,Piemonte
006190,Voltaggio,AL,Alessandria,Piemonte
006191,Cassano Spinola,AL,Alessandria,Piemonte
006192,Alluvioni Piovera,AL,Alessandria,Piemonte
006193,Lu e Cuccaro Monferrato,AL,Alessandria,Piemonte
096001,Ailoche,BI,Biella,Piemonte
096002,Andorno Micca,BI,Biella,Piemonte
096003,Benna,BI,Biella,Piemonte
096004,Biella,BI,Biella,Piemonte
096005,Bioglio,BI,Biella,Piemonte
096006,Borriana,BI,Biella,Piemonte
096007,Brusnengo,BI,Biella,Piemonte
096008,Callabiana,BI,Biella,Piemonte
096009,Camandona,BI,Biella,Piemonte
096010,Camburzano,BI,Biella,Piemonte
096012,Candelo,BI,Biella,Piemonte
096013,Caprile,BI,Biella,Piemonte
096014,Casapinta,BI,Biella,Piemonte
096015,Castelletto Cervo,BI,Biella,Piemonte
096016,Cavaglià,BI,Biella,Piemonte
096018,Cerrione,BI,Biella,Piemonte
096019,Coggiola,BI,Biella,Piemonte
096020,Cossato,BI,Biella,Piemonte
096021,Crevacuore,BI,Biella,Piemonte
096023,Curino,BI,Biella,Piemonte
096024,Donato,BI,Biella,Piemonte
096025,Dorzano,BI,Biella,Piemonte
096026,Gaglianico,BI,Biella,Piemonte
096027,Gifflenga,BI,Biella,Piemonte
096028,Graglia,BI,Biella,Piemonte
096030,Magnano,BI,Biella,Piemonte
096031,Massazza,BI,Biella,Piemonte
096032,Masserano,BI,Biella,Piemonte
096033,Mezzana Mortigliengo,BI,Biella,Piemonte
096034,Miagliano,BI,Biella,Piemonte
096035,Mongrando,BI,Biella,Piemonte
096037,Mottalciata,BI,Biella,Piemonte
096038,Muzzano,BI,Biella,Piemonte
096039,Netro,BI,Biella,Piemonte
096040,Occhieppo Inferiore,BI,Biella,Piemonte
096041,Occhieppo Superiore,BI,Biella,Piemonte
096042,Pettinengo,BI,Biella,Piemonte
096043,Piatto,BI,Biella,Piemonte
096044,Piedicavallo,BI,Biella,Piemonte
096046,Pollone,BI,Biella,Piemonte
096047,Ponderano,BI,Biella,Piemonte
096048,Portula,BI,Biella,Piemonte
096049,Pralungo,BI,Biella,Piemonte
096050,Pray,BI,Biella,Piemonte
096053,Ronco Biellese,BI,Biella,Piemonte
096054,Roppolo,BI,Biella,Piemonte
096055,Rosazza,BI,Biella,Piemonte
096056,Sagliano Micca,BI,Biella,Piemonte
096057,Sala Biellese,BI,Biella,Piemonte
096058,Salussola,BI,Biella,Piemonte
096059,Sandigliano,BI,Biella,Piemonte
096063,Sordevolo,BI,Biella,Piemonte
096064,Sostegno,BI,Biella,Piemonte
096065,Strona,BI,Biella,Piemonte
096066,Tavigliano,BI,Biella,Piemonte
096067,Ternengo,BI,Biella,Piemonte
096068,Tollegno,BI,Biella,Piemonte
096069,Torrazzo,BI,Biella,Piemonte
096071,Valdengo,BI,Biella,Piemonte
096072,Vallanzengo,BI,Biella,Piemonte
096074,Valle San Nicolao,BI,Biella,Piemonte
096075,Veglio,BI,Biella,Piemonte
096076,Verrone,BI,Biella,Piemonte
096077,Vigliano Biellese,BI,Biella,Piemonte
096078,Villa del Bosco,BI,Biella,Piemonte
096079,Villanova Biellese,BI,Biella,Piemonte
096080,Viverone,BI,Biella,Piemonte
096081,Zimone,BI,Biella,Piemonte
096082,Zubiena,BI,Biella,Piemonte
096083,Zumaglia,BI,Biella,Piemonte
096085,Lessona,BI,Biella,Piemonte
096086,Campiglia Cervo,BI,Biella,Piemonte
096087,Quaregna Cerreto,BI,Biella,Piemonte
096088,Valdilana,BI,Biella,Piemonte
103001,Antrona Schieranco,VB,Verbano-Cusio-Ossola,Piemonte
103002,Anzola d'Ossola,VB,Verbano-Cusio-Ossola,Piemonte
103003,Arizzano,VB,Verbano-Cusio-Ossola,Piemonte
103004,Arola,VB,Verbano-Cusio-Ossola,Piemonte
103005,Aurano,VB,Verbano-Cusio-Ossola,Piemonte
103006,Baceno,VB,Verbano-Cusio-Ossola,Piemonte
103007,Bannio Anzino,VB,Verbano-Cusio-Ossola,Piemonte
103008,Baveno,VB,Verbano-Cusio-Ossola,Piemonte
103009,Bee,VB,Verbano-Cusio-Ossola,Piemonte
103010,Belgirate,VB,Verbano-Cusio-Ossola,Piemonte
103011,Beura-Cardezza,VB,Verbano-Cusio-Ossola,Piemonte
103012,Bognanco,VB,Verbano-Cusio-Ossola,Piemonte
103013,Brovello-Carpugnino,VB,Verbano-Cusio-Ossola,Piemonte
103014,Calasca-Castiglione,VB,Verbano-Cusio-Ossola,Piemonte
103015,Cambiasca,VB,Verbano-Cusio-Ossola,Piemonte
103016,Cannero Riviera,VB,Verbano-Cusio-Ossola,Piemonte
103017,Cannobio,VB,Verbano-Cusio-Ossola,Piemonte
103018,Caprezzo,VB,Verbano-Cusio-Ossola,Piemonte
103019,Casale Corte Cerro,VB,Verbano-Cusio-Ossola,Piemonte
103021,Ceppo Morelli,VB,Verbano-Cusio-Ossola,Piemonte
103022,Cesara,VB,Verbano-Cusio-Ossola,Piemonte
103023,Cossogno,VB,Verbano-Cusio-Ossola,Piemonte
103024,Craveggia,VB,Verbano-Cusio-Ossola,Piemonte
103025,Crevoladossola,VB,Verbano-Cusio-Ossola,Piemonte
103026,Crodo,VB,Verbano-Cusio-Ossola,Piemonte
103028,Domodossola,VB,Verbano-Cusio-Ossola,Piemonte
103029,Druogno,VB,Verbano-Cusio-Ossola,Piemonte
103031,Formazza,VB,Verbano-Cusio-Ossola,Piemonte
103032,Germagno,VB,Verbano-Cusio-Ossola,Piemonte
103033,Ghiffa,VB,Verbano-Cusio-Ossola,Piemonte
103034,Gignese,VB,Verbano-Cusio-Ossola,Piemonte
103035,Gravellona Toce,VB,Verbano-Cusio-Ossola,Piemonte
103036,Gurro,VB,Verbano-Cusio-Ossola,Piemonte
103037,Intragna,VB,Verbano-Cusio-Ossola,Piemonte
103038,Loreglia,VB,Verbano-Cusio-Ossola,Piemonte
103039,Macugnaga,VB,Verbano-Cusio-Ossola,Piemonte
103040,Madonna del Sasso,VB,Verbano-Cusio-Ossola,Piemonte
103041,Malesco,VB,Verbano-Cusio-Ossola,Piemonte
103042,Masera,VB,Verbano-Cusio-Ossola,Piemonte
103043,Massiola,VB,Verbano-Cusio-Ossola,Piemonte
103044,Mergozzo,VB,Verbano-Cusio-Ossola,Piemonte
103045,Miazzina,VB,Verbano-Cusio-Ossola,Piemonte
103046,Montecrestese,VB,Verbano-Cusio-Ossola,Piemonte
103047,Montescheno,VB,Verbano-Cusio-Ossola,Piemonte
103048,Nonio,VB,Verbano-Cusio-Ossola,Piemonte
103049,Oggebbio,VB,Verbano-Cusio-Ossola,Piemonte
103050,Omegna,VB,Verbano-Cusio-Ossola,Piemonte
103051,Ornavasso,VB,Verbano-Cusio-Ossola,Piemonte
103052,Pallanzeno,VB,Verbano-Cusio-Ossola,Piemonte
103053,Piedimulera,VB,Verbano-Cusio-Ossola,Piemonte
103054,Pieve Vergonte,VB,Verbano-Cusio-Ossola,Piemonte
103055,Premeno,VB,Verbano-Cusio-Ossola,Piemonte
103056,Premia,VB,Verbano-Cusio-Ossola,Piemonte
103057,Premosello-Chiovenda,VB,Verbano-Cusio-Ossola,Piemonte
103058,Quarna Sopra,VB,Verbano-Cusio-Ossola,Piemonte
103059,Quarna Sotto,VB,Verbano-Cusio-Ossola,Piemonte
103060,Re,VB,Verbano-Cusio-Ossola,Piemonte
103061,San Bernardino Verbano,VB,Verbano-Cusio-Ossola,Piemonte
103062,Santa Maria Maggiore,VB,Verbano-Cusio-Ossola,Piemonte
103064,Stresa,VB,Verbano-Cusio-Ossola,Piemonte
103065,Toceno,VB,Verbano-Cusio-Ossola,Piemonte
103066,Trarego Viggiona,VB,Verbano-Cusio-Ossola,Piemonte
103067,Trasquera,VB,Verbano-Cusio-Ossola,Piemonte
103068,Trontano,VB,Verbano-Cusio-Ossola,Piemonte
103069,Valstrona,VB,Verbano-Cusio-Ossola,Piemonte
103070,Vanzone con San Carlo,VB,Verbano-Cusio-Ossola,Piemonte
103071,Varzo,VB,Verbano-Cusio-Ossola,Piemonte
103072,Verbania,VB,Verbano-Cusio-Ossola,Piemonte
103074,Vignone,VB,Verbano-Cusio-Ossola,Piemonte
103075,Villadossola,VB,Verbano-Cusio-Ossola,Piemonte
103076,Villette,VB,Verbano-Cusio-Ossola,Piemonte
103077,Vogogna,VB,Verbano-Cusio-Ossola,Piemonte
103078,Borgomezzavalle,VB,Verbano-Cusio-Ossola,Piemonte
103079,Valle Cannobina,VB,Verbano-Cusio-Ossola,Piemonte
007001,Allein,AO,Valle d'Aosta/Vallée d'Aoste,Valle d'Aosta/Vallée d'Aoste
007002,Antey-Saint-André,AO,Valle d'Aosta/Vallée d'Aoste,Valle d'Aosta/Vallée d'Aoste
007003,Aosta,AO,Valle d'Aosta/Vallée d'Aoste,Valle d'Aosta/Vallée d'Aoste
007004,Arnad,AO,Valle d'Aosta/Vallée d'Aoste,Valle d'Aosta/Vallée d'Aoste
007005,Arvier,AO,Valle d'Aosta/Vallée d'Aoste,Valle d'Aosta/Vallée d'Aoste
007006,Avise,AO,Valle d'Aosta/Vallée d'Aoste,Valle d'Aosta/Vallée d'Aoste
007007,Ayas,AO,Valle d'Aosta/Vallée d'Aoste,Valle d'Aosta/Vallée d'Aoste
007008,Aymavilles,AO,Valle d'Aosta/Vallée d'Aoste,Valle d'Aosta/Vallée d'Aoste
007009,Bard,AO,Valle d'Aosta/Vallée d'Aoste,Valle d'Aosta/Vallée d'Aoste
007010,Bionaz,AO,Valle d'Aosta/Vallée d'Aoste,Valle d'Aosta/Vallée d'Aoste
007011,Brissogne,AO,Valle d'Aosta/Vallée d'Aoste,Valle d'Aosta/Vallée d'Aoste
007012,Brusson,AO,Valle d'Aosta/Vallée d'Aoste,Valle d'Aosta/Vallée d'Aoste
007013,Challand-Saint-Anselme,AO,Valle d'Aosta/Vallée d'Aoste,Valle d'Aosta/Vallée d'Aoste
007014,Challand-Saint-Victor,AO,Valle d'Aosta/Vallée d'Aoste,Valle d'Aosta/Vallée d'Aoste
007015,Chambave,AO,Valle d'Aosta/Vallée d'Aoste,Valle d'Aosta/Vallée d'Aoste
007016,Chamois,AO,Valle d'Aosta/Vallée d'Aoste,Valle d'Aosta/Vallée d'Aoste
007017,Champdepraz,AO,Valle d'Aosta/Vallée d'Aoste,Valle d'Aosta/Vallée d'Aoste
007018,Champorcher,AO,Valle d'Aosta/Vallée d'Aoste,Valle d'Aosta/Vallée d'Aoste
007019,Charvensod,AO,Valle d'Aosta/Vallée d'Aoste,Valle d'Aosta/Vallée d'Aoste
007020,Châtillon,AO,Valle d'Aosta/Vallée d'Aoste,Valle d'Aosta/Vallée d'Aoste
007021,Cogne,AO,Valle d'Aosta/Vallée d'Aoste,Valle d'Aosta/Vallée d'Aoste
007022,Courmayeur,AO,Valle d'Aosta/Vallée d'Aoste,Valle d'Aosta/Vallée d'Aoste
007023,Donnas,AO,Valle d'Aosta/Vallée d'Aoste,Valle d'Aosta/Vallée d'Aoste
007024,Doues,AO,Valle d'Aosta/Vallée d'Aoste,Valle d'Aosta/Vallée d'Aoste
007025,Emarèse,AO,Valle d'Aosta/Vallée d'Aoste,Valle d'Aosta/Vallée d'Aoste
007026,Etroubles,AO,Valle d'Aosta/Vallée d'Aoste,Valle d'Aosta/Vallée d'Aoste
007027,Fénis,AO,Valle d'Aosta/Vallée d'Aoste,Valle d'Aosta/Vallée d'Aoste
007028,Fontainemore,AO,Valle d'Aosta/Vallée d'Aoste,Valle d'Aosta/Vallée d'Aoste
007029,Gaby,AO,Valle d'Aosta/Vallée d'Aoste,Valle d'Aosta/Vallée d'Aoste
007030,Gignod,AO,Valle d'Aosta/Vallée d'Aoste,Valle d'Aosta/Vallée d'Aoste
007031,Gressan,AO,Valle d'Aosta/Vallée d'Aoste,Valle d'Aosta/Vallée d'Aoste
007032,Gressoney-La-Trinité,AO,Valle d'Aosta/Vallée d'Aoste,Valle d'Aosta/Vallée d'Aoste
007033,Gressoney-Saint-Jean,AO,Valle d'Aosta/Vallée d'Aoste,Valle d'Aosta/Vallée d'Aoste
007034,Hône,AO,Valle d'Aosta/Vallée d'Aoste,Valle d'Aosta/Vallée d'Aoste
007035,Introd,AO,Valle d'Aosta/Vallée d'Aoste,Valle d'Aosta/Vallée d'Aoste
007036,Issime,AO,Valle d'Aosta/Vallée d'Aoste,Valle d'Aosta/Vallée d'Aoste
007037,Issogne,AO,Valle d'Aosta/Vallée d'Aoste,Valle d'Aosta/Vallée d'Aoste
007038,Jovençan,AO,Valle d'Aosta/Vallée d'Aoste,Valle d'Aosta/Vallée d'Aoste
007039,La Magdeleine,AO,Valle d'Aosta/Vallée d'Aoste,Valle d'Aosta/Vallée d'Aoste
007040,La Salle,AO,Valle d'Aosta/Vallée d'Aoste,Valle d'Aosta/Vallée d'Aoste
007041,La Thuile,AO,Valle d'Aosta/Vallée d'Aoste,Valle d'Aosta/Vallée d'Aoste
007042,Lillianes,AO,Valle d'Aosta/Vallée d'Aoste,Valle d'Aosta/Vallée d'Aoste
007043,Montjovet,AO,Valle d'Aosta/Vallée d'Aoste,Valle d'Aosta/Vallée d'Aoste
007044,Morgex,AO,Valle d'Aosta/Vallée d'Aoste,Valle d'Aosta/Vallée d'Aoste
007045,Nus,AO,Valle d'Aosta/Vallée d'Aoste,Valle d'Aosta/Vallée d'Aoste
007046,Ollomont,AO,Valle d'Aosta/Vallée d'Aoste,Valle d'Aosta/Vallée d'Aoste
007047,Oyace,AO,Valle d'Aosta/Vallée d'Aoste,Valle d'Aosta/Vallée d'Aoste
007048,Perloz,AO,Valle d'Aosta/Vallée d'Aoste,Valle d'Aosta/Vallée d'Aoste
007049,Pollein,AO,Valle d'Aosta/Vallée d'Aoste,Valle d'Aosta/Vallée d'Aoste
007050,Pontboset,AO,Valle d'Aosta/Vallée d'Aoste,Valle d'Aosta/Vallée d'Aoste
007051,Pontey,AO,Valle d'Aosta/Vallée d'Aoste,Valle d'Aosta/Vallée d'Aoste
007052,Pont-Saint-Martin,AO,Valle d'Aosta/Vallée d'Aoste,Valle d'Aosta/Vallée d'Aoste
007053,Pré-Saint-Didier,AO,Valle d'Aosta/Vallée d'Aoste,Valle d'Aosta/Vallée d'Aoste
007054,Quart,AO,Valle d'Aosta/Vallée d'Aoste,Valle d'Aosta/Vallée d'Aoste
007055,Rhêmes-Notre-Dame,AO,Valle d'Aosta/Vallée d'Aoste,Valle d'Aosta/Vallée d'Aoste
007056,Rhêmes-Saint-Georges,AO,Valle d'Aosta/Vallée d'Aoste,Valle d'Aosta/Vallée d'Aoste
007057,Roisan,AO,Valle d'Aosta/Vallée d'Aoste,Valle d'Aosta/Vallée d'Aoste
007058,Saint-Christophe,AO,Valle d'Aosta/Vallée d'Aoste,Valle d'Aosta/Vallée d'Aoste
007059,Saint-Denis,AO,Valle d'Aosta/Vallée d'Aoste,Valle d'Aosta/Vallée d'Aoste
007060,Saint-Marcel,AO,Valle d'Aosta/Vallée d'Aoste,Valle d'Aosta/Vallée d'Aoste
007061,Saint-Nicolas,AO,Valle d'Aosta/Vallée d'Aoste,Valle d'Aosta/Vallée d'Aoste
007062,Saint-Oyen,AO,Valle d'Aosta/Vallée d'Aoste,Valle d'Aosta/Vallée d'Aoste
007063,Saint-Pierre,AO,Valle d'Aosta/Vallée d'Aoste,Valle d'Aosta/Vallée d'Aoste
007064,Saint-Rhémy-en-Bosses,AO,Valle d'Aosta/Vallée d'Aoste,Valle d'Aosta/Vallée d'Aoste
007065,Saint-Vincent,AO,Valle d'Aosta/Vallée d'Aoste,Valle d'Aosta/Vallée d'Aoste
007066,Sarre,AO,Valle d'Aosta/Vallée d'Aoste,Valle d'Aosta/Vallée d'Aoste
007067,Torgnon,AO,Valle d'Aosta/Vallée d'Aoste,Valle d'Aosta/Vallée d'Aoste
007068,Valgrisenche,AO,Valle d'Aosta/Vallée d'Aoste,Valle d'Aosta/Vallée d'Aoste
007069,Valpelline,AO,Valle d'Aosta/Vallée d'Aoste,Valle d'Aosta/Vallée d'Aoste
007070,Valsavarenche,AO,Valle d'Aosta/Vallée d'Aoste,Valle d'Aosta/Vallée d'Aoste
007071,Valtournenche,AO,Valle d'Aosta/Vallée d'Aoste,Valle d'Aosta/Vallée d'Aoste
007072,Verrayes,AO,Valle d'Aosta/Vallée d'Aoste,Valle d'Aosta/Vallée d'Aoste
007073,Verrès,AO,Valle d'Aosta/Vallée d'Aoste,Valle d'Aosta/Vallée d'Aoste
007074,Villeneuve,AO,Valle d'Aosta/Vallée d'Aoste,Valle d'Aosta/Vallée d'Aoste
012001,Agra,VA,Varese,Lombardia
012002,Albizzate,VA,Varese,Lombardia
012003,Angera,VA,Varese,Lombardia
012004,Arcisate,VA,Varese,Lombardia
012005,Arsago Seprio,VA,Varese,Lombardia
012006,Azzate,VA,Varese,Lombardia
012007,Azzio,VA,Varese,Lombardia
012008,Barasso,VA,Varese,Lombardia
012010,Bedero Valcuvia,VA,Varese,Lombardia
012011,Besano,VA,Varese,Lombardia
012012,Besnate,VA,Varese,Lombardia
012013,Besozzo,VA,Varese,Lombardia
012014,Biandronno,VA,Varese,Lombardia
012015,Bisuschio,VA,Varese,Lombardia
012016,Bodio Lomnago,VA,Varese,Lombardia
012017,Brebbia,VA,Varese,Lombardia
012019,Brenta,VA,Varese,Lombardia
012020,Brezzo di Bedero,VA,Varese,Lombardia
012021,Brinzio,VA,Varese,Lombardia
012022,Brissago-Valtravaglia,VA,Varese,Lombardia
012023,Brunello,VA,Varese,Lombardia
012024,Brusimpiano,VA,Varese,Lombardia
012025,Buguggiate,VA,Varese,Lombardia
012026,Busto Arsizio,VA,Varese,Lombardia
012027,Cadegliano-Viconago,VA,Varese,Lombardia
012029,Cairate,VA,Varese,Lombardia
012030,Cantello,VA,Varese,Lombardia
012031,Caravate,VA,Varese,Lombardia
012032,Cardano al Campo,VA,Varese,Lombardia
012033,Carnago,VA,Varese,Lombardia
012034,Caronno Pertusella,VA,Varese,Lombardia
012035,Caronno Varesino,VA,Varese,Lombardia
012036,Casale Litta,VA,Varese,Lombardia
012037,Casalzuigno,VA,Varese,Lombardia
012038,Casciago,VA,Varese,Lombardia
012039,Casorate Sempione,VA,Varese,Lombardia
012040,Cassano Magnago,VA,Varese,Lombardia
012041,Cassano Valcuvia,VA,Varese,Lombardia
012042,Castellanza,VA,Varese,Lombardia
012043,Castello Cabiaglio,VA,Varese,Lombardia
012044,Castelseprio,VA,Varese,Lombardia
012045,Castelveccana,VA,Varese,Lombardia
012046,Castiglione Olona,VA,Varese,Lombardia
012047,Castronno,VA,Varese,Lombardia
012048,Cavaria con Premezzo,VA,Varese,Lombardia
012049,Cazzago Brabbia,VA,Varese,Lombardia
012050,Cislago,VA,Varese,Lombardia
012051,Cittiglio,VA,Varese,Lombardia
012052,Clivio,VA,Varese,Lombardia
012053,Cocquio-Trevisago,VA,Varese,Lombardia
012054,Comabbio,VA,Varese,Lombardia
012055,Comerio,VA,Varese,Lombardia
012056,Cremenaga,VA,Varese,Lombardia
012057,Crosio della Valle,VA,Varese,Lombardia
012058,Cuasso al Monte,VA,Varese,Lombardia
012059,Cugliate-Fabiasco,VA,Varese,Lombardia
012060,Cunardo,VA,Varese,Lombardia
012061,Curiglia con Monteviasco,VA,Varese,Lombardia
012062,Cuveglio,VA,Varese,Lombardia
012063,Cuvio,VA,Varese,Lombardia
012064,Daverio,VA,Varese,Lombardia
012065,Dumenza,VA,Varese,Lombardia
012066,Duno,VA,Varese,Lombardia
012067,Fagnano Olona,VA,Varese,Lombardia
012068,Ferno,VA,Varese,Lombardia
012069,Ferrera di Varese,VA,Varese,Lombardia
012070,Gallarate,VA,Varese,Lombardia
012071,Galliate Lombardo,VA,Varese,Lombardia
012072,Gavirate,VA,Varese,Lombardia
012073,Gazzada Schianno,VA,Varese,Lombardia
012074,Gemonio,VA,Varese,Lombardia
012075,Gerenzano,VA,Varese,Lombardia
012076,Germignaga,VA,Varese,Lombardia
012077,Golasecca,VA,Varese,Lombardia
012078,Gorla Maggiore,VA,Varese,Lombardia
012079,Gorla Minore,VA,Varese,Lombardia
012080,Gornate Olona,VA,Varese,Lombardia
012081,Grantola,VA,Varese,Lombardia
012082,Inarzo,VA,Varese,Lombardia
012083,Induno Olona,VA,Varese,Lombardia
012084,Ispra,VA,Varese,Lombardia
012085,Jerago con Orago,VA,Varese,Lombardia
012086,Lavena Ponte Tresa,VA,Varese,Lombardia
012087,Laveno-Mombello,VA,Varese,Lombardia
012088,Leggiuno,VA,Varese,Lombardia
012089,Lonate Ceppino,VA,Varese,Lombardia
012090,Lonate Pozzolo,VA,Varese,Lombardia
012091,Lozza,VA,Varese,Lombardia
012092,Luino,VA,Varese,Lombardia
012093,Luvinate,VA,Varese,Lombardia
012096,Malnate,VA,Varese,Lombardia
012097,Marchirolo,VA,Varese,Lombardia
012098,Marnate,VA,Varese,Lombardia
012099,Marzio,VA,Varese,Lombardia
012100,Masciago Primo,VA,Varese,Lombardia
012101,Mercallo,VA,Varese,Lombardia
012102,Mesenzana,VA,Varese,Lombardia
012103,Montegrino Valtravaglia,VA,Varese,Lombardia
012104,Monvalle,VA,Varese,Lombardia
012105,Morazzone,VA,Varese,Lombardia
012106,Mornago,VA,Varese,Lombardia
012107,Oggiona con Santo Stefano,VA,Varese,Lombardia
012108,Olgiate Olona,VA,Varese,Lombardia
012109,Origgio,VA,Varese,Lombardia
012110,Orino,VA,Varese,Lombardia
012113,Porto Ceresio,VA,Varese,Lombardia
012114,Porto Valtravaglia,VA,Varese,Lombardia
012115,Rancio Valcuvia,VA,Varese,Lombardia
012116,Ranco,VA,Varese,Lombardia
012117,Saltrio,VA,Varese,Lombardia
012118,Samarate,VA,Varese,Lombardia
012119,Saronno,VA,Varese,Lombardia
012120,Sesto Calende,VA,Varese,Lombardia
012121,Solbiate Arno,VA,Varese,Lombardia
012122,Solbiate Olona,VA,Varese,Lombardia
012123,Somma Lombardo,VA,Varese,Lombardia
012124,Sumirago,VA,Varese,Lombardia
012125,Taino,VA,Varese,Lombardia
012126,Ternate,VA,Varese,Lombardia
012127,Tradate,VA,Varese,Lombardia
012128,Travedona-Monate,VA,Varese,Lombardia
012129,Tronzano Lago Maggiore,VA,Varese,Lombardia
012130,Uboldo,VA,Varese,Lombardia
012131,Valganna,VA,Varese,Lombardia
012132,Varano Borghi,VA,Varese,Lombardia
012133,Varese,VA,Varese,Lombardia
012134,Vedano Olona,VA,Varese,Lombardia
012136,Venegono Inferiore,VA,Varese,Lombardia
012137,Venegono Superiore,VA,Varese,Lombardia
012138,Vergiate,VA,Varese,Lombardia
012139,Viggiù,VA,Varese,Lombardia
012140,Vizzola Ticino,VA,Varese,Lombardia
012141,Sangiano,VA,Varese,Lombardia
012142,Maccagno con Pino e Veddasca,VA,Varese,Lombardia
012143,Cadrezzate con Osmate,VA,Varese,Lombardia
012144,Bardello con Malgesso e Bregano,VA,Varese,Lombardia
013003,Albavilla,CO,Como,Lombardia
013004,Albese con Cassano,CO,Como,Lombardia
013005,Albiolo,CO,Como,Lombardia
013006,Alserio,CO,Como,Lombardia
013007,Alzate Brianza,CO,Como,Lombardia
013009,Anzano del Parco,CO,Como,Lombardia
013010,Appiano Gentile,CO,Como,Lombardia
013011,Argegno,CO,Como,Lombardia
013012,Arosio,CO,Como,Lombardia
013013,Asso,CO,Como,Lombardia
013015,Barni,CO,Como,Lombardia
013021,Bene Lario,CO,Como,Lombardia
013022,Beregazzo con Figliaro,CO,Como,Lombardia
013023,Binago,CO,Como,Lombardia
013024,Bizzarone,CO,Como,Lombardia
013025,Blessagno,CO,Como,Lombardia
013026,Blevio,CO,Como,Lombardia
013028,Bregnano,CO,Como,Lombardia
013029,Brenna,CO,Como,Lombardia
013030,Brienno,CO,Como,Lombardia
013032,Brunate,CO,Como,Lombardia
013034,Bulgarograsso,CO,Como,Lombardia
013035,Cabiate,CO,Como,Lombardia
013036,Cadorago,CO,Como,Lombardia
013037,Caglio,CO,Como,Lombardia
013040,Campione d'Italia,CO,Como,Lombardia
013041,Cantù,CO,Como,Lombardia
013042,Canzo,CO,Como,Lombardia
013043,Capiago Intimiano,CO,Como,Lombardia
013044,Carate Urio,CO,Como,Lombardia
013045,Carbonate,CO,Como,Lombardia
013046,Carimate,CO,Como,Lombardia
013047,Carlazzo,CO,Como,Lombardia
013048,Carugo,CO,Como,Lombardia
013052,Caslino d'Erba,CO,Como,Lombardia
013053,Casnate con Bernate,CO,Como,Lombardia
013055,Cassina Rizzardi,CO,Como,Lombardia
013058,Castelmarte,CO,Como,Lombardia
013059,Castelnuovo Bozzente,CO,Como,Lombardia
013062,Cavargna,CO,Como,Lombardia
013063,Cerano d'Intelvi,CO,Como,Lombardia
013064,Cermenate,CO,Como,Lombardia
013065,Cernobbio,CO,Como,Lombardia
013068,Cirimido,CO,Como,Lombardia
013071,Claino con Osteno,CO,Como,Lombardia
013074,Colonno,CO,Como,Lombardia
013075,Como,CO,Como,Lombardia
013077,Corrido,CO,Como,Lombardia
013083,Cremia,CO,Como,Lombardia
013084,Cucciago,CO,Como,Lombardia
013085,Cusino,CO,Como,Lombardia
013087,Dizzasco,CO,Como,Lombardia
013089,Domaso,CO,Como,Lombardia
013090,Dongo,CO,Como,Lombardia
013092,Dosso del Liro,CO,Como,Lombardia
013095,Erba,CO,Como,Lombardia
013097,Eupilio,CO,Como,Lombardia
013098,Faggeto Lario,CO,Como,Lombardia
013099,Faloppio,CO,Como,Lombardia
013100,Fenegrò,CO,Como,Lombardia
013101,Figino Serenza,CO,Como,Lombardia
013102,Fino Mornasco,CO,Como,Lombardia
013106,Garzeno,CO,Como,Lombardia
013107,Gera Lario,CO,Como,Lombardia
013110,Grandate,CO,Como,Lombardia
013111,Grandola ed Uniti,CO,Como,Lombardia
013113,Griante,CO,Como,Lombardia
013114,Guanzate,CO,Como,Lombardia
013118,Inverigo,CO,Como,Lombardia
013119,Laglio,CO,Como,Lombardia
013120,Laino,CO,Como,Lombardia
013121,Lambrugo,CO,Como,Lombardia
013123,Lasnigo,CO,Como,Lombardia
013126,Lezzeno,CO,Como,Lombardia
013128,Limido Comasco,CO,Como,Lombardia
013129,Lipomo,CO,Como,Lombardia
013130,Livo,CO,Como,Lombardia
013131,Locate Varesino,CO,Como,Lombardia
013133,Lomazzo,CO,Como,Lombardia
013134,Longone al Segrino,CO,Como,Lombardia
013135,Luisago,CO,Como,Lombardia
013136,Lurago d'Erba,CO,Como,Lombardia
013137,Lurago Marinone,CO,Como,Lombardia
013138,Lurate Caccivio,CO,Como,Lombardia
013139,Magreglio,CO,Como,Lombardia
013143,Mariano Comense,CO,Como,Lombardia
013144,Maslianico,CO,Como,Lombardia
013145,Menaggio,CO,Como,Lombardia
013147,Merone,CO,Como,Lombardia
013152,Moltrasio,CO,Como,Lombardia
013153,Monguzzo,CO,Como,Lombardia
013154,Montano Lucino,CO,Como,Lombardia
013155,Montemezzo,CO,Como,Lombardia
013157,Montorfano,CO,Como,Lombardia
013159,Mozzate,CO,Como,Lombardia
013160,Musso,CO,Como,Lombardia
013161,Nesso,CO,Como,Lombardia
013163,Novedrate,CO,Como,Lombardia
013165,Olgiate Comasco,CO,Como,Lombardia
013169,Oltrona di San Mamette,CO,Como,Lombardia
013170,Orsenigo,CO,Como,Lombardia
013178,Peglio,CO,Como,Lombardia
013183,Pianello del Lario,CO,Como,Lombardia
013184,Pigra,CO,Como,Lombardia
013185,Plesio,CO,Como,Lombardia
013186,Pognana Lario,CO,Como,Lombardia
013187,Ponna,CO,Como,Lombardia
013188,Ponte Lambro,CO,Como,Lombardia
013189,Porlezza,CO,Como,Lombardia
013192,Proserpio,CO,Como,Lombardia
013193,Pusiano,CO,Como,Lombardia
013195,Rezzago,CO,Como,Lombardia
013197,Rodero,CO,Como,Lombardia
013201,Rovellasca,CO,Como,Lombardia
013202,Rovello Porro,CO,Como,Lombardia
013203,Sala Comacina,CO,Como,Lombardia
013204,San Bartolomeo Val Cavargna,CO,Como,Lombardia
013206,San Fermo della Battaglia,CO,Como,Lombardia
013207,San Nazzaro Val Cavargna,CO,Como,Lombardia
013211,Schignano,CO,Como,Lombardia
013212,Senna Comasco,CO,Como,Lombardia
013216,Sorico,CO,Como,Lombardia
013217,Sormano,CO,Como,Lombardia
013218,Stazzona,CO,Como,Lombardia
013222,Tavernerio,CO,Como,Lombardia
013223,Torno,CO,Como,Lombardia
013226,Trezzone,CO,Como,Lombardia
013227,Turate,CO,Como,Lombardia
013229,Valbrona,CO,Como,Lombardia
013232,Valmorea,CO,Como,Lombardia
013233,Val Rezzo,CO,Como,Lombardia
013234,Valsolda,CO,Como,Lombardia
013236,Veleso,CO,Como,Lombardia
013238,Veniano,CO,Como,Lombardia
013239,Vercana,CO,Como,Lombardia
013242,Vertemate con Minoprio,CO,Como,Lombardia
013245,Villa Guardia,CO,Como,Lombardia
013246,Zelbio,CO,Como,Lombardia
013248,San Siro,CO,Como,Lombardia
013249,Gravedona ed Uniti,CO,Como,Lombardia
013250,Bellagio,CO,Como,Lombardia
013251,Colverde,CO,Como,Lombardia
013252,Tremezzina,CO,Como,Lombardia
013253,Alta Valle Intelvi,CO,Como,Lombardia
013254,Centro Valle Intelvi,CO,Como,Lombardia
013255,Solbiate con Cagno,CO,Como,Lombardia
013256,Uggiate con Ronago,CO,Como,Lombardia
014001,Albaredo per San Marco,SO,Sondrio,Lombardia
014002,Albosaggia,SO,Sondrio,Lombardia
014003,Andalo Valtellino,SO,Sondrio,Lombardia
014004,Aprica,SO,Sondrio,Lombardia
014005,Ardenno,SO,Sondrio,Lombardia
014006,Bema,SO,Sondrio,Lombardia
014007,Berbenno di Valtellina,SO,Sondrio,Lombardia
014008,Bianzone,SO,Sondrio,Lombardia
014009,Bormio,SO,Sondrio,Lombardia
014010,Buglio in Monte,SO,Sondrio,Lombardia
014011,Caiolo,SO,Sondrio,Lombardia
014012,Campodolcino,SO,Sondrio,Lombardia
014013,Caspoggio,SO,Sondrio,Lombardia
014014,Castello dell'Acqua,SO,Sondrio,Lombardia
014015,Castione Andevenno,SO,Sondrio,Lombardia
014016,Cedrasco,SO,Sondrio,Lombardia
014017,Cercino,SO,Sondrio,Lombardia
014018,Chiavenna,SO,Sondrio,Lombardia
014019,Chiesa in Valmalenco,SO,Sondrio,Lombardia
014020,Chiuro,SO,Sondrio,Lombardia
014021,Cino,SO,Sondrio,Lombardia
014022,Civo,SO,Sondrio,Lombardia
014023,Colorina,SO,Sondrio,Lombardia
014024,Cosio Valtellino,SO,Sondrio,Lombardia
014025,Dazio,SO,Sondrio,Lombardia
014026,Delebio,SO,Sondrio,Lombardia
014027,Dubino,SO,Sondrio,Lombardia
014028,Faedo Valtellino,SO,Sondrio,Lombardia
014029,Forcola,SO,Sondrio,Lombardia
014030,Fusine,SO,Sondrio,Lombardia
014031,Gerola Alta,SO,Sondrio,Lombardia
014032,Gordona,SO,Sondrio,Lombardia
014033,Grosio,SO,Sondrio,Lombardia
014034,Grosotto,SO,Sondrio,Lombardia
014035,Madesimo,SO,Sondrio,Lombardia
014036,Lanzada,SO,Sondrio,Lombardia
014037,Livigno,SO,Sondrio,Lombardia
014038,Lovero,SO,Sondrio,Lombardia
014039,Mantello,SO,Sondrio,Lombardia
014040,Mazzo di Valtellina,SO,Sondrio,Lombardia
014041,Mello,SO,Sondrio,Lombardia
014043,Mese,SO,Sondrio,Lombardia
014044,Montagna in Valtellina,SO,Sondrio,Lombardia
014045,Morbegno,SO,Sondrio,Lombardia
014046,Novate Mezzola,SO,Sondrio,Lombardia
014047,Pedesina,SO,Sondrio,Lombardia
014048,Piantedo,SO,Sondrio,Lombardia
014049,Piateda,SO,Sondrio,Lombardia
014050,Piuro,SO,Sondrio,Lombardia
014051,Poggiridenti,SO,Sondrio,Lombardia
014052,Ponte in Valtellina,SO,Sondrio,Lombardia
014053,Postalesio,SO,Sondrio,Lombardia
014054,Prata Camportaccio,SO,Sondrio,Lombardia
014055,Rasura,SO,Sondrio,Lombardia
014056,Rogolo,SO,Sondrio,Lombardia
014057,Samolaco,SO,Sondrio,Lombardia
014058,San Giacomo Filippo,SO,Sondrio,Lombardia
014059,Sernio,SO,Sondrio,Lombardia
014060,Sondalo,SO,Sondrio,Lombardia
014061,Sondrio,SO,Sondrio,Lombardia
014062,Spriana,SO,Sondrio,Lombardia
014063,Talamona,SO,Sondrio,Lombardia
014064,Tartano,SO,Sondrio,Lombardia
014065,Teglio,SO,Sondrio,Lombardia
014066,Tirano,SO,Sondrio,Lombardia
014067,Torre di Santa Maria,SO,Sondrio,Lombardia
014068,Tovo di Sant'Agata,SO,Sondrio,Lombardia
014069,Traona,SO,Sondrio,Lombardia
014070,Tresivio,SO,Sondrio,Lombardia
014071,Valdidentro,SO,Sondrio,Lombardia
014072,Valdisotto,SO,Sondrio,Lombardia
014073,Valfurva,SO,Sondrio,Lombardia
014074,Val Masino,SO,Sondrio,Lombardia
014075,Verceia,SO,Sondrio,Lombardia
014076,Vervio,SO,Sondrio,Lombardia
014077,Villa di Chiavenna,SO,Sondrio,Lombardia
014078,Villa di Tirano,SO,Sondrio,Lombardia
015002,Abbiategrasso,MI,Milano,Lombardia
015005,Albairate,MI,Milano,Lombardia
015007,Arconate,MI,Milano,Lombardia
015009,Arese,MI,Milano,Lombardia
015010,Arluno,MI,Milano,Lombardia
015011,Assago,MI,Milano,Lombardia
015012,Bareggio,MI,Milano,Lombardia
015014,Basiano,MI,Milano,Lombardia
015015,Basiglio,MI,Milano,Lombardia
015016,Bellinzago Lombardo,MI,Milano,Lombardia
015019,Bernate Ticino,MI,Milano,Lombardia
015022,Besate,MI,Milano,Lombardia
015024,Binasco,MI,Milano,Lombardia
015026,Boffalora sopra Ticino,MI,Milano,Lombardia
015027,Bollate,MI,Milano,Lombardia
015032,Bresso,MI,Milano,Lombardia
015035,Bubbiano,MI,Milano,Lombardia
015036,Buccinasco,MI,Milano,Lombardia
015038,Buscate,MI,Milano,Lombardia
015040,Bussero,MI,Milano,Lombardia
015041,Busto Garolfo,MI,Milano,Lombardia
015042,Calvignasco,MI,Milano,Lombardia
015044,Cambiago,MI,Milano,Lombardia
015046,Canegrate,MI,Milano,Lombardia
015050,Carpiano,MI,Milano,Lombardia
015051,Carugate,MI,Milano,Lombardia
015055,Casarile,MI,Milano,Lombardia
015058,Casorezzo,MI,Milano,Lombardia
015059,Cassano d'Adda,MI,Milano,Lombardia
015060,Cassina de' Pecchi,MI,Milano,Lombardia
015061,Cassinetta di Lugagnano,MI,Milano,Lombardia
015062,Castano Primo,MI,Milano,Lombardia
015070,Cernusco sul Naviglio,MI,Milano,Lombardia
015071,Cerro al Lambro,MI,Milano,Lombardia
015072,Cerro Maggiore,MI,Milano,Lombardia
015074,Cesano Boscone,MI,Milano,Lombardia
015076,Cesate,MI,Milano,Lombardia
015077,Cinisello Balsamo,MI,Milano,Lombardia
015078,Cisliano,MI,Milano,Lombardia
015081,Cologno Monzese,MI,Milano,Lombardia
015082,Colturano,MI,Milano,Lombardia
015085,Corbetta,MI,Milano,Lombardia
015086,Cormano,MI,Milano,Lombardia
015087,Cornaredo,MI,Milano,Lombardia
015093,Corsico,MI,Milano,Lombardia
015096,Cuggiono,MI,Milano,Lombardia
015097,Cusago,MI,Milano,Lombardia
015098,Cusano Milanino,MI,Milano,Lombardia
015099,Dairago,MI,Milano,Lombardia
015101,Dresano,MI,Milano,Lombardia
015103,Gaggiano,MI,Milano,Lombardia
015105,Garbagnate Milanese,MI,Milano,Lombardia
015106,Gessate,MI,Milano,Lombardia
015108,Gorgonzola,MI,Milano,Lombardia
015110,Grezzago,MI,Milano,Lombardia
015112,Gudo Visconti,MI,Milano,Lombardia
015113,Inveruno,MI,Milano,Lombardia
015114,Inzago,MI,Milano,Lombardia
015115,Lacchiarella,MI,Milano,Lombardia
015116,Lainate,MI,Milano,Lombardia
015118,Legnano,MI,Milano,Lombardia
015122,Liscate,MI,Milano,Lombardia
015125,Locate di Triulzi,MI,Milano,Lombardia
015130,Magenta,MI,Milano,Lombardia
015131,Magnago,MI,Milano,Lombardia
015134,Marcallo con Casone,MI,Milano,Lombardia
015136,Masate,MI,Milano,Lombardia
015139,Mediglia,MI,Milano,Lombardia
015140,Melegnano,MI,Milano,Lombardia
015142,Melzo,MI,Milano,Lombardia
015144,Mesero,MI,Milano,Lombardia
015146,Milano,MI,Milano,Lombardia
015150,Morimondo,MI,Milano,Lombardia
015151,Motta Visconti,MI,Milano,Lombardia
015154,Nerviano,MI,Milano,Lombardia
015155,Nosate,MI,Milano,Lombardia
015157,Novate Milanese,MI,Milano,Lombardia
015158,Noviglio,MI,Milano,Lombardia
015159,Opera,MI,Milano,Lombardia
015164,Ossona,MI,Milano,Lombardia
015165,Ozzero,MI,Milano,Lombardia
015166,Paderno Dugnano,MI,Milano,Lombardia
015167,Pantigliate,MI,Milano,Lombardia
015168,Parabiago,MI,Milano,Lombardia
015169,Paullo,MI,Milano,Lombardia
015170,Pero,MI,Milano,Lombardia
015171,Peschiera Borromeo,MI,Milano,Lombardia
015172,Pessano con Bornago,MI,Milano,Lombardia
015173,Pieve Emanuele,MI,Milano,Lombardia
015175,Pioltello,MI,Milano,Lombardia
015176,Pogliano Milanese,MI,Milano,Lombardia
015177,Pozzo d'Adda,MI,Milano,Lombardia
015178,Pozzuolo Martesana,MI,Milano,Lombardia
015179,Pregnana Milanese,MI,Milano,Lombardia
015181,Rescaldina,MI,Milano,Lombardia
015182,Rho,MI,Milano,Lombardia
015183,Robecchetto con Induno,MI,Milano,Lombardia
015184,Robecco sul Naviglio,MI,Milano,Lombardia
015185,Rodano,MI,Milano,Lombardia
015188,Rosate,MI,Milano,Lombardia
015189,Rozzano,MI,Milano,Lombardia
015191,San Colombano al Lambro,MI,Milano,Lombardia
015192,San Donato Milanese,MI,Milano,Lombardia
015194,San Giorgio su Legnano,MI,Milano,Lombardia
015195,San Giuliano Milanese,MI,Milano,Lombardia
015200,Santo Stefano Ticino,MI,Milano,Lombardia
015201,San Vittore Olona,MI,Milano,Lombardia
015202,San Zenone al Lambro,MI,Milano,Lombardia
015204,Sedriano,MI,Milano,Lombardia
015205,Segrate,MI,Milano,Lombardia
015206,Senago,MI,Milano,Lombardia
015209,Sesto San Giovanni,MI,Milano,Lombardia
015210,Settala,MI,Milano,Lombardia
015211,Settimo Milanese,MI,Milano,Lombardia
015213,Solaro,MI,Milano,Lombardia
015219,Trezzano Rosa,MI,Milano,Lombardia
015220,Trezzano sul Naviglio,MI,Milano,Lombardia
015221,Trezzo sull'Adda,MI,Milano,Lombardia
015222,Tribiano,MI,Milano,Lombardia
015224,Truccazzano,MI,Milano,Lombardia
015226,Turbigo,MI,Milano,Lombardia
015229,Vanzago,MI,Milano,Lombardia
015230,Vaprio d'Adda,MI,Milano,Lombardia
015236,Vernate,MI,Milano,Lombardia
015237,Vignate,MI,Milano,Lombardia
015242,Vimodrone,MI,Milano,Lombardia
015243,Vittuone,MI,Milano,Lombardia
015244,Vizzolo Predabissi,MI,Milano,Lombardia
015247,Zibido San Giacomo,MI,Milano,Lombardia
015248,Villa Cortese,MI,Milano,Lombardia
015249,Vanzaghello,MI,Milano,Lombardia
015250,Baranzate,MI,Milano,Lombardia
015251,Vermezzo con Zelo,MI,Milano,Lombardia
016001,Adrara San Martino,BG,Bergamo,Lombardia
016002,Adrara San Rocco,BG,Bergamo,Lombardia
016003,Albano Sant'Alessandro,BG,Bergamo,Lombardia
016004,Albino,BG,Bergamo,Lombardia
016005,Almè,BG,Bergamo,Lombardia
016006,Almenno San Bartolomeo,BG,Bergamo,Lombardia
016007,Almenno San Salvatore,BG,Bergamo,Lombardia
016008,Alzano Lombardo,BG,Bergamo,Lombardia
016009,Ambivere,BG,Bergamo,Lombardia
016010,Antegnate,BG,Bergamo,Lombardia
016011,Arcene,BG,Bergamo,Lombardia
016012,Ardesio,BG,Bergamo,Lombardia
016013,Arzago d'Adda,BG,Bergamo,Lombardia
016014,Averara,BG,Bergamo,Lombardia
016015,Aviatico,BG,Bergamo,Lombardia
016016,Azzano San Paolo,BG,Bergamo,Lombardia
016017,Azzone,BG,Bergamo,Lombardia
016018,Bagnatica,BG,Bergamo,Lombardia
016019,Barbata,BG,Bergamo,Lombardia
016020,Bariano,BG,Bergamo,Lombardia
016021,Barzana,BG,Bergamo,Lombardia
016022,Bedulita,BG,Bergamo,Lombardia
016023,Berbenno,BG,Bergamo,Lombardia
016024,Bergamo,BG,Bergamo,Lombardia
016025,Berzo San Fermo,BG,Bergamo,Lombardia
016026,Bianzano,BG,Bergamo,Lombardia
016027,Blello,BG,Bergamo,Lombardia
016028,Bolgare,BG,Bergamo,Lombardia
016029,Boltiere,BG,Bergamo,Lombardia
016030,Bonate Sopra,BG,Bergamo,Lombardia
016031,Bonate Sotto,BG,Bergamo,Lombardia
016032,Borgo di Terzo,BG,Bergamo,Lombardia
016033,Bossico,BG,Bergamo,Lombardia
016034,Bottanuco,BG,Bergamo,Lombardia
016035,Bracca,BG,Bergamo,Lombardia
016036,Branzi,BG,Bergamo,Lombardia
016037,Brembate,BG,Bergamo,Lombardia
016038,Brembate di Sopra,BG,Bergamo,Lombardia
016040,Brignano Gera d'Adda,BG,Bergamo,Lombardia
016041,Brumano,BG,Bergamo,Lombardia
016042,Brusaporto,BG,Bergamo,Lombardia
016043,Calcinate,BG,Bergamo,Lombardia
016044,Calcio,BG,Bergamo,Lombardia
016046,Calusco d'Adda,BG,Bergamo,Lombardia
016047,Calvenzano,BG,Bergamo,Lombardia
016048,Camerata Cornello,BG,Bergamo,Lombardia
016049,Canonica d'Adda,BG,Bergamo,Lombardia
016050,Capizzone,BG,Bergamo,Lombardia
016051,Capriate San Gervasio,BG,Bergamo,Lombardia
016052,Caprino Bergamasco,BG,Bergamo,Lombardia
016053,Caravaggio,BG,Bergamo,Lombardia
016055,Carobbio degli Angeli,BG,Bergamo,Lombardia
016056,Carona,BG,Bergamo,Lombardia
016057,Carvico,BG,Bergamo,Lombardia
016058,Casazza,BG,Bergamo,Lombardia
016059,Casirate d'Adda,BG,Bergamo,Lombardia
016060,Casnigo,BG,Bergamo,Lombardia
016061,Cassiglio,BG,Bergamo,Lombardia
016062,Castelli Calepio,BG,Bergamo,Lombardia
016063,Castel Rozzone,BG,Bergamo,Lombardia
016064,Castione della Presolana,BG,Bergamo,Lombardia
016065,Castro,BG,Bergamo,Lombardia
016066,Cavernago,BG,Bergamo,Lombardia
016067,Cazzano Sant'Andrea,BG,Bergamo,Lombardia
016068,Cenate Sopra,BG,Bergamo,Lombardia
016069,Cenate Sotto,BG,Bergamo,Lombardia
016070,Cene,BG,Bergamo,Lombardia
016071,Cerete,BG,Bergamo,Lombardia
016072,Chignolo d'Isola,BG,Bergamo,Lombardia
016073,Chiuduno,BG,Bergamo,Lombardia
016074,Cisano Bergamasco,BG,Bergamo,Lombardia
016075,Ciserano,BG,Bergamo,Lombardia
016076,Cividate al Piano,BG,Bergamo,Lombardia
016077,Clusone,BG,Bergamo,Lombardia
016078,Colere,BG,Bergamo,Lombardia
016079,Cologno al Serio,BG,Bergamo,Lombardia
016080,Colzate,BG,Bergamo,Lombardia
016081,Comun Nuovo,BG,Bergamo,Lombardia
016082,Corna Imagna,BG,Bergamo,Lombardia
016083,Cortenuova,BG,Bergamo,Lombardia
016084,Costa di Mezzate,BG,Bergamo,Lombardia
016085,Costa Valle Imagna,BG,Bergamo,Lombardia
016086,Costa Volpino,BG,Bergamo,Lombardia
016087,Covo,BG,Bergamo,Lombardia
016088,Credaro,BG,Bergamo,Lombardia
016089,Curno,BG,Bergamo,Lombardia
016090,Cusio,BG,Bergamo,Lombardia
016091,Dalmine,BG,Bergamo,Lombardia
016092,Dossena,BG,Bergamo,Lombardia
016093,Endine Gaiano,BG,Bergamo,Lombardia
016094,Entratico,BG,Bergamo,Lombardia
016096,Fara Gera d'Adda,BG,Bergamo,Lombardia
016097,Fara Olivana con Sola,BG,Bergamo,Lombardia
016098,Filago,BG,Bergamo,Lombardia
016099,Fino del Monte,BG,Bergamo,Lombardia
016100,Fiorano al Serio,BG,Bergamo,Lombardia
016101,Fontanella,BG,Bergamo,Lombardia
016102,Fonteno,BG,Bergamo,Lombardia
016103,Foppolo,BG,Bergamo,Lombardia
016104,Foresto Sparso,BG,Bergamo,Lombardia
016105,Fornovo San Giovanni,BG,Bergamo,Lombardia
016106,Fuipiano Valle Imagna,BG,Bergamo,Lombardia
016107,Gandellino,BG,Bergamo,Lombardia
016108,Gandino,BG,Bergamo,Lombardia
016109,Gandosso,BG,Bergamo,Lombardia
016110,Gaverina Terme,BG,Bergamo,Lombardia
016111,Gazzaniga,BG,Bergamo,Lombardia
016113,Ghisalba,BG,Bergamo,Lombardia
016114,Gorlago,BG,Bergamo,Lombardia
016115,Gorle,BG,Bergamo,Lombardia
016116,Gorno,BG,Bergamo,Lombardia
016117,Grassobbio,BG,Bergamo,Lombardia
016118,Gromo,BG,Bergamo,Lombardia
016119,Grone,BG,Bergamo,Lombardia
016120,Grumello del Monte,BG,Bergamo,Lombardia
016121,Isola di Fondra,BG,Bergamo,Lombardia
016122,Isso,BG,Bergamo,Lombardia
016123,Lallio,BG,Bergamo,Lombardia
016124,Leffe,BG,Bergamo,Lombardia
016125,Lenna,BG,Bergamo,Lombardia
016126,Levate,BG,Bergamo,Lombardia
016127,Locatello,BG,Bergamo,Lombardia
016128,Lovere,BG,Bergamo,Lombardia
016129,Lurano,BG,Bergamo,Lombardia
016130,Luzzana,BG,Bergamo,Lombardia
016131,Madone,BG,Bergamo,Lombardia
016132,Mapello,BG,Bergamo,Lombardia
016133,Martinengo,BG,Bergamo,Lombardia
016134,Mezzoldo,BG,Bergamo,Lombardia
016135,Misano di Gera d'Adda,BG,Bergamo,Lombardia
016136,Moio de' Calvi,BG,Bergamo,Lombardia
016137,Monasterolo del Castello,BG,Bergamo,Lombardia
016139,Montello,BG,Bergamo,Lombardia
016140,Morengo,BG,Bergamo,Lombardia
016141,Mornico al Serio,BG,Bergamo,Lombardia
016142,Mozzanica,BG,Bergamo,Lombardia
016143,Mozzo,BG,Bergamo,Lombardia
016144,Nembro,BG,Bergamo,Lombardia
016145,Olmo al Brembo,BG,Bergamo,Lombardia
016146,Oltre il Colle,BG,Bergamo,Lombardia
016147,Oltressenda Alta,BG,Bergamo,Lombardia
016148,Oneta,BG,Bergamo,Lombardia
016149,Onore,BG,Bergamo,Lombardia
016150,Orio al Serio,BG,Bergamo,Lombardia
016151,Ornica,BG,Bergamo,Lombardia
016152,Osio Sopra,BG,Bergamo,Lombardia
016153,Osio Sotto,BG,Bergamo,Lombardia
016154,Pagazzano,BG,Bergamo,Lombardia
016155,Paladina,BG,Bergamo,Lombardia
016156,Palazzago,BG,Bergamo,Lombardia
016157,Palosco,BG,Bergamo,Lombardia
016158,Parre,BG,Bergamo,Lombardia
016159,Parzanica,BG,Bergamo,Lombardia
016160,Pedrengo,BG,Bergamo,Lombardia
016161,Peia,BG,Bergamo,Lombardia
016162,Pianico,BG,Bergamo,Lombardia
016163,Piario,BG,Bergamo,Lombardia
016164,Piazza Brembana,BG,Bergamo,Lombardia
016165,Piazzatorre,BG,Bergamo,Lombardia
016166,Piazzolo,BG,Bergamo,Lombardia
016167,Pognano,BG,Bergamo,Lombardia
016168,Ponte Nossa,BG,Bergamo,Lombardia
016169,Ponteranica,BG,Bergamo,Lombardia
016170,Ponte San Pietro,BG,Bergamo,Lombardia
016171,Pontida,BG,Bergamo,Lombardia
016172,Pontirolo Nuovo,BG,Bergamo,Lombardia
016173,Pradalunga,BG,Bergamo,Lombardia
016174,Predore,BG,Bergamo,Lombardia
016175,Premolo,BG,Bergamo,Lombardia
016176,Presezzo,BG,Bergamo,Lombardia
016177,Pumenengo,BG,Bergamo,Lombardia
016178,Ranica,BG,Bergamo,Lombardia
016179,Ranzanico,BG,Bergamo,Lombardia
016180,Riva di Solto,BG,Bergamo,Lombardia
016182,Rogno,BG,Bergamo,Lombardia
016183,Romano di Lombardia,BG,Bergamo,Lombardia
016184,Roncobello,BG,Bergamo,Lombardia
016185,Roncola,BG,Bergamo,Lombardia
016186,Rota d'Imagna,BG,Bergamo,Lombardia
016187,Rovetta,BG,Bergamo,Lombardia
016188,San Giovanni Bianco,BG,Bergamo,Lombardia
016189,San Paolo d'Argon,BG,Bergamo,Lombardia
016190,San Pellegrino Terme,BG,Bergamo,Lombardia
016191,Santa Brigida,BG,Bergamo,Lombardia
016193,Sarnico,BG,Bergamo,Lombardia
016194,Scanzorosciate,BG,Bergamo,Lombardia
016195,Schilpario,BG,Bergamo,Lombardia
016196,Sedrina,BG,Bergamo,Lombardia
016197,Selvino,BG,Bergamo,Lombardia
016198,Seriate,BG,Bergamo,Lombardia
016199,Serina,BG,Bergamo,Lombardia
016200,Solto Collina,BG,Bergamo,Lombardia
016201,Songavazzo,BG,Bergamo,Lombardia
016202,Sorisole,BG,Bergamo,Lombardia
016203,Sotto il Monte Giovanni XXIII,BG,Bergamo,Lombardia
016204,Sovere,BG,Bergamo,Lombardia
016205,Spinone al Lago,BG,Bergamo,Lombardia
016206,Spirano,BG,Bergamo,Lombardia
016207,Stezzano,BG,Bergamo,Lombardia
016208,Strozza,BG,Bergamo,Lombardia
016209,Suisio,BG,Bergamo,Lombardia
016210,Taleggio,BG,Bergamo,Lombardia
016211,Tavernola Bergamasca,BG,Bergamo,Lombardia
016212,Telgate,BG,Bergamo,Lombardia
016213,Terno d'Isola,BG,Bergamo,Lombardia
016214,Torre Boldone,BG,Bergamo,Lombardia
016215,Torre de' Busi,BG,Bergamo,Lombardia
016216,Torre de' Roveri,BG,Bergamo,Lombardia
016217,Torre Pallavicina,BG,Bergamo,Lombardia
016218,Trescore Balneario,BG,Bergamo,Lombardia
016219,Treviglio,BG,Bergamo,Lombardia
016220,Treviolo,BG,Bergamo,Lombardia
016221,Ubiale Clanezzo,BG,Bergamo,Lombardia
016222,Urgnano,BG,Bergamo,Lombardia
016223,Valbondione,BG,Bergamo,Lombardia
016224,Valbrembo,BG,Bergamo,Lombardia
016225,Valgoglio,BG,Bergamo,Lombardia
016226,Valleve,BG,Bergamo,Lombardia
016227,Valnegra,BG,Bergamo,Lombardia
016229,Valtorta,BG,Bergamo,Lombardia
016230,Vedeseta,BG,Bergamo,Lombardia
016232,Verdellino,BG,Bergamo,Lombardia
016233,Verdello,BG,Bergamo,Lombardia
016234,Vertova,BG,Bergamo,Lombardia
016235,Viadanica,BG,Bergamo,Lombardia
016236,Vigano San Martino,BG,Bergamo,Lombardia
016237,Vigolo,BG,Bergamo,Lombardia
016238,Villa d'Adda,BG,Bergamo,Lombardia
016239,Villa d'Almè,BG,Bergamo,Lombardia
016240,Villa di Serio,BG,Bergamo,Lombardia
016241,Villa d'Ogna,BG,Bergamo,Lombardia
016242,Villongo,BG,Bergamo,Lombardia
016243,Vilminore di Scalve,BG,Bergamo,Lombardia
016244,Zandobbio,BG,Bergamo,Lombardia
016245,Zanica,BG,Bergamo,Lombardia
016246,Zogno,BG,Bergamo,Lombardia
016247,Costa Serina,BG,Bergamo,Lombardia
016248,Algua,BG,Bergamo,Lombardia
016249,Cornalba,BG,Bergamo,Lombardia
016250,Medolago,BG,Bergamo,Lombardia
016251,Solza,BG,Bergamo,Lombardia
016252,Sant'Omobono Terme,BG,Bergamo,Lombardia
016253,Val Brembilla,BG,Bergamo,Lombardia
017001,Acquafredda,BS,Brescia,Lombardia
017002,Adro,BS,Brescia,Lombardia
017003,Agnosine,BS,Brescia,Lombardia
017004,Alfianello,BS,Brescia,Lombardia
017005,Anfo,BS,Brescia,Lombardia
017006,Angolo Terme,BS,Brescia,Lombardia
017007,Artogne,BS,Brescia,Lombardia
017008,Azzano Mella,BS,Brescia,Lombardia
017009,Bagnolo Mella,BS,Brescia,Lombardia
017010,Bagolino,BS,Brescia,Lombardia
017011,Barbariga,BS,Brescia,Lombardia
017012,Barghe,BS,Brescia,Lombardia
017013,Bassano Bresciano,BS,Brescia,Lombardia
017014,Bedizzole,BS,Brescia,Lombardia
017015,Berlingo,BS,Brescia,Lombardia
017016,Berzo Demo,BS,Brescia,Lombardia
017017,Berzo Inferiore,BS,Brescia,Lombardia
017018,Bienno,BS,Brescia,Lombardia
017019,Bione,BS,Brescia,Lombardia
017020,Borgo San Giacomo,BS,Brescia,Lombardia
017021,Borgosatollo,BS,Brescia,Lombardia
017022,Borno,BS,Brescia,Lombardia
017023,Botticino,BS,Brescia,Lombardia
017024,Bovegno,BS,Brescia,Lombardia
017025,Bovezzo,BS,Brescia,Lombardia
017026,Brandico,BS,Brescia,Lombardia
017027,Braone,BS,Brescia,Lombardia
017028,Breno,BS,Brescia,Lombardia
017029,Brescia,BS,Brescia,Lombardia
017030,Brione,BS,Brescia,Lombardia
017031,Caino,BS,Brescia,Lombardia
017032,Calcinato,BS,Brescia,Lombardia
017033,Calvagese della Riviera,BS,Brescia,Lombardia
017034,Calvisano,BS,Brescia,Lombardia
017035,Capo di Ponte,BS,Brescia,Lombardia
017036,Capovalle,BS,Brescia,Lombardia
017037,Capriano del Colle,BS,Brescia,Lombardia
017038,Capriolo,BS,Brescia,Lombardia
017039,Carpenedolo,BS,Brescia,Lombardia
017040,Castegnato,BS,Brescia,Lombardia
017041,Castelcovati,BS,Brescia,Lombardia
017042,Castel Mella,BS,Brescia,Lombardia
017043,Castenedolo,BS,Brescia,Lombardia
017044,Casto,BS,Brescia,Lombardia
017045,Castrezzato,BS,Brescia,Lombardia
017046,Cazzago San Martino,BS,Brescia,Lombardia
017047,Cedegolo,BS,Brescia,Lombardia
017048,Cellatica,BS,Brescia,Lombardia
017049,Cerveno,BS,Brescia,Lombardia
017050,Ceto,BS,Brescia,Lombardia
017051,Cevo,BS,Brescia,Lombardia
017052,Chiari,BS,Brescia,Lombardia
017053,Cigole,BS,Brescia,Lombardia
017054,Cimbergo,BS,Brescia,Lombardia
017055,Cividate Camuno,BS,Brescia,Lombardia
017056,Coccaglio,BS,Brescia,Lombardia
017057,Collebeato,BS,Brescia,Lombardia
017058,Collio,BS,Brescia,Lombardia
017059,Cologne,BS,Brescia,Lombardia
017060,Comezzano-Cizzago,BS,Brescia,Lombardia
017061,Concesio,BS,Brescia,Lombardia
017062,Corte Franca,BS,Brescia,Lombardia
017063,Corteno Golgi,BS,Brescia,Lombardia
017064,Corzano,BS,Brescia,Lombardia
017065,Darfo Boario Terme,BS,Brescia,Lombardia
017066,Dello,BS,Brescia,Lombardia
017067,Desenzano del Garda,BS,Brescia,Lombardia
017068,Edolo,BS,Brescia,Lombardia
017069,Erbusco,BS,Brescia,Lombardia
017070,Esine,BS,Brescia,Lombardia
017071,Fiesse,BS,Brescia,Lombardia
017072,Flero,BS,Brescia,Lombardia
017073,Gambara,BS,Brescia,Lombardia
017074,Gardone Riviera,BS,Brescia,Lombardia
017075,Gardone Val Trompia,BS,Brescia,Lombardia
017076,Gargnano,BS,Brescia,Lombardia
017077,Gavardo,BS,Brescia,Lombardia
017078,Ghedi,BS,Brescia,Lombardia
017079,Gianico,BS,Brescia,Lombardia
017080,Gottolengo,BS,Brescia,Lombardia
017081,Gussago,BS,Brescia,Lombardia
017082,Idro,BS,Brescia,Lombardia
017083,Incudine,BS,Brescia,Lombardia
017084,Irma,BS,Brescia,Lombardia
017085,Iseo,BS,Brescia,Lombardia
017086,Isorella,BS,Brescia,Lombardia
017087,Lavenone,BS,Brescia,Lombardia
017088,Leno,BS,Brescia,Lombardia
017089,Limone sul Garda,BS,Brescia,Lombardia
017090,Lodrino,BS,Brescia,Lombardia
017091,Lograto,BS,Brescia,Lombardia
017092,Lonato del Garda,BS,Brescia,Lombardia
017093,Longhena,BS,Brescia,Lombardia
017094,Losine,BS,Brescia,Lombardia
017095,Lozio,BS,Brescia,Lombardia
017096,Lumezzane,BS,Brescia,Lombardia
017097,Maclodio,BS,Brescia,Lombardia
017098,Magasa,BS,Brescia,Lombardia
017099,Mairano,BS,Brescia,Lombardia
017100,Malegno,BS,Brescia,Lombardia
017101,Malonno,BS,Brescia,Lombardia
017102,Manerba del Garda,BS,Brescia,Lombardia
017103,Manerbio,BS,Brescia,Lombardia
017104,Marcheno,BS,Brescia,Lombardia
017105,Marmentino,BS,Brescia,Lombardia
017106,Marone,BS,Brescia,Lombardia
017107,Mazzano,BS,Brescia,Lombardia
017108,Milzano,BS,Brescia,Lombardia
017109,Moniga del Garda,BS,Brescia,Lombardia
017110,Monno,BS,Brescia,Lombardia
017111,Monte Isola,BS,Brescia,Lombardia
017112,Monticelli Brusati,BS,Brescia,Lombardia
017113,Montichiari,BS,Brescia,Lombardia
017114,Montirone,BS,Brescia,Lombardia
017115,Mura,BS,Brescia,Lombardia
017116,Muscoline,BS,Brescia,Lombardia
017117,Nave,BS,Brescia,Lombardia
017118,Niardo,BS,Brescia,Lombardia
017119,Nuvolento,BS,Brescia,Lombardia
017120,Nuvolera,BS,Brescia,Lombardia
017121,Odolo,BS,Brescia,Lombardia
017122,Offlaga,BS,Brescia,Lombardia
017123,Ome,BS,Brescia,Lombardia
017124,Ono San Pietro,BS,Brescia,Lombardia
017125,Orzinuovi,BS,Brescia,Lombardia
017126,Orzivecchi,BS,Brescia,Lombardia
017127,Ospitaletto,BS,Brescia,Lombardia
017128,Ossimo,BS,Brescia,Lombardia
017129,Padenghe sul Garda,BS,Brescia,Lombardia
017130,Paderno Franciacorta,BS,Brescia,Lombardia
017131,Paisco Loveno,BS,Brescia,Lombardia
017132,Paitone,BS,Brescia,Lombardia
017133,Palazzolo sull'Oglio,BS,Brescia,Lombardia
017134,Paratico,BS,Brescia,Lombardia
017135,Paspardo,BS,Brescia,Lombardia
017136,Passirano,BS,Brescia,Lombardia
017137,Pavone del Mella,BS,Brescia,Lombardia
017138,San Paolo,BS,Brescia,Lombardia
017139,Pertica Alta,BS,Brescia,Lombardia
017140,Pertica Bassa,BS,Brescia,Lombardia
017141,Pezzaze,BS,Brescia,Lombardia
017142,Pian Camuno,BS,Brescia,Lombardia
017143,Pisogne,BS,Brescia,Lombardia
017144,Polaveno,BS,Brescia,Lombardia
017145,Polpenazze del Garda,BS,Brescia,Lombardia
017146,Pompiano,BS,Brescia,Lombardia
017147,Poncarale,BS,Brescia,Lombardia
017148,Ponte di Legno,BS,Brescia,Lombardia
017149,Pontevico,BS,Brescia,Lombardia
017150,Pontoglio,BS,Brescia,Lombardia
017151,Pozzolengo,BS,Brescia,Lombardia
017152,Pralboino,BS,Brescia,Lombardia
017153,Preseglie,BS,Brescia,Lombardia
017155,Prevalle,BS,Brescia,Lombardia
017156,Provaglio d'Iseo,BS,Brescia,Lombardia
017157,Provaglio Val Sabbia,BS,Brescia,Lombardia
017158,Puegnago del Garda,BS,Brescia,Lombardia
017159,Quinzano d'Oglio,BS,Brescia,Lombardia
017160,Remedello,BS,Brescia,Lombardia
017161,Rezzato,BS,Brescia,Lombardia
017162,Roccafranca,BS,Brescia,Lombardia
017163,Rodengo Saiano,BS,Brescia,Lombardia
017164,Roè Volciano,BS,Brescia,Lombardia
017165,Roncadelle,BS,Brescia,Lombardia
017166,Rovato,BS,Brescia,Lombardia
017167,Rudiano,BS,Brescia,Lombardia
017168,Sabbio Chiese,BS,Brescia,Lombardia
017169,Sale Marasino,BS,Brescia,Lombardia
017170,Salò,BS,Brescia,Lombardia
017171,San Felice del Benaco,BS,Brescia,Lombardia
017172,San Gervasio Bresciano,BS,Brescia,Lombardia
017173,San Zeno Naviglio,BS,Brescia,Lombardia
017174,Sarezzo,BS,Brescia,Lombardia
017175,Saviore dell'Adamello,BS,Brescia,Lombardia
017176,Sellero,BS,Brescia,Lombardia
017177,Seniga,BS,Brescia,Lombardia
017178,Serle,BS,Brescia,Lombardia
017179,Sirmione,BS,Brescia,Lombardia
017180,Soiano del Lago,BS,Brescia,Lombardia
017181,Sonico,BS,Brescia,Lombardia
017182,Sulzano,BS,Brescia,Lombardia
017183,Tavernole sul Mella,BS,Brescia,Lombardia
017184,Temù,BS,Brescia,Lombardia
017185,Tignale,BS,Brescia,Lombardia
017186,Torbole Casaglia,BS,Brescia,Lombardia
017187,Toscolano-Maderno,BS,Brescia,Lombardia
017188,Travagliato,BS,Brescia,Lombardia
017189,Tremosine sul Garda,BS,Brescia,Lombardia
017190,Trenzano,BS,Brescia,Lombardia
017191,Treviso Bresciano,BS,Brescia,Lombardia
017192,Urago d'Oglio,BS,Brescia,Lombardia
017193,Vallio Terme,BS,Brescia,Lombardia
017194,Valvestino,BS,Brescia,Lombardia
017195,Verolanuova,BS,Brescia,Lombardia
017196,Verolavecchia,BS,Brescia,Lombardia
017197,Vestone,BS,Brescia,Lombardia
017198,Vezza d'Oglio,BS,Brescia,Lombardia
017199,Villa Carcina,BS,Brescia,Lombardia
017200,Villachiara,BS,Brescia,Lombardia
017201,Villanuova sul Clisi,BS,Brescia,Lombardia
017202,Vione,BS,Brescia,Lombardia
017203,Visano,BS,Brescia,Lombardia
017204,Vobarno,BS,Brescia,Lombardia
017205,Zone,BS,Brescia,Lombardia
017206,Piancogno,BS,Brescia,Lombardia
018001,Alagna,PV,Pavia,Lombardia
018003,Albonese,PV,Pavia,Lombardia
018004,Albuzzano,PV,Pavia,Lombardia
018005,Arena Po,PV,Pavia,Lombardia
018006,Badia Pavese,PV,Pavia,Lombardia
018007,Bagnaria,PV,Pavia,Lombardia
018008,Barbianello,PV,Pavia,Lombardia
018009,Bascapè,PV,Pavia,Lombardia
018011,Bastida Pancarana,PV,Pavia,Lombardia
018012,Battuda,PV,Pavia,Lombardia
018013,Belgioioso,PV,Pavia,Lombardia
018014,Bereguardo,PV,Pavia,Lombardia
018015,Borgarello,PV,Pavia,Lombardia
018016,Borgo Priolo,PV,Pavia,Lombardia
018017,Borgoratto Mormorolo,PV,Pavia,Lombardia
018018,Borgo San Siro,PV,Pavia,Lombardia
018019,Bornasco,PV,Pavia,Lombardia
018020,Bosnasco,PV,Pavia,Lombardia
018021,Brallo di Pregola,PV,Pavia,Lombardia
018022,Breme,PV,Pavia,Lombardia
018023,Bressana Bottarone,PV,Pavia,Lombardia
018024,Broni,PV,Pavia,Lombardia
018025,Calvignano,PV,Pavia,Lombardia
018026,Campospinoso Albaredo,PV,Pavia,Lombardia
018027,Candia Lomellina,PV,Pavia,Lombardia
018029,Canneto Pavese,PV,Pavia,Lombardia
018030,Carbonara al Ticino,PV,Pavia,Lombardia
018031,Casanova Lonati,PV,Pavia,Lombardia
018032,Casatisma,PV,Pavia,Lombardia
018033,Casei Gerola,PV,Pavia,Lombardia
018034,Casorate Primo,PV,Pavia,Lombardia
018035,Cassolnovo,PV,Pavia,Lombardia
018036,Castana,PV,Pavia,Lombardia
018037,Casteggio,PV,Pavia,Lombardia
018038,Castelletto di Branduzzo,PV,Pavia,Lombardia
018039,Castello d'Agogna,PV,Pavia,Lombardia
018040,Castelnovetto,PV,Pavia,Lombardia
018041,Cava Manara,PV,Pavia,Lombardia
018042,Cecima,PV,Pavia,Lombardia
018043,Ceranova,PV,Pavia,Lombardia
018044,Ceretto Lomellina,PV,Pavia,Lombardia
018045,Cergnago,PV,Pavia,Lombardia
018046,Certosa di Pavia,PV,Pavia,Lombardia
018047,Cervesina,PV,Pavia,Lombardia
018048,Chignolo Po,PV,Pavia,Lombardia
018049,Cigognola,PV,Pavia,Lombardia
018050,Cilavegna,PV,Pavia,Lombardia
018051,Codevilla,PV,Pavia,Lombardia
018052,Confienza,PV,Pavia,Lombardia
018053,Copiano,PV,Pavia,Lombardia
018054,Corana,PV,Pavia,Lombardia
018057,Corvino San Quirico,PV,Pavia,Lombardia
018058,Costa de' Nobili,PV,Pavia,Lombardia
018059,Cozzo,PV,Pavia,Lombardia
018060,Cura Carpignano,PV,Pavia,Lombardia
018061,Dorno,PV,Pavia,Lombardia
018062,Ferrera Erbognone,PV,Pavia,Lombardia
018063,Filighera,PV,Pavia,Lombardia
018064,Fortunago,PV,Pavia,Lombardia
018065,Frascarolo,PV,Pavia,Lombardia
018066,Galliavola,PV,Pavia,Lombardia
018067,Gambarana,PV,Pavia,Lombardia
018068,Gambolò,PV,Pavia,Lombardia
018069,Garlasco,PV,Pavia,Lombardia
018071,Gerenzago,PV,Pavia,Lombardia
018072,Giussago,PV,Pavia,Lombardia
018073,Godiasco Salice Terme,PV,Pavia,Lombardia
018074,Golferenzo,PV,Pavia,Lombardia
018075,Gravellona Lomellina,PV,Pavia,Lombardia
018076,Gropello Cairoli,PV,Pavia,Lombardia
018077,Inverno e Monteleone,PV,Pavia,Lombardia
018078,Landriano,PV,Pavia,Lombardia
018079,Langosco,PV,Pavia,Lombardia
018080,Lardirago,PV,Pavia,Lombardia
018081,Linarolo,PV,Pavia,Lombardia
018082,Lirio,PV,Pavia,Lombardia
018083,Lomello,PV,Pavia,Lombardia
018084,Lungavilla,PV,Pavia,Lombardia
018085,Magherno,PV,Pavia,Lombardia
018086,Marcignago,PV,Pavia,Lombardia
018087,Marzano,PV,Pavia,Lombardia
018088,Mede,PV,Pavia,Lombardia
018089,Menconico,PV,Pavia,Lombardia
018090,Mezzana Bigli,PV,Pavia,Lombardia
018091,Mezzana Rabattone,PV,Pavia,Lombardia
018092,Mezzanino,PV,Pavia,Lombardia
018093,Miradolo Terme,PV,Pavia,Lombardia
018094,Montalto Pavese,PV,Pavia,Lombardia
018095,Montebello della Battaglia,PV,Pavia,Lombardia
018096,Montecalvo Versiggia,PV,Pavia,Lombardia
018097,Montescano,PV,Pavia,Lombardia
018098,Montesegale,PV,Pavia,Lombardia
018099,Monticelli Pavese,PV,Pavia,Lombardia
018100,Montù Beccaria,PV,Pavia,Lombardia
018101,Mornico Losana,PV,Pavia,Lombardia
018102,Mortara,PV,Pavia,Lombardia
018103,Nicorvo,PV,Pavia,Lombardia
018104,Olevano di Lomellina,PV,Pavia,Lombardia
018105,Oliva Gessi,PV,Pavia,Lombardia
018106,Ottobiano,PV,Pavia,Lombardia
018107,Palestro,PV,Pavia,Lombardia
018108,Pancarana,PV,Pavia,Lombardia
018109,Parona,PV,Pavia,Lombardia
018110,Pavia,PV,Pavia,Lombardia
018111,Pietra de' Giorgi,PV,Pavia,Lombardia
018112,Pieve Albignola,PV,Pavia,Lombardia
018113,Pieve del Cairo,PV,Pavia,Lombardia
018114,Pieve Porto Morone,PV,Pavia,Lombardia
018115,Pinarolo Po,PV,Pavia,Lombardia
018116,Pizzale,PV,Pavia,Lombardia
018117,Ponte Nizza,PV,Pavia,Lombardia
018118,Portalbera,PV,Pavia,Lombardia
018119,Rea,PV,Pavia,Lombardia
018120,Redavalle,PV,Pavia,Lombardia
018121,Retorbido,PV,Pavia,Lombardia
018122,Rivanazzano Terme,PV,Pavia,Lombardia
018123,Robbio,PV,Pavia,Lombardia
018124,Robecco Pavese,PV,Pavia,Lombardia
018125,Rocca de' Giorgi,PV,Pavia,Lombardia
018126,Rocca Susella,PV,Pavia,Lombardia
018127,Rognano,PV,Pavia,Lombardia
018128,Romagnese,PV,Pavia,Lombardia
018129,Roncaro,PV,Pavia,Lombardia
018130,Rosasco,PV,Pavia,Lombardia
018131,Rovescala,PV,Pavia,Lombardia
018133,San Cipriano Po,PV,Pavia,Lombardia
018134,San Damiano al Colle,PV,Pavia,Lombardia
018135,San Genesio ed Uniti,PV,Pavia,Lombardia
018136,San Giorgio di Lomellina,PV,Pavia,Lombardia
018137,San Martino Siccomario,PV,Pavia,Lombardia
018138,Sannazzaro de' Burgondi,PV,Pavia,Lombardia
018139,Santa Cristina e Bissone,PV,Pavia,Lombardia
018140,Santa Giuletta,PV,Pavia,Lombardia
018141,Sant'Alessio con Vialone,PV,Pavia,Lombardia
018142,Santa Margherita di Staffora,PV,Pavia,Lombardia
018143,Santa Maria della Versa,PV,Pavia,Lombardia
018144,Sant'Angelo Lomellina,PV,Pavia,Lombardia
018145,San Zenone al Po,PV,Pavia,Lombardia
018146,Sartirana Lomellina,PV,Pavia,Lombardia
018147,Scaldasole,PV,Pavia,Lombardia
018148,Semiana,PV,Pavia,Lombardia
018149,Silvano Pietra,PV,Pavia,Lombardia
018150,Siziano,PV,Pavia,Lombardia
018151,Sommo,PV,Pavia,Lombardia
018152,Spessa,PV,Pavia,Lombardia
018153,Stradella,PV,Pavia,Lombardia
018154,Suardi,PV,Pavia,Lombardia
018155,Torrazza Coste,PV,Pavia,Lombardia
018156,Torre Beretti e Castellaro,PV,Pavia,Lombardia
018157,Torre d'Arese,PV,Pavia,Lombardia
018158,Torre de' Negri,PV,Pavia,Lombardia
018159,Torre d'Isola,PV,Pavia,Lombardia
018160,Torrevecchia Pia,PV,Pavia,Lombardia
018161,Torricella Verzate,PV,Pavia,Lombardia
018162,Travacò Siccomario,PV,Pavia,Lombardia
018163,Trivolzio,PV,Pavia,Lombardia
018164,Tromello,PV,Pavia,Lombardia
018165,Trovo,PV,Pavia,Lombardia
018166,Val di Nizza,PV,Pavia,Lombardia
018167,Valeggio,PV,Pavia,Lombardia
018168,Valle Lomellina,PV,Pavia,Lombardia
018169,Valle Salimbene,PV,Pavia,Lombardia
018171,Varzi,PV,Pavia,Lombardia
018172,Velezzo Lomellina,PV,Pavia,Lombardia
018173,Vellezzo Bellini,PV,Pavia,Lombardia
018174,Verretto,PV,Pavia,Lombardia
018175,Verrua Po,PV,Pavia,Lombardia
018176,Vidigulfo,PV,Pavia,Lombardia
018177,Vigevano,PV,Pavia,Lombardia
018178,Villa Biscossi,PV,Pavia,Lombardia
018179,Villanova d'Ardenghi,PV,Pavia,Lombardia
018180,Villanterio,PV,Pavia,Lombardia
018181,Vistarino,PV,Pavia,Lombardia
018182,Voghera,PV,Pavia,Lombardia
018183,Volpara,PV,Pavia,Lombardia
018184,Zavattarello,PV,Pavia,Lombardia
018185,Zeccone,PV,Pavia,Lombardia
018186,Zeme,PV,Pavia,Lombardia
018187,Zenevredo,PV,Pavia,Lombardia
018188,Zerbo,PV,Pavia,Lombardia
018189,Zerbolò,PV,Pavia,Lombardia
018190,Zinasco,PV,Pavia,Lombardia
018191,Cornale e Bastida,PV,Pavia,Lombardia
018192,Corteolona e Genzone,PV,Pavia,Lombardia
018193,Colli Verdi,PV,Pavia,Lombardia
019001,Acquanegra Cremonese,CR,Cremona,Lombardia
019002,Agnadello,CR,Cremona,Lombardia
019003,Annicco,CR,Cremona,Lombardia
019004,Azzanello,CR,Cremona,Lombardia
019005,Bagnolo Cremasco,CR,Cremona,Lombardia
019006,Bonemerse,CR,Cremona,Lombardia
019007,Bordolano,CR,Cremona,Lombardia
019009,Calvatone,CR,Cremona,Lombardia
019010,Camisano,CR,Cremona,Lombardia
019011,Campagnola Cremasca,CR,Cremona,Lombardia
019012,Capergnanica,CR,Cremona,Lombardia
019013,Cappella Cantone,CR,Cremona,Lombardia
019014,Cappella de' Picenardi,CR,Cremona,Lombardia
019015,Capralba,CR,Cremona,Lombardia
019016,Casalbuttano ed Uniti,CR,Cremona,Lombardia
019017,Casale Cremasco-Vidolasco,CR,Cremona,Lombardia
019018,Casaletto Ceredano,CR,Cremona,Lombardia
019019,Casaletto di Sopra,CR,Cremona,Lombardia
019020,Casaletto Vaprio,CR,Cremona,Lombardia
019021,Casalmaggiore,CR,Cremona,Lombardia
019022,Casalmorano,CR,Cremona,Lombardia
019023,Casteldidone,CR,Cremona,Lombardia
019024,Castel Gabbiano,CR,Cremona,Lombardia
019025,Castelleone,CR,Cremona,Lombardia
019026,Castelverde,CR,Cremona,Lombardia
019027,Castelvisconti,CR,Cremona,Lombardia
019028,Cella Dati,CR,Cremona,Lombardia
019029,Chieve,CR,Cremona,Lombardia
019030,Cicognolo,CR,Cremona,Lombardia
019031,Cingia de' Botti,CR,Cremona,Lombardia
019032,Corte de' Cortesi con Cignone,CR,Cremona,Lombardia
019033,Corte de' Frati,CR,Cremona,Lombardia
019034,Credera Rubbiano,CR,Cremona,Lombardia
019035,Crema,CR,Cremona,Lombardia
019036,Cremona,CR,Cremona,Lombardia
019037,Cremosano,CR,Cremona,Lombardia
019038,Crotta d'Adda,CR,Cremona,Lombardia
019039,Cumignano sul Naviglio,CR,Cremona,Lombardia
019040,Derovere,CR,Cremona,Lombardia
019041,Dovera,CR,Cremona,Lombardia
019043,Fiesco,CR,Cremona,Lombardia
019044,Formigara,CR,Cremona,Lombardia
019045,Gabbioneta-Binanuova,CR,Cremona,Lombardia
019046,Gadesco-Pieve Delmona,CR,Cremona,Lombardia
019047,Genivolta,CR,Cremona,Lombardia
019048,Gerre de' Caprioli,CR,Cremona,Lombardia
019049,Gombito,CR,Cremona,Lombardia
019050,Grontardo,CR,Cremona,Lombardia
019051,Grumello Cremonese ed Uniti,CR,Cremona,Lombardia
019052,Gussola,CR,Cremona,Lombardia
019053,Isola Dovarese,CR,Cremona,Lombardia
019054,Izano,CR,Cremona,Lombardia
019055,Madignano,CR,Cremona,Lombardia
019056,Malagnino,CR,Cremona,Lombardia
019057,Martignana di Po,CR,Cremona,Lombardia
019058,Monte Cremasco,CR,Cremona,Lombardia
019059,Montodine,CR,Cremona,Lombardia
019060,Moscazzano,CR,Cremona,Lombardia
019061,Motta Baluffi,CR,Cremona,Lombardia
019062,Offanengo,CR,Cremona,Lombardia
019063,Olmeneta,CR,Cremona,Lombardia
019064,Ostiano,CR,Cremona,Lombardia
019065,Paderno Ponchielli,CR,Cremona,Lombardia
019066,Palazzo Pignano,CR,Cremona,Lombardia
019067,Pandino,CR,Cremona,Lombardia
019068,Persico Dosimo,CR,Cremona,Lombardia
019069,Pescarolo ed Uniti,CR,Cremona,Lombardia
019070,Pessina Cremonese,CR,Cremona,Lombardia
019072,Pianengo,CR,Cremona,Lombardia
019073,Pieranica,CR,Cremona,Lombardia
019074,Pieve d'Olmi,CR,Cremona,Lombardia
019075,Pieve San Giacomo,CR,Cremona,Lombardia
019076,Pizzighettone,CR,Cremona,Lombardia
019077,Pozzaglio ed Uniti,CR,Cremona,Lombardia
019078,Quintano,CR,Cremona,Lombardia
019079,Ricengo,CR,Cremona,Lombardia
019080,Ripalta Arpina,CR,Cremona,Lombardia
019081,Ripalta Cremasca,CR,Cremona,Lombardia
019082,Ripalta Guerina,CR,Cremona,Lombardia
019083,Rivarolo del Re ed Uniti,CR,Cremona,Lombardia
019084,Rivolta d'Adda,CR,Cremona,Lombardia
019085,Robecco d'Oglio,CR,Cremona,Lombardia
019086,Romanengo,CR,Cremona,Lombardia
019087,Salvirola,CR,Cremona,Lombardia
019088,San Bassano,CR,Cremona,Lombardia
019089,San Daniele Po,CR,Cremona,Lombardia
019090,San Giovanni in Croce,CR,Cremona,Lombardia
019091,San Martino del Lago,CR,Cremona,Lombardia
019092,Scandolara Ravara,CR,Cremona,Lombardia
019093,Scandolara Ripa d'Oglio,CR,Cremona,Lombardia
019094,Sergnano,CR,Cremona,Lombardia
019095,Sesto ed Uniti,CR,Cremona,Lombardia
019096,Solarolo Rainerio,CR,Cremona,Lombardia
019097,Soncino,CR,Cremona,Lombardia
019098,Soresina,CR,Cremona,Lombardia
019099,Sospiro,CR,Cremona,Lombardia
019100,Spinadesco,CR,Cremona,Lombardia
019101,Spineda,CR,Cremona,Lombardia
019102,Spino d'Adda,CR,Cremona,Lombardia
019103,Stagno Lombardo,CR,Cremona,Lombardia
019104,Ticengo,CR,Cremona,Lombardia
019105,Torlino Vimercati,CR,Cremona,Lombardia
019106,Tornata,CR,Cremona,Lombardia
019107,Torre de' Picenardi,CR,Cremona,Lombardia
019108,Torricella del Pizzo,CR,Cremona,Lombardia
019109,Trescore Cremasco,CR,Cremona,Lombardia
019110,Trigolo,CR,Cremona,Lombardia
019111,Vaiano Cremasco,CR,Cremona,Lombardia
019112,Vailate,CR,Cremona,Lombardia
019113,Vescovato,CR,Cremona,Lombardia
019114,Volongo,CR,Cremona,Lombardia
019115,Voltido,CR,Cremona,Lombardia
019116,Piadena Drizzona,CR,Cremona,Lombardia
020001,Acquanegra sul Chiese,MN,Mantova,Lombardia
020002,Asola,MN,Mantova,Lombardia
020003,Bagnolo San Vito,MN,Mantova,Lombardia
020007,Bozzolo,MN,Mantova,Lombardia
020008,Canneto sull'Oglio,MN,Mantova,Lombardia
020010,Casalmoro,MN,Mantova,Lombardia
020011,Casaloldo,MN,Mantova,Lombardia
020012,Casalromano,MN,Mantova,Lombardia
020013,Castelbelforte,MN,Mantova,Lombardia
020014,Castel d'Ario,MN,Mantova,Lombardia
020015,Castel Goffredo,MN,Mantova,Lombardia
020016,Castellucchio,MN,Mantova,Lombardia
020017,Castiglione delle Stiviere,MN,Mantova,Lombardia
020018,Cavriana,MN,Mantova,Lombardia
020019,Ceresara,MN,Mantova,Lombardia
020020,Commessaggio,MN,Mantova,Lombardia
020021,Curtatone,MN,Mantova,Lombardia
020022,Dosolo,MN,Mantova,Lombardia
020024,Gazoldo degli Ippoliti,MN,Mantova,Lombardia
020025,Gazzuolo,MN,Mantova,Lombardia
020026,Goito,MN,Mantova,Lombardia
020027,Gonzaga,MN,Mantova,Lombardia
020028,Guidizzolo,MN,Mantova,Lombardia
020029,Magnacavallo,MN,Mantova,Lombardia
020030,Mantova,MN,Mantova,Lombardia
020031,Marcaria,MN,Mantova,Lombardia
020032,Mariana Mantovana,MN,Mantova,Lombardia
020033,Marmirolo,MN,Mantova,Lombardia
020034,Medole,MN,Mantova,Lombardia
020035,Moglia,MN,Mantova,Lombardia
020036,Monzambano,MN,Mantova,Lombardia
020037,Motteggiana,MN,Mantova,Lombardia
020038,Ostiglia,MN,Mantova,Lombardia
020039,Pegognaga,MN,Mantova,Lombardia
020041,Piubega,MN,Mantova,Lombardia
020042,Poggio Rusco,MN,Mantova,Lombardia
020043,Pomponesco,MN,Mantova,Lombardia
020044,Ponti sul Mincio,MN,Mantova,Lombardia
020045,Porto Mantovano,MN,Mantova,Lombardia
020046,Quingentole,MN,Mantova,Lombardia
020047,Quistello,MN,Mantova,Lombardia
020048,Redondesco,MN,Mantova,Lombardia
020050,Rivarolo Mantovano,MN,Mantova,Lombardia
020051,Rodigo,MN,Mantova,Lombardia
020052,Roncoferraro,MN,Mantova,Lombardia
020053,Roverbella,MN,Mantova,Lombardia
020054,Sabbioneta,MN,Mantova,Lombardia
020055,San Benedetto Po,MN,Mantova,Lombardia
020056,San Giacomo delle Segnate,MN,Mantova,Lombardia
020057,San Giorgio Bigarello,MN,Mantova,Lombardia
020058,San Giovanni del Dosso,MN,Mantova,Lombardia
020059,San Martino dall'Argine,MN,Mantova,Lombardia
020060,Schivenoglia,MN,Mantova,Lombardia
020061,Sermide e Felonica,MN,Mantova,Lombardia
020062,Serravalle a Po,MN,Mantova,Lombardia
020063,Solferino,MN,Mantova,Lombardia
020064,Sustinente,MN,Mantova,Lombardia
020065,Suzzara,MN,Mantova,Lombardia
020066,Viadana,MN,Mantova,Lombardia
020068,Villimpenta,MN,Mantova,Lombardia
020070,Volta Mantovana,MN,Mantova,Lombardia
020071,Borgo Virgilio,MN,Mantova,Lombardia
020072,Borgo Mantovano,MN,Mantova,Lombardia
020073,Borgocarbonara,MN,Mantova,Lombardia
097001,Abbadia Lariana,LC,Lecco,Lombardia
097002,Airuno,LC,Lecco,Lombardia
097003,Annone di Brianza,LC,Lecco,Lombardia
097004,Ballabio,LC,Lecco,Lombardia
097005,Barzago,LC,Lecco,Lombardia
097006,Barzanò,LC,Lecco,Lombardia
097007,Barzio,LC,Lecco,Lombardia
097008,Bellano,LC,Lecco,Lombardia
097009,Bosisio Parini,LC,Lecco,Lombardia
097010,Brivio,LC,Lecco,Lombardia
097011,Bulciago,LC,Lecco,Lombardia
097012,Calco,LC,Lecco,Lombardia
097013,Calolziocorte,LC,Lecco,Lombardia
097014,Carenno,LC,Lecco,Lombardia
097015,Casargo,LC,Lecco,Lombardia
097016,Casatenovo,LC,Lecco,Lombardia
097017,Cassago Brianza,LC,Lecco,Lombardia
097018,Cassina Valsassina,LC,Lecco,Lombardia
097019,Castello di Brianza,LC,Lecco,Lombardia
097020,Cernusco Lombardone,LC,Lecco,Lombardia
097021,Cesana Brianza,LC,Lecco,Lombardia
097022,Civate,LC,Lecco,Lombardia
097023,Colico,LC,Lecco,Lombardia
097024,Colle Brianza,LC,Lecco,Lombardia
097025,Cortenova,LC,Lecco,Lombardia
097026,Costa Masnaga,LC,Lecco,Lombardia
097027,Crandola Valsassina,LC,Lecco,Lombardia
097028,Cremella,LC,Lecco,Lombardia
097029,Cremeno,LC,Lecco,Lombardia
097030,Dervio,LC,Lecco,Lombardia
097031,Dolzago,LC,Lecco,Lombardia
097032,Dorio,LC,Lecco,Lombardia
097033,Ello,LC,Lecco,Lombardia
097034,Erve,LC,Lecco,Lombardia
097035,Esino Lario,LC,Lecco,Lombardia
097036,Galbiate,LC,Lecco,Lombardia
097037,Garbagnate Monastero,LC,Lecco,Lombardia
097038,Garlate,LC,Lecco,Lombardia
097039,Imbersago,LC,Lecco,Lombardia
097040,Introbio,LC,Lecco,Lombardia
097042,Lecco,LC,Lecco,Lombardia
097043,Lierna,LC,Lecco,Lombardia
097044,Lomagna,LC,Lecco,Lombardia
097045,Malgrate,LC,Lecco,Lombardia
097046,Mandello del Lario,LC,Lecco,Lombardia
097047,Margno,LC,Lecco,Lombardia
097048,Merate,LC,Lecco,Lombardia
097049,Missaglia,LC,Lecco,Lombardia
097050,Moggio,LC,Lecco,Lombardia
097051,Molteno,LC,Lecco,Lombardia
097052,Monte Marenzo,LC,Lecco,Lombardia
097053,Montevecchia,LC,Lecco,Lombardia
097054,Monticello Brianza,LC,Lecco,Lombardia
097055,Morterone,LC,Lecco,Lombardia
097056,Nibionno,LC,Lecco,Lombardia
097057,Oggiono,LC,Lecco,Lombardia
097058,Olgiate Molgora,LC,Lecco,Lombardia
097059,Olginate,LC,Lecco,Lombardia
097060,Oliveto Lario,LC,Lecco,Lombardia
097061,Osnago,LC,Lecco,Lombardia
097062,Paderno d'Adda,LC,Lecco,Lombardia
097063,Pagnona,LC,Lecco,Lombardia
097064,Parlasco,LC,Lecco,Lombardia
097065,Pasturo,LC,Lecco,Lombardia
097067,Perledo,LC,Lecco,Lombardia
097068,Pescate,LC,Lecco,Lombardia
097069,Premana,LC,Lecco,Lombardia
097070,Primaluna,LC,Lecco,Lombardia
097071,Robbiate,LC,Lecco,Lombardia
097072,Rogeno,LC,Lecco,Lombardia
097074,Santa Maria Hoè,LC,Lecco,Lombardia
097075,Sirone,LC,Lecco,Lombardia
097076,Sirtori,LC,Lecco,Lombardia
097077,Sueglio,LC,Lecco,Lombardia
097078,Suello,LC,Lecco,Lombardia
097079,Taceno,LC,Lecco,Lombardia
097082,Valgreghentino,LC,Lecco,Lombardia
097083,Valmadrera,LC,Lecco,Lombardia
097084,Varenna,LC,Lecco,Lombardia
097086,Vercurago,LC,Lecco,Lombardia
097090,Viganò,LC,Lecco,Lombardia
097091,Verderio,LC,Lecco,Lombardia
097092,La Valletta Brianza,LC,Lecco,Lombardia
097093,Valvarrone,LC,Lecco,Lombardia
098001,Abbadia Cerreto,LO,Lodi,Lombardia
098002,Bertonico,LO,Lodi,Lombardia
098003,Boffalora d'Adda,LO,Lodi,Lombardia
098004,Borghetto Lodigiano,LO,Lodi,Lombardia
098005,Borgo San Giovanni,LO,Lodi,Lombardia
098006,Brembio,LO,Lodi,Lombardia
098008,Casaletto Lodigiano,LO,Lodi,Lombardia
098009,Casalmaiocco,LO,Lodi,Lombardia
098010,Casalpusterlengo,LO,Lodi,Lombardia
098011,Caselle Landi,LO,Lodi,Lombardia
098012,Caselle Lurani,LO,Lodi,Lombardia
098013,Castelnuovo Bocca d'Adda,LO,Lodi,Lombardia
098014,Castiglione d'Adda,LO,Lodi,Lombardia
098015,Castiraga Vidardo,LO,Lodi,Lombardia
098017,Cavenago d'Adda,LO,Lodi,Lombardia
098018,Cervignano d'Adda,LO,Lodi,Lombardia
098019,Codogno,LO,Lodi,Lombardia
098020,Comazzo,LO,Lodi,Lombardia
098021,Cornegliano Laudense,LO,Lodi,Lombardia
098022,Corno Giovine,LO,Lodi,Lombardia
098023,Cornovecchio,LO,Lodi,Lombardia
098024,Corte Palasio,LO,Lodi,Lombardia
098025,Crespiatica,LO,Lodi,Lombardia
098026,Fombio,LO,Lodi,Lombardia
098027,Galgagnano,LO,Lodi,Lombardia
098028,Graffignana,LO,Lodi,Lombardia
098029,Guardamiglio,LO,Lodi,Lombardia
098030,Livraga,LO,Lodi,Lombardia
098031,Lodi,LO,Lodi,Lombardia
098032,Lodi Vecchio,LO,Lodi,Lombardia
098033,Maccastorna,LO,Lodi,Lombardia
098034,Mairago,LO,Lodi,Lombardia
098035,Maleo,LO,Lodi,Lombardia
098036,Marudo,LO,Lodi,Lombardia
098037,Massalengo,LO,Lodi,Lombardia
098038,Meleti,LO,Lodi,Lombardia
098039,Merlino,LO,Lodi,Lombardia
098040,Montanaso Lombardo,LO,Lodi,Lombardia
098041,Mulazzano,LO,Lodi,Lombardia
098042,Orio Litta,LO,Lodi,Lombardia
098043,Ospedaletto Lodigiano,LO,Lodi,Lombardia
098044,Ossago Lodigiano,LO,Lodi,Lombardia
098045,Pieve Fissiraga,LO,Lodi,Lombardia
098046,Salerano sul Lambro,LO,Lodi,Lombardia
098047,San Fiorano,LO,Lodi,Lombardia
098048,San Martino in Strada,LO,Lodi,Lombardia
098049,San Rocco al Porto,LO,Lodi,Lombardia
098050,Sant'Angelo Lodigiano,LO,Lodi,Lombardia
098051,Santo Stefano Lodigiano,LO,Lodi,Lombardia
098052,Secugnago,LO,Lodi,Lombardia
098053,Senna Lodigiana,LO,Lodi,Lombardia
098054,Somaglia,LO,Lodi,Lombardia
098055,Sordio,LO,Lodi,Lombardia
098056,Tavazzano con Villavesco,LO,Lodi,Lombardia
098057,Terranova dei Passerini,LO,Lodi,Lombardia
098058,Turano Lodigiano,LO,Lodi,Lombardia
098059,Valera Fratta,LO,Lodi,Lombardia
098060,Villanova del Sillaro,LO,Lodi,Lombardia
098061,Zelo Buon Persico,LO,Lodi,Lombardia
098062,Castelgerundo,LO,Lodi,Lombardia
108001,Agrate Brianza,MB,Monza e della Brianza,Lombardia
108002,Aicurzio,MB,Monza e della Brianza,Lombardia
108003,Albiate,MB,Monza e della Brianza,Lombardia
108004,Arcore,MB,Monza e della Brianza,Lombardia
108005,Barlassina,MB,Monza e della Brianza,Lombardia
108006,Bellusco,MB,Monza e della Brianza,Lombardia
108007,Bernareggio,MB,Monza e della Brianza,Lombardia
108008,Besana in Brianza,MB,Monza e della Brianza,Lombardia
108009,Biassono,MB,Monza e della Brianza,Lombardia
108010,Bovisio-Masciago,MB,Monza e della Brianza,Lombardia
108011,Briosco,MB,Monza e della Brianza,Lombardia
108012,Brugherio,MB,Monza e della Brianza,Lombardia
108013,Burago di Molgora,MB,Monza e della Brianza,Lombardia
108014,Camparada,MB,Monza e della Brianza,Lombardia
108015,Carate Brianza,MB,Monza e della Brianza,Lombardia
108016,Carnate,MB,Monza e della Brianza,Lombardia
108017,Cavenago di Brianza,MB,Monza e della Brianza,Lombardia
108018,Ceriano Laghetto,MB,Monza e della Brianza,Lombardia
108019,Cesano Maderno,MB,Monza e della Brianza,Lombardia
108020,Cogliate,MB,Monza e della Brianza,Lombardia
108021,Concorezzo,MB,Monza e della Brianza,Lombardia
108022,Correzzana,MB,Monza e della Brianza,Lombardia
108023,Desio,MB,Monza e della Brianza,Lombardia
108024,Giussano,MB,Monza e della Brianza,Lombardia
108025,Lazzate,MB,Monza e della Brianza,Lombardia
108026,Lesmo,MB,Monza e della Brianza,Lombardia
108027,Limbiate,MB,Monza e della Brianza,Lombardia
108028,Lissone,MB,Monza e della Brianza,Lombardia
108029,Macherio,MB,Monza e della Brianza,Lombardia
108030,Meda,MB,Monza e della Brianza,Lombardia
108031,Mezzago,MB,Monza e della Brianza,Lombardia
108032,Misinto,MB,Monza e della Brianza,Lombardia
108033,Monza,MB,Monza e della Brianza,Lombardia
108034,Muggiò,MB,Monza e della Brianza,Lombardia
108035,Nova Milanese,MB,Monza e della Brianza,Lombardia
108036,Ornago,MB,Monza e della Brianza,Lombardia
108037,Renate,MB,Monza e della Brianza,Lombardia
108038,Ronco Briantino,MB,Monza e della Brianza,Lombardia
108039,Seregno,MB,Monza e della Brianza,Lombardia
108040,Seveso,MB,Monza e della Brianza,Lombardia
108041,Sovico,MB,Monza e della Brianza,Lombardia
108042,Sulbiate,MB,Monza e della Brianza,Lombardia
108043,Triuggio,MB,Monza e della Brianza,Lombardia
108044,Usmate Velate,MB,Monza e della Brianza,Lombardia
108045,Varedo,MB,Monza e della Brianza,Lombardia
108046,Vedano al Lambro,MB,Monza e della Brianza,Lombardia
108047,Veduggio con Colzano,MB,Monza e della Brianza,Lombardia
108048,Verano Brianza,MB,Monza e della Brianza,Lombardia
108049,Villasanta,MB,Monza e della Brianza,Lombardia
108050,Vimercate,MB,Monza e della Brianza,Lombardia
108051,Busnago,MB,Monza e della Brianza,Lombardia
108052,Caponago,MB,Monza e della Brianza,Lombardia
108053,Cornate d'Adda,MB,Monza e della Brianza,Lombardia
108054,Lentate sul Seveso,MB,Monza e della Brianza,Lombardia
108055,Roncello,MB,Monza e della Brianza,Lombardia
021001,Aldino,BZ,Bolzano/Bozen,Trentino-Alto Adige/Südtirol
021002,Andriano,BZ,Bolzano/Bozen,Trentino-Alto Adige/Südtirol
021003,Anterivo,BZ,Bolzano/Bozen,Trentino-Alto Adige/Südtirol
021004,Appiano sulla strada del vino,BZ,Bolzano/Bozen,Trentino-Alto Adige/Südtirol
021005,Avelengo,BZ,Bolzano/Bozen,Trentino-Alto Adige/Südtirol
021006,Badia,BZ,Bolzano/Bozen,Trentino-Alto Adige/Südtirol
021007,Barbiano,BZ,Bolzano/Bozen,Trentino-Alto Adige/Südtirol
021008,Bolzano,BZ,Bolzano/Bozen,Trentino-Alto Adige/Südtirol
021009,Braies,BZ,Bolzano/Bozen,Trentino-Alto Adige/Südtirol
021010,Brennero,BZ,Bolzano/Bozen,Trentino-Alto Adige/Südtirol
021011,Bressanone,BZ,Bolzano/Bozen,Trentino-Alto Adige/Südtirol
021012,Bronzolo,BZ,Bolzano/Bozen,Trentino-Alto Adige/Südtirol
021013,Brunico,BZ,Bolzano/Bozen,Trentino-Alto Adige/Südtirol
021014,Caines,BZ,Bolzano/Bozen,Trentino-Alto Adige/Südtirol
021015,Caldaro sulla strada del vino,BZ,Bolzano/Bozen,Trentino-Alto Adige/Südtirol
021016,Campo di Trens,BZ,Bolzano/Bozen,Trentino-Alto Adige/Südtirol
021017,Campo Tures,BZ,Bolzano/Bozen,Trentino-Alto Adige/Südtirol
021018,Castelbello-Ciardes,BZ,Bolzano/Bozen,Trentino-Alto Adige/Südtirol
021019,Castelrotto,BZ,Bolzano/Bozen,Trentino-Alto Adige/Südtirol
021020,Cermes,BZ,Bolzano/Bozen,Trentino-Alto Adige/Südtirol
021021,Chienes,BZ,Bolzano/Bozen,Trentino-Alto Adige/Südtirol
021022,Chiusa,BZ,Bolzano/Bozen,Trentino-Alto Adige/Südtirol
021023,Cornedo all'Isarco,BZ,Bolzano/Bozen,Trentino-Alto Adige/Südtirol
021024,Cortaccia sulla strada del vino,BZ,Bolzano/Bozen,Trentino-Alto Adige/Südtirol
021025,Cortina sulla strada del vino,BZ,Bolzano/Bozen,Trentino-Alto Adige/Südtirol
021026,Corvara in Badia,BZ,Bolzano/Bozen,Trentino-Alto Adige/Südtirol
021027,Curon Venosta,BZ,Bolzano/Bozen,Trentino-Alto Adige/Südtirol
021028,Dobbiaco,BZ,Bolzano/Bozen,Trentino-Alto Adige/Südtirol
021029,Egna,BZ,Bolzano/Bozen,Trentino-Alto Adige/Südtirol
021030,Falzes,BZ,Bolzano/Bozen,Trentino-Alto Adige/Südtirol
021031,Fiè allo Sciliar,BZ,Bolzano/Bozen,Trentino-Alto Adige/Südtirol
021032,Fortezza,BZ,Bolzano/Bozen,Trentino-Alto Adige/Südtirol
021033,Funes,BZ,Bolzano/Bozen,Trentino-Alto Adige/Südtirol
021034,Gais,BZ,Bolzano/Bozen,Trentino-Alto Adige/Südtirol
021035,Gargazzone,BZ,Bolzano/Bozen,Trentino-Alto Adige/Südtirol
021036,Glorenza,BZ,Bolzano/Bozen,Trentino-Alto Adige/Südtirol
021037,Laces,BZ,Bolzano/Bozen,Trentino-Alto Adige/Südtirol
021038,Lagundo,BZ,Bolzano/Bozen,Trentino-Alto Adige/Südtirol
021039,Laion,BZ,Bolzano/Bozen,Trentino-Alto Adige/Südtirol
021040,Laives,BZ,Bolzano/Bozen,Trentino-Alto Adige/Südtirol
021041,Lana,BZ,Bolzano/Bozen,Trentino-Alto Adige/Südtirol
021042,Lasa,BZ,Bolzano/Bozen,Trentino-Alto Adige/Südtirol
021043,Lauregno,BZ,Bolzano/Bozen,Trentino-Alto Adige/Südtirol
021044,Luson,BZ,Bolzano/Bozen,Trentino-Alto Adige/Südtirol
021045,Magrè sulla strada del vino,BZ,Bolzano/Bozen,Trentino-Alto Adige/Südtirol
021046,Malles Venosta,BZ,Bolzano/Bozen,Trentino-Alto Adige/Südtirol
021047,Marebbe,BZ,Bolzano/Bozen,Trentino-Alto Adige/Südtirol
021048,Marlengo,BZ,Bolzano/Bozen,Trentino-Alto Adige/Südtirol
021049,Martello,BZ,Bolzano/Bozen,Trentino-Alto Adige/Südtirol
021050,Meltina,BZ,Bolzano/Bozen,Trentino-Alto Adige/Südtirol
021051,Merano,BZ,Bolzano/Bozen,Trentino-Alto Adige/Südtirol
021052,Monguelfo-Tesido,BZ,Bolzano/Bozen,Trentino-Alto Adige/Südtirol
021053,Montagna sulla strada del vino,BZ,Bolzano/Bozen,Trentino-Alto Adige/Südtirol
021054,Moso in Passiria,BZ,Bolzano/Bozen,Trentino-Alto Adige/Südtirol
021055,Nalles,BZ,Bolzano/Bozen,Trentino-Alto Adige/Südtirol
021056,Naturno,BZ,Bolzano/Bozen,Trentino-Alto Adige/Südtirol
021057,Naz-Sciaves,BZ,Bolzano/Bozen,Trentino-Alto Adige/Südtirol
021058,Nova Levante,BZ,Bolzano/Bozen,Trentino-Alto Adige/Südtirol
021059,Nova Ponente,BZ,Bolzano/Bozen,Trentino-Alto Adige/Südtirol
021060,Ora,BZ,Bolzano/Bozen,Trentino-Alto Adige/Südtirol
021061,Ortisei,BZ,Bolzano/Bozen,Trentino-Alto Adige/Südtirol
021062,Parcines,BZ,Bolzano/Bozen,Trentino-Alto Adige/Südtirol
021063,Perca,BZ,Bolzano/Bozen,Trentino-Alto Adige/Südtirol
021064,Plaus,BZ,Bolzano/Bozen,Trentino-Alto Adige/Südtirol
021065,Ponte Gardena,BZ,Bolzano/Bozen,Trentino-Alto Adige/Südtirol
021066,Postal,BZ,Bolzano/Bozen,Trentino-Alto Adige/Südtirol
021067,Prato allo Stelvio,BZ,Bolzano/Bozen,Trentino-Alto Adige/Südtirol
021068,Predoi,BZ,Bolzano/Bozen,Trentino-Alto Adige/Südtirol
021069,Proves,BZ,Bolzano/Bozen,Trentino-Alto Adige/Südtirol
021070,Racines,BZ,Bolzano/Bozen,Trentino-Alto Adige/Südtirol
021071,Rasun-Anterselva,BZ,Bolzano/Bozen,Trentino-Alto Adige/Südtirol
021072,Renon,BZ,Bolzano/Bozen,Trentino-Alto Adige/Südtirol
021073,Rifiano,BZ,Bolzano/Bozen,Trentino-Alto Adige/Südtirol
021074,Rio di Pusteria,BZ,Bolzano/Bozen,Trentino-Alto Adige/Südtirol
021075,Rodengo,BZ,Bolzano/Bozen,Trentino-Alto Adige/Südtirol
021076,Salorno sulla strada del vino,BZ,Bolzano/Bozen,Trentino-Alto Adige/Südtirol
021077,San Candido,BZ,Bolzano/Bozen,Trentino-Alto Adige/Südtirol
021079,San Genesio Atesino,BZ,Bolzano/Bozen,Trentino-Alto Adige/Südtirol
021080,San Leonardo in Passiria,BZ,Bolzano/Bozen,Trentino-Alto Adige/Südtirol
021081,San Lorenzo di Sebato,BZ,Bolzano/Bozen,Trentino-Alto Adige/Südtirol
021082,San Martino in Badia,BZ,Bolzano/Bozen,Trentino-Alto Adige/Südtirol
021083,San Martino in Passiria,BZ,Bolzano/Bozen,Trentino-Alto Adige/Südtirol
021084,San Pancrazio,BZ,Bolzano/Bozen,Trentino-Alto Adige/Südtirol
021085,Santa Cristina Valgardena,BZ,Bolzano/Bozen,Trentino-Alto Adige/Südtirol
021086,Sarentino,BZ,Bolzano/Bozen,Trentino-Alto Adige/Südtirol
021087,Scena,BZ,Bolzano/Bozen,Trentino-Alto Adige/Südtirol
021088,Selva dei Molini,BZ,Bolzano/Bozen,Trentino-Alto Adige/Südtirol
021089,Selva di Val Gardena,BZ,Bolzano/Bozen,Trentino-Alto Adige/Südtirol
021091,Senales,BZ,Bolzano/Bozen,Trentino-Alto Adige/Südtirol
021092,Sesto,BZ,Bolzano/Bozen,Trentino-Alto Adige/Südtirol
021093,Silandro,BZ,Bolzano/Bozen,Trentino-Alto Adige/Südtirol
021094,Sluderno,BZ,Bolzano/Bozen,Trentino-Alto Adige/Südtirol
021095,Stelvio,BZ,Bolzano/Bozen,Trentino-Alto Adige/Südtirol
021096,Terento,BZ,Bolzano/Bozen,Trentino-Alto Adige/Südtirol
021097,Terlano,BZ,Bolzano/Bozen,Trentino-Alto Adige/Südtirol
021098,Termeno sulla strada del vino,BZ,Bolzano/Bozen,Trentino-Alto Adige/Südtirol
021099,Tesimo,BZ,Bolzano/Bozen,Trentino-Alto Adige/Südtirol
021100,Tires,BZ,Bolzano/Bozen,Trentino-Alto Adige/Südtirol
021101,Tirolo,BZ,Bolzano/Bozen,Trentino-Alto Adige/Südtirol
021102,Trodena nel parco naturale,BZ,Bolzano/Bozen,Trentino-Alto Adige/Südtirol
021103,Tubre,BZ,Bolzano/Bozen,Trentino-Alto Adige/Südtirol
021104,Ultimo,BZ,Bolzano/Bozen,Trentino-Alto Adige/Südtirol
021105,Vadena,BZ,Bolzano/Bozen,Trentino-Alto Adige/Südtirol
021106,Valdaora,BZ,Bolzano/Bozen,Trentino-Alto Adige/Südtirol
021107,Val di Vizze,BZ,Bolzano/Bozen,Trentino-Alto Adige/Südtirol
021108,Valle Aurina,BZ,Bolzano/Bozen,Trentino-Alto Adige/Südtirol
021109,Valle di Casies,BZ,Bolzano/Bozen,Trentino-Alto Adige/Südtirol
021110,Vandoies,BZ,Bolzano/Bozen,Trentino-Alto Adige/Südtirol
021111,Varna,BZ,Bolzano/Bozen,Trentino-Alto Adige/Südtirol
021112,Verano,BZ,Bolzano/Bozen,Trentino-Alto Adige/Südtirol
021113,Villabassa,BZ,Bolzano/Bozen,Trentino-Alto Adige/Südtirol
021114,Villandro,BZ,Bolzano/Bozen,Trentino-Alto Adige/Südtirol
021115,Vipiteno,BZ,Bolzano/Bozen,Trentino-Alto Adige/Südtirol
021116,Velturno,BZ,Bolzano/Bozen,Trentino-Alto Adige/Südtirol
021117,La Valle,BZ,Bolzano/Bozen,Trentino-Alto Adige/Südtirol
021118,Senale-San Felice,BZ,Bolzano/Bozen,Trentino-Alto Adige/Südtirol
022001,Ala,TN,Trento,Trentino-Alto Adige/Südtirol
022002,Albiano,TN,Trento,Trentino-Alto Adige/Südtirol
022003,Aldeno,TN,Trento,Trentino-Alto Adige/Südtirol
022005,Andalo,TN,Trento,Trentino-Alto Adige/Südtirol
022006,Arco,TN,Trento,Trentino-Alto Adige/Südtirol
022007,Avio,TN,Trento,Trentino-Alto Adige/Südtirol
022009,Baselga di Pinè,TN,Trento,Trentino-Alto Adige/Südtirol
022011,Bedollo,TN,Trento,Trentino-Alto Adige/Südtirol
022013,Besenello,TN,Trento,Trentino-Alto Adige/Südtirol
022015,Bieno,TN,Trento,Trentino-Alto Adige/Südtirol
022017,Bleggio Superiore,TN,Trento,Trentino-Alto Adige/Südtirol
022018,Bocenago,TN,Trento,Trentino-Alto Adige/Südtirol
022021,Bondone,TN,Trento,Trentino-Alto Adige/Südtirol
022022,Borgo Valsugana,TN,Trento,Trentino-Alto Adige/Südtirol
022025,Brentonico,TN,Trento,Trentino-Alto Adige/Südtirol
022026,Bresimo,TN,Trento,Trentino-Alto Adige/Südtirol
022029,Caderzone Terme,TN,Trento,Trentino-Alto Adige/Südtirol
022032,Calceranica al Lago,TN,Trento,Trentino-Alto Adige/Südtirol
022033,Caldes,TN,Trento,Trentino-Alto Adige/Südtirol
022034,Caldonazzo,TN,Trento,Trentino-Alto Adige/Südtirol
022035,Calliano,TN,Trento,Trentino-Alto Adige/Südtirol
022036,Campitello di Fassa,TN,Trento,Trentino-Alto Adige/Südtirol
022037,Campodenno,TN,Trento,Trentino-Alto Adige/Südtirol
022038,Canal San Bovo,TN,Trento,Trentino-Alto Adige/Südtirol
022039,Canazei,TN,Trento,Trentino-Alto Adige/Südtirol
022040,Capriana,TN,Trento,Trentino-Alto Adige/Südtirol
022042,Carisolo,TN,Trento,Trentino-Alto Adige/Südtirol
022043,Carzano,TN,Trento,Trentino-Alto Adige/Südtirol
022045,Castel Condino,TN,Trento,Trentino-Alto Adige/Südtirol
022047,Castello-Molina di Fiemme,TN,Trento,Trentino-Alto Adige/Südtirol
022048,Castello Tesino,TN,Trento,Trentino-Alto Adige/Südtirol
022049,Castelnuovo,TN,Trento,Trentino-Alto Adige/Südtirol
022050,Cavalese,TN,Trento,Trentino-Alto Adige/Südtirol
022051,Cavareno,TN,Trento,Trentino-Alto Adige/Südtirol
022052,Cavedago,TN,Trento,Trentino-Alto Adige/Südtirol
022053,Cavedine,TN,Trento,Trentino-Alto Adige/Südtirol
022054,Cavizzana,TN,Trento,Trentino-Alto Adige/Südtirol
022058,Cimone,TN,Trento,Trentino-Alto Adige/Südtirol
022059,Cinte Tesino,TN,Trento,Trentino-Alto Adige/Südtirol
022060,Cis,TN,Trento,Trentino-Alto Adige/Südtirol
022061,Civezzano,TN,Trento,Trentino-Alto Adige/Südtirol
022062,Cles,TN,Trento,Trentino-Alto Adige/Südtirol
022064,Commezzadura,TN,Trento,Trentino-Alto Adige/Südtirol
022068,Croviana,TN,Trento,Trentino-Alto Adige/Südtirol
022071,Dambel,TN,Trento,Trentino-Alto Adige/Südtirol
022074,Denno,TN,Trento,Trentino-Alto Adige/Südtirol
022078,Drena,TN,Trento,Trentino-Alto Adige/Südtirol
022079,Dro,TN,Trento,Trentino-Alto Adige/Südtirol
022081,Fai della Paganella,TN,Trento,Trentino-Alto Adige/Südtirol
022083,Fiavè,TN,Trento,Trentino-Alto Adige/Südtirol
022085,Fierozzo,TN,Trento,Trentino-Alto Adige/Südtirol
022087,Folgaria,TN,Trento,Trentino-Alto Adige/Südtirol
022089,Fornace,TN,Trento,Trentino-Alto Adige/Südtirol
022090,Frassilongo,TN,Trento,Trentino-Alto Adige/Südtirol
022091,Garniga Terme,TN,Trento,Trentino-Alto Adige/Südtirol
022092,Giovo,TN,Trento,Trentino-Alto Adige/Südtirol
022093,Giustino,TN,Trento,Trentino-Alto Adige/Südtirol
022095,Grigno,TN,Trento,Trentino-Alto Adige/Südtirol
022097,Imer,TN,Trento,Trentino-Alto Adige/Südtirol
022098,Isera,TN,Trento,Trentino-Alto Adige/Südtirol
022102,Lavarone,TN,Trento,Trentino-Alto Adige/Südtirol
022103,Lavis,TN,Trento,Trentino-Alto Adige/Südtirol
022104,Levico Terme,TN,Trento,Trentino-Alto Adige/Südtirol
022106,Livo,TN,Trento,Trentino-Alto Adige/Südtirol
022108,Lona-Lases,TN,Trento,Trentino-Alto Adige/Südtirol
022109,Luserna,TN,Trento,Trentino-Alto Adige/Südtirol
022110,Malé,TN,Trento,Trentino-Alto Adige/Südtirol
022112,Massimeno,TN,Trento,Trentino-Alto Adige/Südtirol
022113,Mazzin,TN,Trento,Trentino-Alto Adige/Südtirol
022114,Mezzana,TN,Trento,Trentino-Alto Adige/Südtirol
022115,Mezzano,TN,Trento,Trentino-Alto Adige/Südtirol
022116,Mezzocorona,TN,Trento,Trentino-Alto Adige/Südtirol
022117,Mezzolombardo,TN,Trento,Trentino-Alto Adige/Südtirol
022118,Moena,TN,Trento,Trentino-Alto Adige/Südtirol
022120,Molveno,TN,Trento,Trentino-Alto Adige/Südtirol
022123,Mori,TN,Trento,Trentino-Alto Adige/Südtirol
022124,Nago-Torbole,TN,Trento,Trentino-Alto Adige/Südtirol
022127,Nogaredo,TN,Trento,Trentino-Alto Adige/Südtirol
022128,Nomi,TN,Trento,Trentino-Alto Adige/Südtirol
022129,Novaledo,TN,Trento,Trentino-Alto Adige/Südtirol
022130,Ospedaletto,TN,Trento,Trentino-Alto Adige/Südtirol
022131,Ossana,TN,Trento,Trentino-Alto Adige/Südtirol
022133,Palù del Fersina,TN,Trento,Trentino-Alto Adige/Südtirol
022134,Panchià,TN,Trento,Trentino-Alto Adige/Südtirol
022135,Ronzo-Chienis,TN,Trento,Trentino-Alto Adige/Südtirol
022136,Peio,TN,Trento,Trentino-Alto Adige/Südtirol
022137,Pellizzano,TN,Trento,Trentino-Alto Adige/Südtirol
022138,Pelugo,TN,Trento,Trentino-Alto Adige/Südtirol
022139,Pergine Valsugana,TN,Trento,Trentino-Alto Adige/Südtirol
022142,Pieve Tesino,TN,Trento,Trentino-Alto Adige/Südtirol
022143,Pinzolo,TN,Trento,Trentino-Alto Adige/Südtirol
022144,Pomarolo,TN,Trento,Trentino-Alto Adige/Südtirol
022147,Predazzo,TN,Trento,Trentino-Alto Adige/Südtirol
022150,Rabbi,TN,Trento,Trentino-Alto Adige/Südtirol
022153,Riva del Garda,TN,Trento,Trentino-Alto Adige/Südtirol
022155,Romeno,TN,Trento,Trentino-Alto Adige/Südtirol
022156,Roncegno Terme,TN,Trento,Trentino-Alto Adige/Südtirol
022157,Ronchi Valsugana,TN,Trento,Trentino-Alto Adige/Südtirol
022159,Ronzone,TN,Trento,Trentino-Alto Adige/Südtirol
022160,Roverè della Luna,TN,Trento,Trentino-Alto Adige/Südtirol
022161,Rovereto,TN,Trento,Trentino-Alto Adige/Südtirol
022162,Ruffrè-Mendola,TN,Trento,Trentino-Alto Adige/Südtirol
022163,Rumo,TN,Trento,Trentino-Alto Adige/Südtirol
022164,Sagron Mis,TN,Trento,Trentino-Alto Adige/Südtirol
022165,Samone,TN,Trento,Trentino-Alto Adige/Südtirol
022167,San Michele all'Adige,TN,Trento,Trentino-Alto Adige/Südtirol
022168,Sant'Orsola Terme,TN,Trento,Trentino-Alto Adige/Südtirol
022169,Sanzeno,TN,Trento,Trentino-Alto Adige/Südtirol
022170,Sarnonico,TN,Trento,Trentino-Alto Adige/Südtirol
022171,Scurelle,TN,Trento,Trentino-Alto Adige/Südtirol
022172,Segonzano,TN,Trento,Trentino-Alto Adige/Südtirol
022173,Sfruz,TN,Trento,Trentino-Alto Adige/Südtirol
022176,Soraga di Fassa,TN,Trento,Trentino-Alto Adige/Südtirol
022177,Sover,TN,Trento,Trentino-Alto Adige/Südtirol
022179,Spiazzo,TN,Trento,Trentino-Alto Adige/Südtirol
022180,Spormaggiore,TN,Trento,Trentino-Alto Adige/Südtirol
022181,Sporminore,TN,Trento,Trentino-Alto Adige/Südtirol
022182,Stenico,TN,Trento,Trentino-Alto Adige/Südtirol
022183,Storo,TN,Trento,Trentino-Alto Adige/Südtirol
022184,Strembo,TN,Trento,Trentino-Alto Adige/Südtirol
022188,Telve,TN,Trento,Trentino-Alto Adige/Südtirol
022189,Telve di Sopra,TN,Trento,Trentino-Alto Adige/Südtirol
022190,Tenna,TN,Trento,Trentino-Alto Adige/Südtirol
022191,Tenno,TN,Trento,Trentino-Alto Adige/Südtirol
022193,Terragnolo,TN,Trento,Trentino-Alto Adige/Südtirol
022195,Terzolas,TN,Trento,Trentino-Alto Adige/Südtirol
022196,Tesero,TN,Trento,Trentino-Alto Adige/Südtirol
022199,Tione di Trento,TN,Trento,Trentino-Alto Adige/Südtirol
022200,Ton,TN,Trento,Trentino-Alto Adige/Südtirol
022202,Torcegno,TN,Trento,Trentino-Alto Adige/Südtirol
022203,Trambileno,TN,Trento,Trentino-Alto Adige/Südtirol
022205,Trento,TN,Trento,Trentino-Alto Adige/Südtirol
022209,Valfloriana,TN,Trento,Trentino-Alto Adige/Südtirol
022210,Vallarsa,TN,Trento,Trentino-Alto Adige/Südtirol
022213,Vermiglio,TN,Trento,Trentino-Alto Adige/Südtirol
022216,Vignola-Falesina,TN,Trento,Trentino-Alto Adige/Südtirol
022222,Villa Lagarina,TN,Trento,Trentino-Alto Adige/Südtirol
022224,Volano,TN,Trento,Trentino-Alto Adige/Südtirol
022226,Ziano di Fiemme,TN,Trento,Trentino-Alto Adige/Südtirol
022228,Comano Terme,TN,Trento,Trentino-Alto Adige/Südtirol
022229,Ledro,TN,Trento,Trentino-Alto Adige/Südtirol
022230,Predaia,TN,Trento,Trentino-Alto Adige/Südtirol
022231,San Lorenzo Dorsino,TN,Trento,Trentino-Alto Adige/Südtirol
022232,Valdaone,TN,Trento,Trentino-Alto Adige/Südtirol
022233,Dimaro Folgarida,TN,Trento,Trentino-Alto Adige/Südtirol
022234,Pieve di Bono-Prezzo,TN,Trento,Trentino-Alto Adige/Südtirol
022235,Altavalle,TN,Trento,Trentino-Alto Adige/Südtirol
022236,Altopiano della Vigolana,TN,Trento,Trentino-Alto Adige/Südtirol
022237,Amblar-Don,TN,Trento,Trentino-Alto Adige/Südtirol
022238,Borgo Chiese,TN,Trento,Trentino-Alto Adige/Südtirol
022239,Borgo Lares,TN,Trento,Trentino-Alto Adige/Südtirol
022240,Castel Ivano,TN,Trento,Trentino-Alto Adige/Südtirol
022241,Cembra Lisignago,TN,Trento,Trentino-Alto Adige/Südtirol
022242,Contà,TN,Trento,Trentino-Alto Adige/Südtirol
022243,Madruzzo,TN,Trento,Trentino-Alto Adige/Südtirol
022244,Porte di Rendena,TN,Trento,Trentino-Alto Adige/Südtirol
022245,Primiero San Martino di Castrozza,TN,Trento,Trentino-Alto Adige/Südtirol
022246,Sella Giudicarie,TN,Trento,Trentino-Alto Adige/Südtirol
022247,Tre Ville,TN,Trento,Trentino-Alto Adige/Südtirol
022248,Vallelaghi,TN,Trento,Trentino-Alto Adige/Südtirol
022249,Ville d'Anaunia,TN,Trento,Trentino-Alto Adige/Südtirol
022250,San Giovanni di Fassa,TN,Trento,Trentino-Alto Adige/Südtirol
022251,Terre d'Adige,TN,Trento,Trentino-Alto Adige/Südtirol
022252,Borgo d'Anaunia,TN,Trento,Trentino-Alto Adige/Südtirol
022253,Novella,TN,Trento,Trentino-Alto Adige/Südtirol
022254,Ville di Fiemme,TN,Trento,Trentino-Alto Adige/Südtirol
023001,Affi,VR,Verona,Veneto
023002,Albaredo d'Adige,VR,Verona,Veneto
023003,Angiari,VR,Verona,Veneto
023004,Arcole,VR,Verona,Veneto
023005,Badia Calavena,VR,Verona,Veneto
023006,Bardolino,VR,Verona,Veneto
023007,Belfiore,VR,Verona,Veneto
023008,Bevilacqua,VR,Verona,Veneto
023009,Bonavigo,VR,Verona,Veneto
023010,Boschi Sant'Anna,VR,Verona,Veneto
023011,Bosco Chiesanuova,VR,Verona,Veneto
023012,Bovolone,VR,Verona,Veneto
023013,Brentino Belluno,VR,Verona,Veneto
023014,Brenzone sul Garda,VR,Verona,Veneto
023015,Bussolengo,VR,Verona,Veneto
023016,Buttapietra,VR,Verona,Veneto
023017,Caldiero,VR,Verona,Veneto
023018,Caprino Veronese,VR,Verona,Veneto
023019,Casaleone,VR,Verona,Veneto
023020,Castagnaro,VR,Verona,Veneto
023021,Castel d'Azzano,VR,Verona,Veneto
023022,Castelnuovo del Garda,VR,Verona,Veneto
023023,Cavaion Veronese,VR,Verona,Veneto
023024,Cazzano di Tramigna,VR,Verona,Veneto
023025,Cerea,VR,Verona,Veneto
023026,Cerro Veronese,VR,Verona,Veneto
023027,Cologna Veneta,VR,Verona,Veneto
023028,Colognola ai Colli,VR,Verona,Veneto
023029,Concamarise,VR,Verona,Veneto
023030,Costermano sul Garda,VR,Verona,Veneto
023031,Dolcè,VR,Verona,Veneto
023032,Erbè,VR,Verona,Veneto
023033,Erbezzo,VR,Verona,Veneto
023034,Ferrara di Monte Baldo,VR,Verona,Veneto
023035,Fumane,VR,Verona,Veneto
023036,Garda,VR,Verona,Veneto
023037,Gazzo Veronese,VR,Verona,Veneto
023038,Grezzana,VR,Verona,Veneto
023039,Illasi,VR,Verona,Veneto
023040,Isola della Scala,VR,Verona,Veneto
023041,Isola Rizza,VR,Verona,Veneto
023042,Lavagno,VR,Verona,Veneto
023043,Lazise,VR,Verona,Veneto
023044,Legnago,VR,Verona,Veneto
023045,Malcesine,VR,Verona,Veneto
023046,Marano di Valpolicella,VR,Verona,Veneto
023047,Mezzane di Sotto,VR,Verona,Veneto
023048,Minerbe,VR,Verona,Veneto
023049,Montecchia di Crosara,VR,Verona,Veneto
023050,Monteforte d'Alpone,VR,Verona,Veneto
023051,Mozzecane,VR,Verona,Veneto
023052,Negrar di Valpolicella,VR,Verona,Veneto
023053,Nogara,VR,Verona,Veneto
023054,Nogarole Rocca,VR,Verona,Veneto
023055,Oppeano,VR,Verona,Veneto
023056,Palù,VR,Verona,Veneto
023057,Pastrengo,VR,Verona,Veneto
023058,Pescantina,VR,Verona,Veneto
023059,Peschiera del Garda,VR,Verona,Veneto
023060,Povegliano Veronese,VR,Verona,Veneto
023061,Pressana,VR,Verona,Veneto
023062,Rivoli Veronese,VR,Verona,Veneto
023063,Roncà,VR,Verona,Veneto
023064,Ronco all'Adige,VR,Verona,Veneto
023065,Roverchiara,VR,Verona,Veneto
023066,Roveredo di Guà,VR,Verona,Veneto
023067,Roverè Veronese,VR,Verona,Veneto
023068,Salizzole,VR,Verona,Veneto
023069,San Bonifacio,VR,Verona,Veneto
023070,San Giovanni Ilarione,VR,Verona,Veneto
023071,San Giovanni Lupatoto,VR,Verona,Veneto
023072,Sanguinetto,VR,Verona,Veneto
023073,San Martino Buon Albergo,VR,Verona,Veneto
023074,San Mauro di Saline,VR,Verona,Veneto
023075,San Pietro di Morubio,VR,Verona,Veneto
023076,San Pietro in Cariano,VR,Verona,Veneto
023077,Sant'Ambrogio di Valpolicella,VR,Verona,Veneto
023078,Sant'Anna d'Alfaedo,VR,Verona,Veneto
023079,San Zeno di Montagna,VR,Verona,Veneto
023080,Selva di Progno,VR,Verona,Veneto
023081,Soave,VR,Verona,Veneto
023082,Sommacampagna,VR,Verona,Veneto
023083,Sona,VR,Verona,Veneto
023084,Sorgà,VR,Verona,Veneto
023085,Terrazzo,VR,Verona,Veneto
023086,Torri del Benaco,VR,Verona,Veneto
023087,Tregnago,VR,Verona,Veneto
023088,Trevenzuolo,VR,Verona,Veneto
023089,Valeggio sul Mincio,VR,Verona,Veneto
023090,Velo Veronese,VR,Verona,Veneto
023091,Verona,VR,Verona,Veneto
023092,Veronella,VR,Verona,Veneto
023093,Vestenanova,VR,Verona,Veneto
023094,Vigasio,VR,Verona,Veneto
023095,Villa Bartolomea,VR,Verona,Veneto
023096,Villafranca di Verona,VR,Verona,Veneto
023097,Zevio,VR,Verona,Veneto
023098,Zimella,VR,Verona,Veneto
024001,Agugliaro,VI,Vicenza,Veneto
024002,Albettone,VI,Vicenza,Veneto
024003,Alonte,VI,Vicenza,Veneto
024004,Altavilla Vicentina,VI,Vicenza,Veneto
024005,Altissimo,VI,Vicenza,Veneto
024006,Arcugnano,VI,Vicenza,Veneto
024007,Arsiero,VI,Vicenza,Veneto
024008,Arzignano,VI,Vicenza,Veneto
024009,Asiago,VI,Vicenza,Veneto
024010,Asigliano Veneto,VI,Vicenza,Veneto
024012,Bassano del Grappa,VI,Vicenza,Veneto
024013,Bolzano Vicentino,VI,Vicenza,Veneto
024014,Breganze,VI,Vicenza,Veneto
024015,Brendola,VI,Vicenza,Veneto
024016,Bressanvido,VI,Vicenza,Veneto
024017,Brogliano,VI,Vicenza,Veneto
024018,Caldogno,VI,Vicenza,Veneto
024019,Caltrano,VI,Vicenza,Veneto
024020,Calvene,VI,Vicenza,Veneto
024021,Camisano Vicentino,VI,Vicenza,Veneto
024022,Campiglia dei Berici,VI,Vicenza,Veneto
024024,Carrè,VI,Vicenza,Veneto
024025,Cartigliano,VI,Vicenza,Veneto
024026,Cassola,VI,Vicenza,Veneto
024027,Castegnero,VI,Vicenza,Veneto
024028,Castelgomberto,VI,Vicenza,Veneto
024029,Chiampo,VI,Vicenza,Veneto
024030,Chiuppano,VI,Vicenza,Veneto
024032,Cogollo del Cengio,VI,Vicenza,Veneto
024034,Cornedo Vicentino,VI,Vicenza,Veneto
024035,Costabissara,VI,Vicenza,Veneto
024036,Creazzo,VI,Vicenza,Veneto
024037,Crespadoro,VI,Vicenza,Veneto
024038,Dueville,VI,Vicenza,Veneto
024039,Enego,VI,Vicenza,Veneto
024040,Fara Vicentino,VI,Vicenza,Veneto
024041,Foza,VI,Vicenza,Veneto
024042,Gallio,VI,Vicenza,Veneto
024043,Gambellara,VI,Vicenza,Veneto
024046,Grisignano di Zocco,VI,Vicenza,Veneto
024047,Grumolo delle Abbadesse,VI,Vicenza,Veneto
024048,Isola Vicentina,VI,Vicenza,Veneto
024049,Laghi,VI,Vicenza,Veneto
024050,Lastebasse,VI,Vicenza,Veneto
024051,Longare,VI,Vicenza,Veneto
024052,Lonigo,VI,Vicenza,Veneto
024053,Lugo di Vicenza,VI,Vicenza,Veneto
024055,Malo,VI,Vicenza,Veneto
024056,Marano Vicentino,VI,Vicenza,Veneto
024057,Marostica,VI,Vicenza,Veneto
024060,Montebello Vicentino,VI,Vicenza,Veneto
024061,Montecchio Maggiore,VI,Vicenza,Veneto
024062,Montecchio Precalcino,VI,Vicenza,Veneto
024063,Monte di Malo,VI,Vicenza,Veneto
024064,Montegalda,VI,Vicenza,Veneto
024065,Montegaldella,VI,Vicenza,Veneto
024066,Monteviale,VI,Vicenza,Veneto
024067,Monticello Conte Otto,VI,Vicenza,Veneto
024068,Montorso Vicentino,VI,Vicenza,Veneto
024070,Mussolente,VI,Vicenza,Veneto
024071,Nanto,VI,Vicenza,Veneto
024072,Nogarole Vicentino,VI,Vicenza,Veneto
024073,Nove,VI,Vicenza,Veneto
024074,Noventa Vicentina,VI,Vicenza,Veneto
024075,Orgiano,VI,Vicenza,Veneto
024076,Pedemonte,VI,Vicenza,Veneto
024077,Pianezze,VI,Vicenza,Veneto
024078,Piovene Rocchette,VI,Vicenza,Veneto
024079,Pojana Maggiore,VI,Vicenza,Veneto
024080,Posina,VI,Vicenza,Veneto
024081,Pove del Grappa,VI,Vicenza,Veneto
024082,Pozzoleone,VI,Vicenza,Veneto
024083,Quinto Vicentino,VI,Vicenza,Veneto
024084,Recoaro Terme,VI,Vicenza,Veneto
024085,Roana,VI,Vicenza,Veneto
024086,Romano d'Ezzelino,VI,Vicenza,Veneto
024087,Rosà,VI,Vicenza,Veneto
024088,Rossano Veneto,VI,Vicenza,Veneto
024089,Rotzo,VI,Vicenza,Veneto
024090,Salcedo,VI,Vicenza,Veneto
024091,Sandrigo,VI,Vicenza,Veneto
024094,San Pietro Mussolino,VI,Vicenza,Veneto
024095,Santorso,VI,Vicenza,Veneto
024096,San Vito di Leguzzano,VI,Vicenza,Veneto
024097,Sarcedo,VI,Vicenza,Veneto
024098,Sarego,VI,Vicenza,Veneto
024099,Schiavon,VI,Vicenza,Veneto
024100,Schio,VI,Vicenza,Veneto
024101,Solagna,VI,Vicenza,Veneto
024102,Sossano,VI,Vicenza,Veneto
024104,Tezze sul Brenta,VI,Vicenza,Veneto
024105,Thiene,VI,Vicenza,Veneto
024106,Tonezza del Cimone,VI,Vicenza,Veneto
024107,Torrebelvicino,VI,Vicenza,Veneto
024108,Torri di Quartesolo,VI,Vicenza,Veneto
024110,Trissino,VI,Vicenza,Veneto
024111,Valdagno,VI,Vicenza,Veneto
024112,Valdastico,VI,Vicenza,Veneto
024113,Valli del Pasubio,VI,Vicenza,Veneto
024115,Velo d'Astico,VI,Vicenza,Veneto
024116,Vicenza,VI,Vicenza,Veneto
024117,Villaga,VI,Vicenza,Veneto
024118,Villaverla,VI,Vicenza,Veneto
024119,Zanè,VI,Vicenza,Veneto
024120,Zermeghedo,VI,Vicenza,Veneto
024121,Zovencedo,VI,Vicenza,Veneto
024122,Zugliano,VI,Vicenza,Veneto
024123,Val Liona,VI,Vicenza,Veneto
024124,Barbarano Mossano,VI,Vicenza,Veneto
024125,Valbrenta,VI,Vicenza,Veneto
024126,Colceresa,VI,Vicenza,Veneto
024127,Lusiana Conco,VI,Vicenza,Veneto
024128,Sovizzo,VI,Vicenza,Veneto
025001,Agordo,BL,Belluno,Veneto
025003,Alleghe,BL,Belluno,Veneto
025004,Arsiè,BL,Belluno,Veneto
025005,Auronzo di Cadore,BL,Belluno,Veneto
025006,Belluno,BL,Belluno,Veneto
025007,Borca di Cadore,BL,Belluno,Veneto
025008,Calalzo di Cadore,BL,Belluno,Veneto
025010,Cencenighe Agordino,BL,Belluno,Veneto
025011,Cesiomaggiore,BL,Belluno,Veneto
025012,Chies d'Alpago,BL,Belluno,Veneto
025013,Cibiana di Cadore,BL,Belluno,Veneto
025014,Colle Santa Lucia,BL,Belluno,Veneto
025015,Comelico Superiore,BL,Belluno,Veneto
025016,Cortina d'Ampezzo,BL,Belluno,Veneto
025017,Danta di Cadore,BL,Belluno,Veneto
025018,Domegge di Cadore,BL,Belluno,Veneto
025019,Falcade,BL,Belluno,Veneto
025021,Feltre,BL,Belluno,Veneto
025022,Fonzaso,BL,Belluno,Veneto
025023,Canale d'Agordo,BL,Belluno,Veneto
025025,Gosaldo,BL,Belluno,Veneto
025026,Lamon,BL,Belluno,Veneto
025027,La Valle Agordina,BL,Belluno,Veneto
025029,Limana,BL,Belluno,Veneto
025030,Livinallongo del Col di Lana,BL,Belluno,Veneto
025032,Lorenzago di Cadore,BL,Belluno,Veneto
025033,Lozzo di Cadore,BL,Belluno,Veneto
025035,Ospitale di Cadore,BL,Belluno,Veneto
025036,Pedavena,BL,Belluno,Veneto
025037,Perarolo di Cadore,BL,Belluno,Veneto
025039,Pieve di Cadore,BL,Belluno,Veneto
025040,Ponte nelle Alpi,BL,Belluno,Veneto
025043,Rivamonte Agordino,BL,Belluno,Veneto
025044,Rocca Pietore,BL,Belluno,Veneto
025045,San Gregorio nelle Alpi,BL,Belluno,Veneto
025046,San Nicolò di Comelico,BL,Belluno,Veneto
025047,San Pietro di Cadore,BL,Belluno,Veneto
025048,Santa Giustina,BL,Belluno,Veneto
025049,San Tomaso Agordino,BL,Belluno,Veneto
025050,Santo Stefano di Cadore,BL,Belluno,Veneto
025051,San Vito di Cadore,BL,Belluno,Veneto
025053,Sedico,BL,Belluno,Veneto
025054,Selva di Cadore,BL,Belluno,Veneto
025055,Seren del Grappa,BL,Belluno,Veneto
025056,Sospirolo,BL,Belluno,Veneto
025057,Soverzene,BL,Belluno,Veneto
025058,Sovramonte,BL,Belluno,Veneto
025059,Taibon Agordino,BL,Belluno,Veneto
025060,Tambre,BL,Belluno,Veneto
025062,Vallada Agordina,BL,Belluno,Veneto
025063,Valle di Cadore,BL,Belluno,Veneto
025065,Vigo di Cadore,BL,Belluno,Veneto
025066,Vodo Cadore,BL,Belluno,Veneto
025067,Voltago Agordino,BL,Belluno,Veneto
025069,Zoppè di Cadore,BL,Belluno,Veneto
025071,Longarone,BL,Belluno,Veneto
025072,Alpago,BL,Belluno,Veneto
025073,Val di Zoldo,BL,Belluno,Veneto
025074,Borgo Valbelluna,BL,Belluno,Veneto
025075,Setteville,BL,Belluno,Veneto
026001,Altivole,TV,Treviso,Veneto
026002,Arcade,TV,Treviso,Veneto
026003,Asolo,TV,Treviso,Veneto
026004,Borso del Grappa,TV,Treviso,Veneto
026005,Breda di Piave,TV,Treviso,Veneto
026006,Caerano di San Marco,TV,Treviso,Veneto
026007,Cappella Maggiore,TV,Treviso,Veneto
026008,Carbonera,TV,Treviso,Veneto
026009,Casale sul Sile,TV,Treviso,Veneto
026010,Casier,TV,Treviso,Veneto
026011,Castelcucco,TV,Treviso,Veneto
026012,Castelfranco Veneto,TV,Treviso,Veneto
026013,Castello di Godego,TV,Treviso,Veneto
026014,Cavaso del Tomba,TV,Treviso,Veneto
026015,Cessalto,TV,Treviso,Veneto
026016,Chiarano,TV,Treviso,Veneto
026017,Cimadolmo,TV,Treviso,Veneto
026018,Cison di Valmarino,TV,Treviso,Veneto
026019,Codognè,TV,Treviso,Veneto
026020,Colle Umberto,TV,Treviso,Veneto
026021,Conegliano,TV,Treviso,Veneto
026022,Cordignano,TV,Treviso,Veneto
026023,Cornuda,TV,Treviso,Veneto
026025,Crocetta del Montello,TV,Treviso,Veneto
026026,Farra di Soligo,TV,Treviso,Veneto
026027,Follina,TV,Treviso,Veneto
026028,Fontanelle,TV,Treviso,Veneto
026029,Fonte,TV,Treviso,Veneto
026030,Fregona,TV,Treviso,Veneto
026031,Gaiarine,TV,Treviso,Veneto
026032,Giavera del Montello,TV,Treviso,Veneto
026033,Godega di Sant'Urbano,TV,Treviso,Veneto
026034,Gorgo al Monticano,TV,Treviso,Veneto
026035,Istrana,TV,Treviso,Veneto
026036,Loria,TV,Treviso,Veneto
026037,Mansuè,TV,Treviso,Veneto
026038,Mareno di Piave,TV,Treviso,Veneto
026039,Maser,TV,Treviso,Veneto
026040,Maserada sul Piave,TV,Treviso,Veneto
026041,Meduna di Livenza,TV,Treviso,Veneto
026042,Miane,TV,Treviso,Veneto
026043,Mogliano Veneto,TV,Treviso,Veneto
026044,Monastier di Treviso,TV,Treviso,Veneto
026045,Monfumo,TV,Treviso,Veneto
026046,Montebelluna,TV,Treviso,Veneto
026047,Morgano,TV,Treviso,Veneto
026048,Moriago della Battaglia,TV,Treviso,Veneto
026049,Motta di Livenza,TV,Treviso,Veneto
026050,Nervesa della Battaglia,TV,Treviso,Veneto
026051,Oderzo,TV,Treviso,Veneto
026052,Ormelle,TV,Treviso,Veneto
026053,Orsago,TV,Treviso,Veneto
026055,Paese,TV,Treviso,Veneto
026056,Pederobba,TV,Treviso,Veneto
026057,Pieve di Soligo,TV,Treviso,Veneto
026058,Ponte di Piave,TV,Treviso,Veneto
026059,Ponzano Veneto,TV,Treviso,Veneto
026060,Portobuffolè,TV,Treviso,Veneto
026061,Possagno,TV,Treviso,Veneto
026062,Povegliano,TV,Treviso,Veneto
026063,Preganziol,TV,Treviso,Veneto
026064,Quinto di Treviso,TV,Treviso,Veneto
026065,Refrontolo,TV,Treviso,Veneto
026066,Resana,TV,Treviso,Veneto
026067,Revine Lago,TV,Treviso,Veneto
026068,Riese Pio X,TV,Treviso,Veneto
026069,Roncade,TV,Treviso,Veneto
026070,Salgareda,TV,Treviso,Veneto
026071,San Biagio di Callalta,TV,Treviso,Veneto
026072,San Fior,TV,Treviso,Veneto
026073,San Pietro di Feletto,TV,Treviso,Veneto
026074,San Polo di Piave,TV,Treviso,Veneto
026075,Santa Lucia di Piave,TV,Treviso,Veneto
026076,San Vendemiano,TV,Treviso,Veneto
026077,San Zenone degli Ezzelini,TV,Treviso,Veneto
026078,Sarmede,TV,Treviso,Veneto
026079,Segusino,TV,Treviso,Veneto
026080,Sernaglia della Battaglia,TV,Treviso,Veneto
026081,Silea,TV,Treviso,Veneto
026082,Spresiano,TV,Treviso,Veneto
026083,Susegana,TV,Treviso,Veneto
026084,Tarzo,TV,Treviso,Veneto
026085,Trevignano,TV,Treviso,Veneto
026086,Treviso,TV,Treviso,Veneto
026087,Valdobbiadene,TV,Treviso,Veneto
026088,Vazzola,TV,Treviso,Veneto
026089,Vedelago,TV,Treviso,Veneto
026090,Vidor,TV,Treviso,Veneto
026091,Villorba,TV,Treviso,Veneto
026092,Vittorio Veneto,TV,Treviso,Veneto
026093,Volpago del Montello,TV,Treviso,Veneto
026094,Zenson di Piave,TV,Treviso,Veneto
026095,Zero Branco,TV,Treviso,Veneto
026096,Pieve del Grappa,TV,Treviso,Veneto
027001,Annone Veneto,VE,Venezia,Veneto
027002,Campagna Lupia,VE,Venezia,Veneto
027003,Campolongo Maggiore,VE,Venezia,Veneto
027004,Camponogara,VE,Venezia,Veneto
027005,Caorle,VE,Venezia,Veneto
027006,Cavarzere,VE,Venezia,Veneto
027007,Ceggia,VE,Venezia,Veneto
027008,Chioggia,VE,Venezia,Veneto
027009,Cinto Caomaggiore,VE,Venezia,Veneto
027010,Cona,VE,Venezia,Veneto
027011,Concordia Sagittaria,VE,Venezia,Veneto
027012,Dolo,VE,Venezia,Veneto
027013,Eraclea,VE,Venezia,Veneto
027014,Fiesso d'Artico,VE,Venezia,Veneto
027015,Fossalta di Piave,VE,Venezia,Veneto
027016,Fossalta di Portogruaro,VE,Venezia,Veneto
027017,Fossò,VE,Venezia,Veneto
027018,Gruaro,VE,Venezia,Veneto
027019,Jesolo,VE,Venezia,Veneto
027020,Marcon,VE,Venezia,Veneto
027021,Martellago,VE,Venezia,Veneto
027022,Meolo,VE,Venezia,Veneto
027023,Mira,VE,Venezia,Veneto
027024,Mirano,VE,Venezia,Veneto
027025,Musile di Piave,VE,Venezia,Veneto
027026,Noale,VE,Venezia,Veneto
027027,Noventa di Piave,VE,Venezia,Veneto
027028,Pianiga,VE,Venezia,Veneto
027029,Portogruaro,VE,Venezia,Veneto
027030,Pramaggiore,VE,Venezia,Veneto
027031,Quarto d'Altino,VE,Venezia,Veneto
027032,Salzano,VE,Venezia,Veneto
027033,San Donà di Piave,VE,Venezia,Veneto
027034,San Michele al Tagliamento,VE,Venezia,Veneto
027035,Santa Maria di Sala,VE,Venezia,Veneto
027036,San Stino di Livenza,VE,Venezia,Veneto
027037,Scorzè,VE,Venezia,Veneto
027038,Spinea,VE,Venezia,Veneto
027039,Stra,VE,Venezia,Veneto
027040,Teglio Veneto,VE,Venezia,Veneto
027041,Torre di Mosto,VE,Venezia,Veneto
027042,Venezia,VE,Venezia,Veneto
027043,Vigonovo,VE,Venezia,Veneto
027044,Cavallino-Treporti,VE,Venezia,Veneto
028001,Abano Terme,PD,Padova,Veneto
028002,Agna,PD,Padova,Veneto
028003,Albignasego,PD,Padova,Veneto
028004,Anguillara Veneta,PD,Padova,Veneto
028005,Arquà Petrarca,PD,Padova,Veneto
028006,Arre,PD,Padova,Veneto
028007,Arzergrande,PD,Padova,Veneto
028008,Bagnoli di Sopra,PD,Padova,Veneto
028009,Baone,PD,Padova,Veneto
028010,Barbona,PD,Padova,Veneto
028011,Battaglia Terme,PD,Padova,Veneto
028012,Boara Pisani,PD,Padova,Veneto
028013,Borgoricco,PD,Padova,Veneto
028014,Bovolenta,PD,Padova,Veneto
028015,Brugine,PD,Padova,Veneto
028016,Cadoneghe,PD,Padova,Veneto
028017,Campodarsego,PD,Padova,Veneto
028018,Campodoro,PD,Padova,Veneto
028019,Camposampiero,PD,Padova,Veneto
028020,Campo San Martino,PD,Padova,Veneto
028021,Candiana,PD,Padova,Veneto
028023,Carmignano di Brenta,PD,Padova,Veneto
028026,Cartura,PD,Padova,Veneto
028027,Casale di Scodosia,PD,Padova,Veneto
028028,Casalserugo,PD,Padova,Veneto
028029,Castelbaldo,PD,Padova,Veneto
028030,Cervarese Santa Croce,PD,Padova,Veneto
028031,Cinto Euganeo,PD,Padova,Veneto
028032,Cittadella,PD,Padova,Veneto
028033,Codevigo,PD,Padova,Veneto
028034,Conselve,PD,Padova,Veneto
028035,Correzzola,PD,Padova,Veneto
028036,Curtarolo,PD,Padova,Veneto
028037,Este,PD,Padova,Veneto
028038,Fontaniva,PD,Padova,Veneto
028039,Galliera Veneta,PD,Padova,Veneto
028040,Galzignano Terme,PD,Padova,Veneto
028041,Gazzo,PD,Padova,Veneto
028042,Grantorto,PD,Padova,Veneto
028043,Granze,PD,Padova,Veneto
028044,Legnaro,PD,Padova,Veneto
028045,Limena,PD,Padova,Veneto
028046,Loreggia,PD,Padova,Veneto
028047,Lozzo Atestino,PD,Padova,Veneto
028048,Maserà di Padova,PD,Padova,Veneto
028049,Masi,PD,Padova,Veneto
028050,Massanzago,PD,Padova,Veneto
028052,Megliadino San Vitale,PD,Padova,Veneto
028053,Merlara,PD,Padova,Veneto
028054,Mestrino,PD,Padova,Veneto
028055,Monselice,PD,Padova,Veneto
028056,Montagnana,PD,Padova,Veneto
028057,Montegrotto Terme,PD,Padova,Veneto
028058,Noventa Padovana,PD,Padova,Veneto
028059,Ospedaletto Euganeo,PD,Padova,Veneto
028060,Padova,PD,Padova,Veneto
028061,Pernumia,PD,Padova,Veneto
028062,Piacenza d'Adige,PD,Padova,Veneto
028063,Piazzola sul Brenta,PD,Padova,Veneto
028064,Piombino Dese,PD,Padova,Veneto
028065,Piove di Sacco,PD,Padova,Veneto
028066,Polverara,PD,Padova,Veneto
028067,Ponso,PD,Padova,Veneto
028068,Pontelongo,PD,Padova,Veneto
028069,Ponte San Nicolò,PD,Padova,Veneto
028070,Pozzonovo,PD,Padova,Veneto
028071,Rovolon,PD,Padova,Veneto
028072,Rubano,PD,Padova,Veneto
028073,Saccolongo,PD,Padova,Veneto
028075,San Giorgio delle Pertiche,PD,Padova,Veneto
028076,San Giorgio in Bosco,PD,Padova,Veneto
028077,San Martino di Lupari,PD,Padova,Veneto
028078,San Pietro in Gu,PD,Padova,Veneto
028079,San Pietro Viminario,PD,Padova,Veneto
028080,Santa Giustina in Colle,PD,Padova,Veneto
028082,Sant'Angelo di Piove di Sacco,PD,Padova,Veneto
028083,Sant'Elena,PD,Padova,Veneto
028084,Sant'Urbano,PD,Padova,Veneto
028085,Saonara,PD,Padova,Veneto
028086,Selvazzano Dentro,PD,Padova,Veneto
028087,Solesino,PD,Padova,Veneto
028088,Stanghella,PD,Padova,Veneto
028089,Teolo,PD,Padova,Veneto
028090,Terrassa Padovana,PD,Padova,Veneto
028091,Tombolo,PD,Padova,Veneto
028092,Torreglia,PD,Padova,Veneto
028093,Trebaseleghe,PD,Padova,Veneto
028094,Tribano,PD,Padova,Veneto
028095,Urbana,PD,Padova,Veneto
028096,Veggiano,PD,Padova,Veneto
028097,Vescovana,PD,Padova,Veneto
028099,Vigodarzere,PD,Padova,Veneto
028100,Vigonza,PD,Padova,Veneto
028101,Villa del Conte,PD,Padova,Veneto
028102,Villa Estense,PD,Padova,Veneto
028103,Villafranca Padovana,PD,Padova,Veneto
028104,Villanova di Camposampiero,PD,Padova,Veneto
028105,Vo',PD,Padova,Veneto
028106,Due Carrare,PD,Padova,Veneto
028107,Borgo Veneto,PD,Padova,Veneto
028108,Santa Caterina d'Este,PD,Padova,Veneto
029001,Adria,RO,Rovigo,Veneto
029002,Ariano nel Polesine,RO,Rovigo,Veneto
029003,Arquà Polesine,RO,Rovigo,Veneto
029004,Badia Polesine,RO,Rovigo,Veneto
029005,Bagnolo di Po,RO,Rovigo,Veneto
029006,Bergantino,RO,Rovigo,Veneto
029007,Bosaro,RO,Rovigo,Veneto
029008,Calto,RO,Rovigo,Veneto
029009,Canaro,RO,Rovigo,Veneto
029010,Canda,RO,Rovigo,Veneto
029011,Castelguglielmo,RO,Rovigo,Veneto
029012,Castelmassa,RO,Rovigo,Veneto
029013,Castelnovo Bariano,RO,Rovigo,Veneto
029014,Ceneselli,RO,Rovigo,Veneto
029015,Ceregnano,RO,Rovigo,Veneto
029017,Corbola,RO,Rovigo,Veneto
029018,Costa di Rovigo,RO,Rovigo,Veneto
029019,Crespino,RO,Rovigo,Veneto
029021,Ficarolo,RO,Rovigo,Veneto
029022,Fiesso Umbertiano,RO,Rovigo,Veneto
029023,Frassinelle Polesine,RO,Rovigo,Veneto
029024,Fratta Polesine,RO,Rovigo,Veneto
029025,Gaiba,RO,Rovigo,Veneto
029026,Gavello,RO,Rovigo,Veneto
029027,Giacciano con Baruchella,RO,Rovigo,Veneto
029028,Guarda Veneta,RO,Rovigo,Veneto
029029,Lendinara,RO,Rovigo,Veneto
029030,Loreo,RO,Rovigo,Veneto
029031,Lusia,RO,Rovigo,Veneto
029032,Melara,RO,Rovigo,Veneto
029033,Occhiobello,RO,Rovigo,Veneto
029034,Papozze,RO,Rovigo,Veneto
029035,Pettorazza Grimani,RO,Rovigo,Veneto
029036,Pincara,RO,Rovigo,Veneto
029037,Polesella,RO,Rovigo,Veneto
029038,Pontecchio Polesine,RO,Rovigo,Veneto
029039,Porto Tolle,RO,Rovigo,Veneto
029040,Rosolina,RO,Rovigo,Veneto
029041,Rovigo,RO,Rovigo,Veneto
029042,Salara,RO,Rovigo,Veneto
029043,San Bellino,RO,Rovigo,Veneto
029044,San Martino di Venezze,RO,Rovigo,Veneto
029045,Stienta,RO,Rovigo,Veneto
029046,Taglio di Po,RO,Rovigo,Veneto
029047,Trecenta,RO,Rovigo,Veneto
029048,Villadose,RO,Rovigo,Veneto
029049,Villamarzana,RO,Rovigo,Veneto
029050,Villanova del Ghebbo,RO,Rovigo,Veneto
029051,Villanova Marchesana,RO,Rovigo,Veneto
029052,Porto Viro,RO,Rovigo,Veneto
030001,Aiello del Friuli,UD,Udine,Friuli-Venezia Giulia
030002,Amaro,UD,Udine,Friuli-Venezia Giulia
030003,Ampezzo,UD,Udine,Friuli-Venezia Giulia
030004,Aquileia,UD,Udine,Friuli-Venezia Giulia
030005,Arta Terme,UD,Udine,Friuli-Venezia Giulia
030006,Artegna,UD,Udine,Friuli-Venezia Giulia
030007,Attimis,UD,Udine,Friuli-Venezia Giulia
030008,Bagnaria Arsa,UD,Udine,Friuli-Venezia Giulia
030009,Basiliano,UD,Udine,Friuli-Venezia Giulia
030010,Bertiolo,UD,Udine,Friuli-Venezia Giulia
030011,Bicinicco,UD,Udine,Friuli-Venezia Giulia
030012,Bordano,UD,Udine,Friuli-Venezia Giulia
030013,Buja,UD,Udine,Friuli-Venezia Giulia
030014,Buttrio,UD,Udine,Friuli-Venezia Giulia
030015,Camino al Tagliamento,UD,Udine,Friuli-Venezia Giulia
030016,Campoformido,UD,Udine,Friuli-Venezia Giulia
030018,Carlino,UD,Udine,Friuli-Venezia Giulia
030019,Cassacco,UD,Udine,Friuli-Venezia Giulia
030020,Castions di Strada,UD,Udine,Friuli-Venezia Giulia
030021,Cavazzo Carnico,UD,Udine,Friuli-Venezia Giulia
030022,Cercivento,UD,Udine,Friuli-Venezia Giulia
030023,Cervignano del Friuli,UD,Udine,Friuli-Venezia Giulia
030024,Chiopris-Viscone,UD,Udine,Friuli-Venezia Giulia
030025,Chiusaforte,UD,Udine,Friuli-Venezia Giulia
030026,Cividale del Friuli,UD,Udine,Friuli-Venezia Giulia
030027,Codroipo,UD,Udine,Friuli-Venezia Giulia
030028,Colloredo di Monte Albano,UD,Udine,Friuli-Venezia Giulia
030029,Comeglians,UD,Udine,Friuli-Venezia Giulia
030030,Corno di Rosazzo,UD,Udine,Friuli-Venezia Giulia
030031,Coseano,UD,Udine,Friuli-Venezia Giulia
030032,Dignano,UD,Udine,Friuli-Venezia Giulia
030033,Dogna,UD,Udine,Friuli-Venezia Giulia
030034,Drenchia,UD,Udine,Friuli-Venezia Giulia
030035,Enemonzo,UD,Udine,Friuli-Venezia Giulia
030036,Faedis,UD,Udine,Friuli-Venezia Giulia
030037,Fagagna,UD,Udine,Friuli-Venezia Giulia
030039,Flaibano,UD,Udine,Friuli-Venezia Giulia
030040,Forni Avoltri,UD,Udine,Friuli-Venezia Giulia
030041,Forni di Sopra,UD,Udine,Friuli-Venezia Giulia
030042,Forni di Sotto,UD,Udine,Friuli-Venezia Giulia
030043,Gemona del Friuli,UD,Udine,Friuli-Venezia Giulia
030044,Gonars,UD,Udine,Friuli-Venezia Giulia
030045,Grimacco,UD,Udine,Friuli-Venezia Giulia
030046,Latisana,UD,Udine,Friuli-Venezia Giulia
030047,Lauco,UD,Udine,Friuli-Venezia Giulia
030048,Lestizza,UD,Udine,Friuli-Venezia Giulia
030049,Lignano Sabbiadoro,UD,Udine,Friuli-Venezia Giulia
030051,Lusevera,UD,Udine,Friuli-Venezia Giulia
030052,Magnano in Riviera,UD,Udine,Friuli-Venezia Giulia
030053,Majano,UD,Udine,Friuli-Venezia Giulia
030054,Malborghetto Valbruna,UD,Udine,Friuli-Venezia Giulia
030055,Manzano,UD,Udine,Friuli-Venezia Giulia
030056,Marano Lagunare,UD,Udine,Friuli-Venezia Giulia
030057,Martignacco,UD,Udine,Friuli-Venezia Giulia
030058,Mereto di Tomba,UD,Udine,Friuli-Venezia Giulia
030059,Moggio Udinese,UD,Udine,Friuli-Venezia Giulia
030060,Moimacco,UD,Udine,Friuli-Venezia Giulia
030061,Montenars,UD,Udine,Friuli-Venezia Giulia
030062,Mortegliano,UD,Udine,Friuli-Venezia Giulia
030063,Moruzzo,UD,Udine,Friuli-Venezia Giulia
030064,Muzzana del Turgnano,UD,Udine,Friuli-Venezia Giulia
030065,Nimis,UD,Udine,Friuli-Venezia Giulia
030066,Osoppo,UD,Udine,Friuli-Venezia Giulia
030067,Ovaro,UD,Udine,Friuli-Venezia Giulia
030068,Pagnacco,UD,Udine,Friuli-Venezia Giulia
030069,Palazzolo dello Stella,UD,Udine,Friuli-Venezia Giulia
030070,Palmanova,UD,Udine,Friuli-Venezia Giulia
030071,Paluzza,UD,Udine,Friuli-Venezia Giulia
030072,Pasian di Prato,UD,Udine,Friuli-Venezia Giulia
030073,Paularo,UD,Udine,Friuli-Venezia Giulia
030074,Pavia di Udine,UD,Udine,Friuli-Venezia Giulia
030075,Pocenia,UD,Udine,Friuli-Venezia Giulia
030076,Pontebba,UD,Udine,Friuli-Venezia Giulia
030077,Porpetto,UD,Udine,Friuli-Venezia Giulia
030078,Povoletto,UD,Udine,Friuli-Venezia Giulia
030079,Pozzuolo del Friuli,UD,Udine,Friuli-Venezia Giulia
030080,Pradamano,UD,Udine,Friuli-Venezia Giulia
030081,Prato Carnico,UD,Udine,Friuli-Venezia Giulia
030082,Precenicco,UD,Udine,Friuli-Venezia Giulia
030083,Premariacco,UD,Udine,Friuli-Venezia Giulia
030084,Preone,UD,Udine,Friuli-Venezia Giulia
030085,Prepotto,UD,Udine,Friuli-Venezia Giulia
030086,Pulfero,UD,Udine,Friuli-Venezia Giulia
030087,Ragogna,UD,Udine,Friuli-Venezia Giulia
030088,Ravascletto,UD,Udine,Friuli-Venezia Giulia
030089,Raveo,UD,Udine,Friuli-Venezia Giulia
030090,Reana del Rojale,UD,Udine,Friuli-Venezia Giulia
030091,Remanzacco,UD,Udine,Friuli-Venezia Giulia
030092,Resia,UD,Udine,Friuli-Venezia Giulia
030093,Resiutta,UD,Udine,Friuli-Venezia Giulia
030094,Rigolato,UD,Udine,Friuli-Venezia Giulia
030095,Rive d'Arcano,UD,Udine,Friuli-Venezia Giulia
030097,Ronchis,UD,Udine,Friuli-Venezia Giulia
030098,Ruda,UD,Udine,Friuli-Venezia Giulia
030099,San Daniele del Friuli,UD,Udine,Friuli-Venezia Giulia
030100,San Giorgio di Nogaro,UD,Udine,Friuli-Venezia Giulia
030101,San Giovanni al Natisone,UD,Udine,Friuli-Venezia Giulia
030102,San Leonardo,UD,Udine,Friuli-Venezia Giulia
030103,San Pietro al Natisone,UD,Udine,Friuli-Venezia Giulia
030104,Santa Maria la Longa,UD,Udine,Friuli-Venezia Giulia
030105,San Vito al Torre,UD,Udine,Friuli-Venezia Giulia
030106,San Vito di Fagagna,UD,Udine,Friuli-Venezia Giulia
030107,Sauris,UD,Udine,Friuli-Venezia Giulia
030108,Savogna,UD,Udine,Friuli-Venezia Giulia
030109,Sedegliano,UD,Udine,Friuli-Venezia Giulia
030110,Socchieve,UD,Udine,Friuli-Venezia Giulia
030111,Stregna,UD,Udine,Friuli-Venezia Giulia
030112,Sutrio,UD,Udine,Friuli-Venezia Giulia
030113,Taipana,UD,Udine,Friuli-Venezia Giulia
030114,Talmassons,UD,Udine,Friuli-Venezia Giulia
030116,Tarcento,UD,Udine,Friuli-Venezia Giulia
030117,Tarvisio,UD,Udine,Friuli-Venezia Giulia
030118,Tavagnacco,UD,Udine,Friuli-Venezia Giulia
030120,Terzo d'Aquileia,UD,Udine,Friuli-Venezia Giulia
030121,Tolmezzo,UD,Udine,Friuli-Venezia Giulia
030122,Torreano,UD,Udine,Friuli-Venezia Giulia
030123,Torviscosa,UD,Udine,Friuli-Venezia Giulia
030124,Trasaghis,UD,Udine,Friuli-Venezia Giulia
030126,Treppo Grande,UD,Udine,Friuli-Venezia Giulia
030127,Tricesimo,UD,Udine,Friuli-Venezia Giulia
030128,Trivignano Udinese,UD,Udine,Friuli-Venezia Giulia
030129,Udine,UD,Udine,Friuli-Venezia Giulia
030130,Varmo,UD,Udine,Friuli-Venezia Giulia
030131,Venzone,UD,Udine,Friuli-Venezia Giulia
030132,Verzegnis,UD,Udine,Friuli-Venezia Giulia
030133,Villa Santina,UD,Udine,Friuli-Venezia Giulia
030135,Visco,UD,Udine,Friuli-Venezia Giulia
030136,Zuglio,UD,Udine,Friuli-Venezia Giulia
030137,Forgaria nel Friuli,UD,Udine,Friuli-Venezia Giulia
030138,Campolongo Tapogliano,UD,Udine,Friuli-Venezia Giulia
030188,Rivignano Teor,UD,Udine,Friuli-Venezia Giulia
030189,Sappada,UD,Udine,Friuli-Venezia Giulia
030190,Fiumicello Villa Vicentina,UD,Udine,Friuli-Venezia Giulia
030191,Treppo Ligosullo,UD,Udine,Friuli-Venezia Giulia
031001,Capriva del Friuli,GO,Gorizia,Friuli-Venezia Giulia
031002,Cormons,GO,Gorizia,Friuli-Venezia Giulia
031003,Doberdò del Lago,GO,Gorizia,Friuli-Venezia Giulia
031004,Dolegna del Collio,GO,Gorizia,Friuli-Venezia Giulia
031005,Farra d'Isonzo,GO,Gorizia,Friuli-Venezia Giulia
031006,Fogliano Redipuglia,GO,Gorizia,Friuli-Venezia Giulia
031007,Gorizia,GO,Gorizia,Friuli-Venezia Giulia
031008,Gradisca d'Isonzo,GO,Gorizia,Friuli-Venezia Giulia
031009,Grado,GO,Gorizia,Friuli-Venezia Giulia
031010,Mariano del Friuli,GO,Gorizia,Friuli-Venezia Giulia
031011,Medea,GO,Gorizia,Friuli-Venezia Giulia
031012,Monfalcone,GO,Gorizia,Friuli-Venezia Giulia
031013,Moraro,GO,Gorizia,Friuli-Venezia Giulia
031014,Mossa,GO,Gorizia,Friuli-Venezia Giulia
031015,Romans d'Isonzo,GO,Gorizia,Friuli-Venezia Giulia
031016,Ronchi dei Legionari,GO,Gorizia,Friuli-Venezia Giulia
031017,Sagrado,GO,Gorizia,Friuli-Venezia Giulia
031018,San Canzian d'Isonzo,GO,Gorizia,Friuli-Venezia Giulia
031019,San Floriano del Collio,GO,Gorizia,Friuli-Venezia Giulia
031020,San Lorenzo Isontino,GO,Gorizia,Friuli-Venezia Giulia
031021,San Pier d'Isonzo,GO,Gorizia,Friuli-Venezia Giulia
031022,Savogna d'Isonzo,GO,Gorizia,Friuli-Venezia Giulia
031023,Staranzano,GO,Gorizia,Friuli-Venezia Giulia
031024,Turriaco,GO,Gorizia,Friuli-Venezia Giulia
031025,Villesse,GO,Gorizia,Friuli-Venezia Giulia
032001,Duino Aurisina,TS,Trieste,Friuli-Venezia Giulia
032002,Monrupino,TS,Trieste,Friuli-Venezia Giulia
032003,Muggia,TS,Trieste,Friuli-Venezia Giulia
032004,San Dorligo della Valle,TS,Trieste,Friuli-Venezia Giulia
032005,Sgonico,TS,Trieste,Friuli-Venezia Giulia
032006,Trieste,TS,Trieste,Friuli-Venezia Giulia
093001,Andreis,PN,Pordenone,Friuli-Venezia Giulia
093002,Arba,PN,Pordenone,Friuli-Venezia Giulia
093004,Aviano,PN,Pordenone,Friuli-Venezia Giulia
093005,Azzano Decimo,PN,Pordenone,Friuli-Venezia Giulia
093006,Barcis,PN,Pordenone,Friuli-Venezia Giulia
093007,Brugnera,PN,Pordenone,Friuli-Venezia Giulia
093008,Budoia,PN,Pordenone,Friuli-Venezia Giulia
093009,Caneva,PN,Pordenone,Friuli-Venezia Giulia
093010,Casarsa della Delizia,PN,Pordenone,Friuli-Venezia Giulia
093011,Castelnovo del Friuli,PN,Pordenone,Friuli-Venezia Giulia
093012,Cavasso Nuovo,PN,Pordenone,Friuli-Venezia Giulia
093013,Chions,PN,Pordenone,Friuli-Venezia Giulia
093014,Cimolais,PN,Pordenone,Friuli-Venezia Giulia
093015,Claut,PN,Pordenone,Friuli-Venezia Giulia
093016,Clauzetto,PN,Pordenone,Friuli-Venezia Giulia
093017,Cordenons,PN,Pordenone,Friuli-Venezia Giulia
093018,Cordovado,PN,Pordenone,Friuli-Venezia Giulia
093019,Erto e Casso,PN,Pordenone,Friuli-Venezia Giulia
093020,Fanna,PN,Pordenone,Friuli-Venezia Giulia
093021,Fiume Veneto,PN,Pordenone,Friuli-Venezia Giulia
093022,Fontanafredda,PN,Pordenone,Friuli-Venezia Giulia
093024,Frisanco,PN,Pordenone,Friuli-Venezia Giulia
093025,Maniago,PN,Pordenone,Friuli-Venezia Giulia
093026,Meduno,PN,Pordenone,Friuli-Venezia Giulia
093027,Montereale Valcellina,PN,Pordenone,Friuli-Venezia Giulia
093028,Morsano al Tagliamento,PN,Pordenone,Friuli-Venezia Giulia
093029,Pasiano di Pordenone,PN,Pordenone,Friuli-Venezia Giulia
093030,Pinzano al Tagliamento,PN,Pordenone,Friuli-Venezia Giulia
093031,Polcenigo,PN,Pordenone,Friuli-Venezia Giulia
093032,Porcia,PN,Pordenone,Friuli-Venezia Giulia
093033,Pordenone,PN,Pordenone,Friuli-Venezia Giulia
093034,Prata di Pordenone,PN,Pordenone,Friuli-Venezia Giulia
093035,Pravisdomini,PN,Pordenone,Friuli-Venezia Giulia
093036,Roveredo in Piano,PN,Pordenone,Friuli-Venezia Giulia
093037,Sacile,PN,Pordenone,Friuli-Venezia Giulia
093038,San Giorgio della Richinvelda,PN,Pordenone,Friuli-Venezia Giulia
093039,San Martino al Tagliamento,PN,Pordenone,Friuli-Venezia Giulia
093040,San Quirino,PN,Pordenone,Friuli-Venezia Giulia
093041,San Vito al Tagliamento,PN,Pordenone,Friuli-Venezia Giulia
093042,Sequals,PN,Pordenone,Friuli-Venezia Giulia
093043,Sesto al Reghena,PN,Pordenone,Friuli-Venezia Giulia
093044,Spilimbergo,PN,Pordenone,Friuli-Venezia Giulia
093045,Tramonti di Sopra,PN,Pordenone,Friuli-Venezia Giulia
093046,Tramonti di Sotto,PN,Pordenone,Friuli-Venezia Giulia
093047,Travesio,PN,Pordenone,Friuli-Venezia Giulia
093049,Vito d'Asio,PN,Pordenone,Friuli-Venezia Giulia
093050,Vivaro,PN,Pordenone,Friuli-Venezia Giulia
093051,Zoppola,PN,Pordenone,Friuli-Venezia Giulia
093052,Vajont,PN,Pordenone,Friuli-Venezia Giulia
093053,Valvasone Arzene,PN,Pordenone,Friuli-Venezia Giulia
008001,Airole,IM,Imperia,Liguria
008002,Apricale,IM,Imperia,Liguria
008003,Aquila d'Arroscia,IM,Imperia,Liguria
008004,Armo,IM,Imperia,Liguria
008005,Aurigo,IM,Imperia,Liguria
008006,Badalucco,IM,Imperia,Liguria
008007,Bajardo,IM,Imperia,Liguria
008008,Bordighera,IM,Imperia,Liguria
008009,Borghetto d'Arroscia,IM,Imperia,Liguria
008010,Borgomaro,IM,Imperia,Liguria
008011,Camporosso,IM,Imperia,Liguria
008012,Caravonica,IM,Imperia,Liguria
008014,Castellaro,IM,Imperia,Liguria
008015,Castel Vittorio,IM,Imperia,Liguria
008016,Ceriana,IM,Imperia,Liguria
008017,Cervo,IM,Imperia,Liguria
008018,Cesio,IM,Imperia,Liguria
008019,Chiusanico,IM,Imperia,Liguria
008020,Chiusavecchia,IM,Imperia,Liguria
008021,Cipressa,IM,Imperia,Liguria
008022,Civezza,IM,Imperia,Liguria
008023,Cosio d'Arroscia,IM,Imperia,Liguria
008024,Costarainera,IM,Imperia,Liguria
008025,Diano Arentino,IM,Imperia,Liguria
008026,Diano Castello,IM,Imperia,Liguria
008027,Diano Marina,IM,Imperia,Liguria
008028,Diano San Pietro,IM,Imperia,Liguria
008029,Dolceacqua,IM,Imperia,Liguria
008030,Dolcedo,IM,Imperia,Liguria
008031,Imperia,IM,Imperia,Liguria
008032,Isolabona,IM,Imperia,Liguria
008033,Lucinasco,IM,Imperia,Liguria
008034,Mendatica,IM,Imperia,Liguria
008035,Molini di Triora,IM,Imperia,Liguria
008037,Montegrosso Pian Latte,IM,Imperia,Liguria
008038,Olivetta San Michele,IM,Imperia,Liguria
008039,Ospedaletti,IM,Imperia,Liguria
008040,Perinaldo,IM,Imperia,Liguria
008041,Pietrabruna,IM,Imperia,Liguria
008042,Pieve di Teco,IM,Imperia,Liguria
008043,Pigna,IM,Imperia,Liguria
008044,Pompeiana,IM,Imperia,Liguria
008045,Pontedassio,IM,Imperia,Liguria
008046,Pornassio,IM,Imperia,Liguria
008047,Prelà,IM,Imperia,Liguria
008048,Ranzo,IM,Imperia,Liguria
008049,Rezzo,IM,Imperia,Liguria
008050,Riva Ligure,IM,Imperia,Liguria
008051,Rocchetta Nervina,IM,Imperia,Liguria
008052,San Bartolomeo al Mare,IM,Imperia,Liguria
008053,San Biagio della Cima,IM,Imperia,Liguria
008054,San Lorenzo al Mare,IM,Imperia,Liguria
008055,Sanremo,IM,Imperia,Liguria
008056,Santo Stefano al Mare,IM,Imperia,Liguria
008057,Seborga,IM,Imperia,Liguria
008058,Soldano,IM,Imperia,Liguria
008059,Taggia,IM,Imperia,Liguria
008060,Terzorio,IM,Imperia,Liguria
008061,Triora,IM,Imperia,Liguria
008062,Vallebona,IM,Imperia,Liguria
008063,Vallecrosia,IM,Imperia,Liguria
008064,Vasia,IM,Imperia,Liguria
008065,Ventimiglia,IM,Imperia,Liguria
008066,Vessalico,IM,Imperia,Liguria
008067,Villa Faraldi,IM,Imperia,Liguria
008068,Montalto Carpasio,IM,Imperia,Liguria
009001,Alassio,SV,Savona,Liguria
009002,Albenga,SV,Savona,Liguria
009003,Albissola Marina,SV,Savona,Liguria
009004,Albisola Superiore,SV,Savona,Liguria
009005,Altare,SV,Savona,Liguria
009006,Andora,SV,Savona,Liguria
009007,Arnasco,SV,Savona,Liguria
009008,Balestrino,SV,Savona,Liguria
009009,Bardineto,SV,Savona,Liguria
009010,Bergeggi,SV,Savona,Liguria
009011,Boissano,SV,Savona,Liguria
009012,Borghetto Santo Spirito,SV,Savona,Liguria
009013,Borgio Verezzi,SV,Savona,Liguria
009014,Bormida,SV,Savona,Liguria
009015,Cairo Montenotte,SV,Savona,Liguria
009016,Calice Ligure,SV,Savona,Liguria
009017,Calizzano,SV,Savona,Liguria
009018,Carcare,SV,Savona,Liguria
009019,Casanova Lerrone,SV,Savona,Liguria
009020,Castelbianco,SV,Savona,Liguria
009021,Castelvecchio di Rocca Barbena,SV,Savona,Liguria
009022,Celle Ligure,SV,Savona,Liguria
009023,Cengio,SV,Savona,Liguria
009024,Ceriale,SV,Savona,Liguria
009025,Cisano sul Neva,SV,Savona,Liguria
009026,Cosseria,SV,Savona,Liguria
009027,Dego,SV,Savona,Liguria
009028,Erli,SV,Savona,Liguria
009029,Finale Ligure,SV,Savona,Liguria
009030,Garlenda,SV,Savona,Liguria
009031,Giustenice,SV,Savona,Liguria
009032,Giusvalla,SV,Savona,Liguria
009033,Laigueglia,SV,Savona,Liguria
009034,Loano,SV,Savona,Liguria
009035,Magliolo,SV,Savona,Liguria
009036,Mallare,SV,Savona,Liguria
009037,Massimino,SV,Savona,Liguria
009038,Millesimo,SV,Savona,Liguria
009039,Mioglia,SV,Savona,Liguria
009040,Murialdo,SV,Savona,Liguria
009041,Nasino,SV,Savona,Liguria
009042,Noli,SV,Savona,Liguria
009043,Onzo,SV,Savona,Liguria
009044,Orco Feglino,SV,Savona,Liguria
009045,Ortovero,SV,Savona,Liguria
009046,Osiglia,SV,Savona,Liguria
009047,Pallare,SV,Savona,Liguria
009048,Piana Crixia,SV,Savona,Liguria
009049,Pietra Ligure,SV,Savona,Liguria
009050,Plodio,SV,Savona,Liguria
009051,Pontinvrea,SV,Savona,Liguria
009052,Quiliano,SV,Savona,Liguria
009053,Rialto,SV,Savona,Liguria
009054,Roccavignale,SV,Savona,Liguria
009055,Sassello,SV,Savona,Liguria
009056,Savona,SV,Savona,Liguria
009057,Spotorno,SV,Savona,Liguria
009058,Stella,SV,Savona,Liguria
009059,Stellanello,SV,Savona,Liguria
009060,Testico,SV,Savona,Liguria
009061,Toirano,SV,Savona,Liguria
009062,Tovo San Giacomo,SV,Savona,Liguria
009063,Urbe,SV,Savona,Liguria
009064,Vado Ligure,SV,Savona,Liguria
009065,Varazze,SV,Savona,Liguria
009066,Vendone,SV,Savona,Liguria
009067,Vezzi Portio,SV,Savona,Liguria
009068,Villanova d'Albenga,SV,Savona,Liguria
009069,Zuccarello,SV,Savona,Liguria
010001,Arenzano,GE,Genova,Liguria
010002,Avegno,GE,Genova,Liguria
010003,Bargagli,GE,Genova,Liguria
010004,Bogliasco,GE,Genova,Liguria
010005,Borzonasca,GE,Genova,Liguria
010006,Busalla,GE,Genova,Liguria
010007,Camogli,GE,Genova,Liguria
010008,Campo Ligure,GE,Genova,Liguria
010009,Campomorone,GE,Genova,Liguria
010010,Carasco,GE,Genova,Liguria
010011,Casarza Ligure,GE,Genova,Liguria
010012,Casella,GE,Genova,Liguria
010013,Castiglione Chiavarese,GE,Genova,Liguria
010014,Ceranesi,GE,Genova,Liguria
010015,Chiavari,GE,Genova,Liguria
010016,Cicagna,GE,Genova,Liguria
010017,Cogoleto,GE,Genova,Liguria
010018,Cogorno,GE,Genova,Liguria
010019,Coreglia Ligure,GE,Genova,Liguria
010020,Crocefieschi,GE,Genova,Liguria
010021,Davagna,GE,Genova,Liguria
010022,Fascia,GE,Genova,Liguria
010023,Favale di Malvaro,GE,Genova,Liguria
010024,Fontanigorda,GE,Genova,Liguria
010025,Genova,GE,Genova,Liguria
010026,Gorreto,GE,Genova,Liguria
010027,Isola del Cantone,GE,Genova,Liguria
010028,Lavagna,GE,Genova,Liguria
010029,Leivi,GE,Genova,Liguria
010030,Lorsica,GE,Genova,Liguria
010031,Lumarzo,GE,Genova,Liguria
010032,Masone,GE,Genova,Liguria
010033,Mele,GE,Genova,Liguria
010034,Mezzanego,GE,Genova,Liguria
010035,Mignanego,GE,Genova,Liguria
010036,Moconesi,GE,Genova,Liguria
010037,Moneglia,GE,Genova,Liguria
010038,Montebruno,GE,Genova,Liguria
010039,Montoggio,GE,Genova,Liguria
010040,Ne,GE,Genova,Liguria
010041,Neirone,GE,Genova,Liguria
010042,Orero,GE,Genova,Liguria
010043,Pieve Ligure,GE,Genova,Liguria
010044,Portofino,GE,Genova,Liguria
010045,Propata,GE,Genova,Liguria
010046,Rapallo,GE,Genova,Liguria
010047,Recco,GE,Genova,Liguria
010048,Rezzoaglio,GE,Genova,Liguria
010049,Ronco Scrivia,GE,Genova,Liguria
010050,Rondanina,GE,Genova,Liguria
010051,Rossiglione,GE,Genova,Liguria
010052,Rovegno,GE,Genova,Liguria
010053,San Colombano Certenoli,GE,Genova,Liguria
010054,Santa Margherita Ligure,GE,Genova,Liguria
010055,Sant'Olcese,GE,Genova,Liguria
010056,Santo Stefano d'Aveto,GE,Genova,Liguria
010057,Savignone,GE,Genova,Liguria
010058,Serra Riccò,GE,Genova,Liguria
010059,Sestri Levante,GE,Genova,Liguria
010060,Sori,GE,Genova,Liguria
010061,Tiglieto,GE,Genova,Liguria
010062,Torriglia,GE,Genova,Liguria
010063,Tribogna,GE,Genova,Liguria
010064,Uscio,GE,Genova,Liguria
010065,Valbrevenna,GE,Genova,Liguria
010066,Vobbia,GE,Genova,Liguria
010067,Zoagli,GE,Genova,Liguria
011001,Ameglia,SP,La Spezia,Liguria
011002,Arcola,SP,La Spezia,Liguria
011003,Beverino,SP,La Spezia,Liguria
011004,Bolano,SP,La Spezia,Liguria
011005,Bonassola,SP,La Spezia,Liguria
011006,Borghetto di Vara,SP,La Spezia,Liguria
011007,Brugnato,SP,La Spezia,Liguria
011008,Calice al Cornoviglio,SP,La Spezia,Liguria
011009,Carro,SP,La Spezia,Liguria
011010,Carrodano,SP,La Spezia,Liguria
011011,Castelnuovo Magra,SP,La Spezia,Liguria
011012,Deiva Marina,SP,La Spezia,Liguria
011013,Follo,SP,La Spezia,Liguria
011014,Framura,SP,La Spezia,Liguria
011015,La Spezia,SP,La Spezia,Liguria
011016,Lerici,SP,La Spezia,Liguria
011017,Levanto,SP,La Spezia,Liguria
011018,Maissana,SP,La Spezia,Liguria
011019,Monterosso al Mare,SP,La Spezia,Liguria
011020,Luni,SP,La Spezia,Liguria
011021,Pignone,SP,La Spezia,Liguria
011022,Portovenere,SP,La Spezia,Liguria
011023,Riccò del Golfo di Spezia,SP,La Spezia,Liguria
011024,Riomaggiore,SP,La Spezia,Liguria
011025,Rocchetta di Vara,SP,La Spezia,Liguria
011026,Santo Stefano di Magra,SP,La Spezia,Liguria
011027,Sarzana,SP,La Spezia,Liguria
011028,Sesta Godano,SP,La Spezia,Liguria
011029,Varese Ligure,SP,La Spezia,Liguria
011030,Vernazza,SP,La Spezia,Liguria
011031,Vezzano Ligure,SP,La Spezia,Liguria
011032,Zignago,SP,La Spezia,Liguria
033001,Agazzano,PC,Piacenza,Emilia-Romagna
033002,Alseno,PC,Piacenza,Emilia-Romagna
033003,Besenzone,PC,Piacenza,Emilia-Romagna
033004,Bettola,PC,Piacenza,Emilia-Romagna
033005,Bobbio,PC,Piacenza,Emilia-Romagna
033006,Borgonovo Val Tidone,PC,Piacenza,Emilia-Romagna
033007,Cadeo,PC,Piacenza,Emilia-Romagna
033008,Calendasco,PC,Piacenza,Emilia-Romagna
033010,Caorso,PC,Piacenza,Emilia-Romagna
033011,Carpaneto Piacentino,PC,Piacenza,Emilia-Romagna
033012,Castell'Arquato,PC,Piacenza,Emilia-Romagna
033013,Castel San Giovanni,PC,Piacenza,Emilia-Romagna
033014,Castelvetro Piacentino,PC,Piacenza,Emilia-Romagna
033015,Cerignale,PC,Piacenza,Emilia-Romagna
033016,Coli,PC,Piacenza,Emilia-Romagna
033017,Corte Brugnatella,PC,Piacenza,Emilia-Romagna
033018,Cortemaggiore,PC,Piacenza,Emilia-Romagna
033019,Farini,PC,Piacenza,Emilia-Romagna
033020,Ferriere,PC,Piacenza,Emilia-Romagna
033021,Fiorenzuola d'Arda,PC,Piacenza,Emilia-Romagna
033022,Gazzola,PC,Piacenza,Emilia-Romagna
033023,Gossolengo,PC,Piacenza,Emilia-Romagna
033024,Gragnano Trebbiense,PC,Piacenza,Emilia-Romagna
033025,Gropparello,PC,Piacenza,Emilia-Romagna
033026,Lugagnano Val d'Arda,PC,Piacenza,Emilia-Romagna
033027,Monticelli d'Ongina,PC,Piacenza,Emilia-Romagna
033028,Morfasso,PC,Piacenza,Emilia-Romagna
033030,Ottone,PC,Piacenza,Emilia-Romagna
033032,Piacenza,PC,Piacenza,Emilia-Romagna
033033,Pianello Val Tidone,PC,Piacenza,Emilia-Romagna
033034,Piozzano,PC,Piacenza,Emilia-Romagna
033035,Podenzano,PC,Piacenza,Emilia-Romagna
033036,Ponte dell'Olio,PC,Piacenza,Emilia-Romagna
033037,Pontenure,PC,Piacenza,Emilia-Romagna
033038,Rivergaro,PC,Piacenza,Emilia-Romagna
033039,Rottofreno,PC,Piacenza,Emilia-Romagna
033040,San Giorgio Piacentino,PC,Piacenza,Emilia-Romagna
033041,San Pietro in Cerro,PC,Piacenza,Emilia-Romagna
033042,Sarmato,PC,Piacenza,Emilia-Romagna
033043,Travo,PC,Piacenza,Emilia-Romagna
033044,Vernasca,PC,Piacenza,Emilia-Romagna
033045,Vigolzone,PC,Piacenza,Emilia-Romagna
033046,Villanova sull'Arda,PC,Piacenza,Emilia-Romagna
033047,Zerba,PC,Piacenza,Emilia-Romagna
033048,Ziano Piacentino,PC,Piacenza,Emilia-Romagna
033049,Alta Val Tidone,PC,Piacenza,Emilia-Romagna
034001,Albareto,PR,Parma,Emilia-Romagna
034002,Bardi,PR,Parma,Emilia-Romagna
034003,Bedonia,PR,Parma,Emilia-Romagna
034004,Berceto,PR,Parma,Emilia-Romagna
034005,Bore,PR,Parma,Emilia-Romagna
034006,Borgo Val di Taro,PR,Parma,Emilia-Romagna
034007,Busseto,PR,Parma,Emilia-Romagna
034008,Calestano,PR,Parma,Emilia-Romagna
034009,Collecchio,PR,Parma,Emilia-Romagna
034010,Colorno,PR,Parma,Emilia-Romagna
034011,Compiano,PR,Parma,Emilia-Romagna
034012,Corniglio,PR,Parma,Emilia-Romagna
034013,Felino,PR,Parma,Emilia-Romagna
034014,Fidenza,PR,Parma,Emilia-Romagna
034015,Fontanellato,PR,Parma,Emilia-Romagna
034016,Fontevivo,PR,Parma,Emilia-Romagna
034017,Fornovo di Taro,PR,Parma,Emilia-Romagna
034018,Langhirano,PR,Parma,Emilia-Romagna
034019,Lesignano de' Bagni,PR,Parma,Emilia-Romagna
034020,Medesano,PR,Parma,Emilia-Romagna
034022,Monchio delle Corti,PR,Parma,Emilia-Romagna
034023,Montechiarugolo,PR,Parma,Emilia-Romagna
034024,Neviano degli Arduini,PR,Parma,Emilia-Romagna
034025,Noceto,PR,Parma,Emilia-Romagna
034026,Palanzano,PR,Parma,Emilia-Romagna
034027,Parma,PR,Parma,Emilia-Romagna
034028,Pellegrino Parmense,PR,Parma,Emilia-Romagna
034030,Roccabianca,PR,Parma,Emilia-Romagna
034031,Sala Baganza,PR,Parma,Emilia-Romagna
034032,Salsomaggiore Terme,PR,Parma,Emilia-Romagna
034033,San Secondo Parmense,PR,Parma,Emilia-Romagna
034035,Solignano,PR,Parma,Emilia-Romagna
034036,Soragna,PR,Parma,Emilia-Romagna
034038,Terenzo,PR,Parma,Emilia-Romagna
034039,Tizzano Val Parma,PR,Parma,Emilia-Romagna
034040,Tornolo,PR,Parma,Emilia-Romagna
034041,Torrile,PR,Parma,Emilia-Romagna
034042,Traversetolo,PR,Parma,Emilia-Romagna
034044,Valmozzola,PR,Parma,Emilia-Romagna
034045,Varano de' Melegari,PR,Parma,Emilia-Romagna
034046,Varsi,PR,Parma,Emilia-Romagna
034049,Sissa Trecasali,PR,Parma,Emilia-Romagna
034050,Polesine Zibello,PR,Parma,Emilia-Romagna
034051,Sorbolo Mezzani,PR,Parma,Emilia-Romagna
035001,Albinea,RE,Reggio nell'Emilia,Emilia-Romagna
035002,Bagnolo in Piano,RE,Reggio nell'Emilia,Emilia-Romagna
035003,Baiso,RE,Reggio nell'Emilia,Emilia-Romagna
035004,Bibbiano,RE,Reggio nell'Emilia,Emilia-Romagna
035005,Boretto,RE,Reggio nell'Emilia,Emilia-Romagna
035006,Brescello,RE,Reggio nell'Emilia,Emilia-Romagna
035008,Cadelbosco di Sopra,RE,Reggio nell'Emilia,Emilia-Romagna
035009,Campagnola Emilia,RE,Reggio nell'Emilia,Emilia-Romagna
035010,Campegine,RE,Reggio nell'Emilia,Emilia-Romagna
035011,Carpineti,RE,Reggio nell'Emilia,Emilia-Romagna
035012,Casalgrande,RE,Reggio nell'Emilia,Emilia-Romagna
035013,Casina,RE,Reggio nell'Emilia,Emilia-Romagna
035014,Castellarano,RE,Reggio nell'Emilia,Emilia-Romagna
035015,Castelnovo di Sotto,RE,Reggio nell'Emilia,Emilia-Romagna
035016,Castelnovo ne' Monti,RE,Reggio nell'Emilia,Emilia-Romagna
035017,Cavriago,RE,Reggio nell'Emilia,Emilia-Romagna
035018,Canossa,RE,Reggio nell'Emilia,Emilia-Romagna
035020,Correggio,RE,Reggio nell'Emilia,Emilia-Romagna
035021,Fabbrico,RE,Reggio nell'Emilia,Emilia-Romagna
035022,Gattatico,RE,Reggio nell'Emilia,Emilia-Romagna
035023,Gualtieri,RE,Reggio nell'Emilia,Emilia-Romagna
035024,Guastalla,RE,Reggio nell'Emilia,Emilia-Romagna
035026,Luzzara,RE,Reggio nell'Emilia,Emilia-Romagna
035027,Montecchio Emilia,RE,Reggio nell'Emilia,Emilia-Romagna
035028,Novellara,RE,Reggio nell'Emilia,Emilia-Romagna
035029,Poviglio,RE,Reggio nell'Emilia,Emilia-Romagna
035030,Quattro Castella,RE,Reggio nell'Emilia,Emilia-Romagna
035032,Reggiolo,RE,Reggio nell'Emilia,Emilia-Romagna
035033,Reggio nell'Emilia,RE,Reggio nell'Emilia,Emilia-Romagna
035034,Rio Saliceto,RE,Reggio nell'Emilia,Emilia-Romagna
035035,Rolo,RE,Reggio nell'Emilia,Emilia-Romagna
035036,Rubiera,RE,Reggio nell'Emilia,Emilia-Romagna
035037,San Martino in Rio,RE,Reggio nell'Emilia,Emilia-Romagna
035038,San Polo d'Enza,RE,Reggio nell'Emilia,Emilia-Romagna
035039,Sant'Ilario d'Enza,RE,Reggio nell'Emilia,Emilia-Romagna
035040,Scandiano,RE,Reggio nell'Emilia,Emilia-Romagna
035041,Toano,RE,Reggio nell'Emilia,Emilia-Romagna
035042,Vetto,RE,Reggio nell'Emilia,Emilia-Romagna
035043,Vezzano sul Crostolo,RE,Reggio nell'Emilia,Emilia-Romagna
035044,Viano,RE,Reggio nell'Emilia,Emilia-Romagna
035045,Villa Minozzo,RE,Reggio nell'Emilia,Emilia-Romagna
035046,Ventasso,RE,Reggio nell'Emilia,Emilia-Romagna
036001,Bastiglia,MO,Modena,Emilia-Romagna
036002,Bomporto,MO,Modena,Emilia-Romagna
036003,Campogalliano,MO,Modena,Emilia-Romagna
036004,Camposanto,MO,Modena,Emilia-Romagna
036005,Carpi,MO,Modena,Emilia-Romagna
036006,Castelfranco Emilia,MO,Modena,Emilia-Romagna
036007,Castelnuovo Rangone,MO,Modena,Emilia-Romagna
036008,Castelvetro di Modena,MO,Modena,Emilia-Romagna
036009,Cavezzo,MO,Modena,Emilia-Romagna
036010,Concordia sulla Secchia,MO,Modena,Emilia-Romagna
036011,Fanano,MO,Modena,Emilia-Romagna
036012,Finale Emilia,MO,Modena,Emilia-Romagna
036013,Fiorano Modenese,MO,Modena,Emilia-Romagna
036014,Fiumalbo,MO,Modena,Emilia-Romagna
036015,Formigine,MO,Modena,Emilia-Romagna
036016,Frassinoro,MO,Modena,Emilia-Romagna
036017,Guiglia,MO,Modena,Emilia-Romagna
036018,Lama Mocogno,MO,Modena,Emilia-Romagna
036019,Maranello,MO,Modena,Emilia-Romagna
036020,Marano sul Panaro,MO,Modena,Emilia-Romagna
036021,Medolla,MO,Modena,Emilia-Romagna
036022,Mirandola,MO,Modena,Emilia-Romagna
036023,Modena,MO,Modena,Emilia-Romagna
036024,Montecreto,MO,Modena,Emilia-Romagna
036025,Montefiorino,MO,Modena,Emilia-Romagna
036026,Montese,MO,Modena,Emilia-Romagna
036027,Nonantola,MO,Modena,Emilia-Romagna
036028,Novi di Modena,MO,Modena,Emilia-Romagna
036029,Palagano,MO,Modena,Emilia-Romagna
036030,Pavullo nel Frignano,MO,Modena,Emilia-Romagna
036031,Pievepelago,MO,Modena,Emilia-Romagna
036032,Polinago,MO,Modena,Emilia-Romagna
036033,Prignano sulla Secchia,MO,Modena,Emilia-Romagna
036034,Ravarino,MO,Modena,Emilia-Romagna
036035,Riolunato,MO,Modena,Emilia-Romagna
036036,San Cesario sul Panaro,MO,Modena,Emilia-Romagna
036037,San Felice sul Panaro,MO,Modena,Emilia-Romagna
036038,San Possidonio,MO,Modena,Emilia-Romagna
036039,San Prospero,MO,Modena,Emilia-Romagna
036040,Sassuolo,MO,Modena,Emilia-Romagna
036041,Savignano sul Panaro,MO,Modena,Emilia-Romagna
036042,Serramazzoni,MO,Modena,Emilia-Romagna
036043,Sestola,MO,Modena,Emilia-Romagna
036044,Soliera,MO,Modena,Emilia-Romagna
036045,Spilamberto,MO,Modena,Emilia-Romagna
036046,Vignola,MO,Modena,Emilia-Romagna
036047,Zocca,MO,Modena,Emilia-Romagna
037001,Anzola dell'Emilia,BO,Bologna,Emilia-Romagna
037002,Argelato,BO,Bologna,Emilia-Romagna
037003,Baricella,BO,Bologna,Emilia-Romagna
037005,Bentivoglio,BO,Bologna,Emilia-Romagna
037006,Bologna,BO,Bologna,Emilia-Romagna
037007,Borgo Tossignano,BO,Bologna,Emilia-Romagna
037008,Budrio,BO,Bologna,Emilia-Romagna
037009,Calderara di Reno,BO,Bologna,Emilia-Romagna
037010,Camugnano,BO,Bologna,Emilia-Romagna
037011,Casalecchio di Reno,BO,Bologna,Emilia-Romagna
037012,Casalfiumanese,BO,Bologna,Emilia-Romagna
037013,Castel d'Aiano,BO,Bologna,Emilia-Romagna
037014,Castel del Rio,BO,Bologna,Emilia-Romagna
037015,Castel di Casio,BO,Bologna,Emilia-Romagna
037016,Castel Guelfo di Bologna,BO,Bologna,Emilia-Romagna
037017,Castello d'Argile,BO,Bologna,Emilia-Romagna
037019,Castel Maggiore,BO,Bologna,Emilia-Romagna
037020,Castel San Pietro Terme,BO,Bologna,Emilia-Romagna
037021,Castenaso,BO,Bologna,Emilia-Romagna
037022,Castiglione dei Pepoli,BO,Bologna,Emilia-Romagna
037024,Crevalcore,BO,Bologna,Emilia-Romagna
037025,Dozza,BO,Bologna,Emilia-Romagna
037026,Fontanelice,BO,Bologna,Emilia-Romagna
037027,Gaggio Montano,BO,Bologna,Emilia-Romagna
037028,Galliera,BO,Bologna,Emilia-Romagna
037030,Granarolo dell'Emilia,BO,Bologna,Emilia-Romagna
037031,Grizzana Morandi,BO,Bologna,Emilia-Romagna
037032,Imola,BO,Bologna,Emilia-Romagna
037033,Lizzano in Belvedere,BO,Bologna,Emilia-Romagna
037034,Loiano,BO,Bologna,Emilia-Romagna
037035,Malalbergo,BO,Bologna,Emilia-Romagna
037036,Marzabotto,BO,Bologna,Emilia-Romagna
037037,Medicina,BO,Bologna,Emilia-Romagna
037038,Minerbio,BO,Bologna,Emilia-Romagna
037039,Molinella,BO,Bologna,Emilia-Romagna
037040,Monghidoro,BO,Bologna,Emilia-Romagna
037041,Monterenzio,BO,Bologna,Emilia-Romagna
037042,Monte San Pietro,BO,Bologna,Emilia-Romagna
037044,Monzuno,BO,Bologna,Emilia-Romagna
037045,Mordano,BO,Bologna,Emilia-Romagna
037046,Ozzano dell'Emilia,BO,Bologna,Emilia-Romagna
037047,Pianoro,BO,Bologna,Emilia-Romagna
037048,Pieve di Cento,BO,Bologna,Emilia-Romagna
037050,Sala Bolognese,BO,Bologna,Emilia-Romagna
037051,San Benedetto Val di Sambro,BO,Bologna,Emilia-Romagna
037052,San Giorgio di Piano,BO,Bologna,Emilia-Romagna
037053,San Giovanni in Persiceto,BO,Bologna,Emilia-Romagna
037054,San Lazzaro di Savena,BO,Bologna,Emilia-Romagna
037055,San Pietro in Casale,BO,Bologna,Emilia-Romagna
037056,Sant'Agata Bolognese,BO,Bologna,Emilia-Romagna
037057,Sasso Marconi,BO,Bologna,Emilia-Romagna
037059,Vergato,BO,Bologna,Emilia-Romagna
037060,Zola Predosa,BO,Bologna,Emilia-Romagna
037061,Valsamoggia,BO,Bologna,Emilia-Romagna
037062,Alto Reno Terme,BO,Bologna,Emilia-Romagna
038001,Argenta,FE,Ferrara,Emilia-Romagna
038003,Bondeno,FE,Ferrara,Emilia-Romagna
038004,Cento,FE,Ferrara,Emilia-Romagna
038005,Codigoro,FE,Ferrara,Emilia-Romagna
038006,Comacchio,FE,Ferrara,Emilia-Romagna
038007,Copparo,FE,Ferrara,Emilia-Romagna
038008,Ferrara,FE,Ferrara,Emilia-Romagna
038010,Jolanda di Savoia,FE,Ferrara,Emilia-Romagna
038011,Lagosanto,FE,Ferrara,Emilia-Romagna
038012,Masi Torello,FE,Ferrara,Emilia-Romagna
038014,Mesola,FE,Ferrara,Emilia-Romagna
038017,Ostellato,FE,Ferrara,Emilia-Romagna
038018,Poggio Renatico,FE,Ferrara,Emilia-Romagna
038019,Portomaggiore,FE,Ferrara,Emilia-Romagna
038022,Vigarano Mainarda,FE,Ferrara,Emilia-Romagna
038023,Voghiera,FE,Ferrara,Emilia-Romagna
038025,Goro,FE,Ferrara,Emilia-Romagna
038027,Fiscaglia,FE,Ferrara,Emilia-Romagna
038028,Terre del Reno,FE,Ferrara,Emilia-Romagna
038029,Riva del Po,FE,Ferrara,Emilia-Romagna
038030,Tresignana,FE,Ferrara,Emilia-Romagna
039001,Alfonsine,RA,Ravenna,Emilia-Romagna
039002,Bagnacavallo,RA,Ravenna,Emilia-Romagna
039003,Bagnara di Romagna,RA,Ravenna,Emilia-Romagna
039004,Brisighella,RA,Ravenna,Emilia-Romagna
039005,Casola Valsenio,RA,Ravenna,Emilia-Romagna
039006,Castel Bolognese,RA,Ravenna,Emilia-Romagna
039007,Cervia,RA,Ravenna,Emilia-Romagna
039008,Conselice,RA,Ravenna,Emilia-Romagna
039009,Cotignola,RA,Ravenna,Emilia-Romagna
039010,Faenza,RA,Ravenna,Emilia-Romagna
039011,Fusignano,RA,Ravenna,Emilia-Romagna
039012,Lugo,RA,Ravenna,Emilia-Romagna
039013,Massa Lombarda,RA,Ravenna,Emilia-Romagna
039014,Ravenna,RA,Ravenna,Emilia-Romagna
039015,Riolo Terme,RA,Ravenna,Emilia-Romagna
039016,Russi,RA,Ravenna,Emilia-Romagna
039017,Sant'Agata sul Santerno,RA,Ravenna,Emilia-Romagna
039018,Solarolo,RA,Ravenna,Emilia-Romagna
040001,Bagno di Romagna,FC,Forlì-Cesena,Emilia-Romagna
040003,Bertinoro,FC,Forlì-Cesena,Emilia-Romagna
040004,Borghi,FC,Forlì-Cesena,Emilia-Romagna
040005,Castrocaro Terme e Terra del Sole,FC,Forlì-Cesena,Emilia-Romagna
040007,Cesena,FC,Forlì-Cesena,Emilia-Romagna
040008,Cesenatico,FC,Forlì-Cesena,Emilia-Romagna
040009,Civitella di Romagna,FC,Forlì-Cesena,Emilia-Romagna
040011,Dovadola,FC,Forlì-Cesena,Emilia-Romagna
040012,Forlì,FC,Forlì-Cesena,Emilia-Romagna
040013,Forlimpopoli,FC,Forlì-Cesena,Emilia-Romagna
040014,Galeata,FC,Forlì-Cesena,Emilia-Romagna
040015,Gambettola,FC,Forlì-Cesena,Emilia-Romagna
040016,Gatteo,FC,Forlì-Cesena,Emilia-Romagna
040018,Longiano,FC,Forlì-Cesena,Emilia-Romagna
040019,Meldola,FC,Forlì-Cesena,Emilia-Romagna
040020,Mercato Saraceno,FC,Forlì-Cesena,Emilia-Romagna
040022,Modigliana,FC,Forlì-Cesena,Emilia-Romagna
040028,Montiano,FC,Forlì-Cesena,Emilia-Romagna
040031,Portico e San Benedetto,FC,Forlì-Cesena,Emilia-Romagna
040032,Predappio,FC,Forlì-Cesena,Emilia-Romagna
040033,Premilcuore,FC,Forlì-Cesena,Emilia-Romagna
040036,Rocca San Casciano,FC,Forlì-Cesena,Emilia-Romagna
040037,Roncofreddo,FC,Forlì-Cesena,Emilia-Romagna
040041,San Mauro Pascoli,FC,Forlì-Cesena,Emilia-Romagna
040043,Santa Sofia,FC,Forlì-Cesena,Emilia-Romagna
040044,Sarsina,FC,Forlì-Cesena,Emilia-Romagna
040045,Savignano sul Rubicone,FC,Forlì-Cesena,Emilia-Romagna
040046,Sogliano al Rubicone,FC,Forlì-Cesena,Emilia-Romagna
040049,Tredozio,FC,Forlì-Cesena,Emilia-Romagna
040050,Verghereto,FC,Forlì-Cesena,Emilia-Romagna
099001,Bellaria-Igea Marina,RN,Rimini,Emilia-Romagna
099002,Cattolica,RN,Rimini,Emilia-Romagna
099003,Coriano,RN,Rimini,Emilia-Romagna
099004,Gemmano,RN,Rimini,Emilia-Romagna
099005,Misano Adriatico,RN,Rimini,Emilia-Romagna
099006,Mondaino,RN,Rimini,Emilia-Romagna
099008,Montefiore Conca,RN,Rimini,Emilia-Romagna
099009,Montegridolfo,RN,Rimini,Emilia-Romagna
099011,Morciano di Romagna,RN,Rimini,Emilia-Romagna
099013,Riccione,RN,Rimini,Emilia-Romagna
099014,Rimini,RN,Rimini,Emilia-Romagna
099015,Saludecio,RN,Rimini,Emilia-Romagna
099016,San Clemente,RN,Rimini,Emilia-Romagna
099017,San Giovanni in Marignano,RN,Rimini,Emilia-Romagna
099018,Santarcangelo di Romagna,RN,Rimini,Emilia-Romagna
099020,Verucchio,RN,Rimini,Emilia-Romagna
099021,Casteldelci,RN,Rimini,Emilia-Romagna
099022,Maiolo,RN,Rimini,Emilia-Romagna
099023,Novafeltria,RN,Rimini,Emilia-Romagna
099024,Pennabilli,RN,Rimini,Emilia-Romagna
099025,San Leo,RN,Rimini,Emilia-Romagna
099026,Sant'Agata Feltria,RN,Rimini,Emilia-Romagna
099027,Talamello,RN,Rimini,Emilia-Romagna
099028,Poggio Torriana,RN,Rimini,Emilia-Romagna
099029,Montescudo-Monte Colombo,RN,Rimini,Emilia-Romagna
099030,Montecopiolo,RN,Rimini,Emilia-Romagna
099031,Sassofeltrio,RN,Rimini,Emilia-Romagna
045001,Aulla,MS,Massa-Carrara,Toscana
045002,Bagnone,MS,Massa-Carrara,Toscana
045003,Carrara,MS,Massa-Carrara,Toscana
045004,Casola in Lunigiana,MS,Massa-Carrara,Toscana
045005,Comano,MS,Massa-Carrara,Toscana
045006,Filattiera,MS,Massa-Carrara,Toscana
045007,Fivizzano,MS,Massa-Carrara,Toscana
045008,Fosdinovo,MS,Massa-Carrara,Toscana
045009,Licciana Nardi,MS,Massa-Carrara,Toscana
045010,Massa,MS,Massa-Carrara,Toscana
045011,Montignoso,MS,Massa-Carrara,Toscana
045012,Mulazzo,MS,Massa-Carrara,Toscana
045013,Podenzana,MS,Massa-Carrara,Toscana
045014,Pontremoli,MS,Massa-Carrara,Toscana
045015,Tresana,MS,Massa-Carrara,Toscana
045016,Villafranca in Lunigiana,MS,Massa-Carrara,Toscana
045017,Zeri,MS,Massa-Carrara,Toscana
046001,Altopascio,LU,Lucca,Toscana
046002,Bagni di Lucca,LU,Lucca,Toscana
046003,Barga,LU,Lucca,Toscana
046004,Borgo a Mozzano,LU,Lucca,Toscana
046005,Camaiore,LU,Lucca,Toscana
046006,Camporgiano,LU,Lucca,Toscana
046007,Capannori,LU,Lucca,Toscana
046008,Careggine,LU,Lucca,Toscana
046009,Castelnuovo di Garfagnana,LU,Lucca,Toscana
046010,Castiglione di Garfagnana,LU,Lucca,Toscana
046011,Coreglia Antelminelli,LU,Lucca,Toscana
046013,Forte dei Marmi,LU,Lucca,Toscana
046014,Fosciandora,LU,Lucca,Toscana
046015,Gallicano,LU,Lucca,Toscana
046017,Lucca,LU,Lucca,Toscana
046018,Massarosa,LU,Lucca,Toscana
046019,Minucciano,LU,Lucca,Toscana
046020,Molazzana,LU,Lucca,Toscana
046021,Montecarlo,LU,Lucca,Toscana
046022,Pescaglia,LU,Lucca,Toscana
046023,Piazza al Serchio,LU,Lucca,Toscana
046024,Pietrasanta,LU,Lucca,Toscana
046025,Pieve Fosciana,LU,Lucca,Toscana
046026,Porcari,LU,Lucca,Toscana
046027,San Romano in Garfagnana,LU,Lucca,Toscana
046028,Seravezza,LU,Lucca,Toscana
046030,Stazzema,LU,Lucca,Toscana
046031,Vagli Sotto,LU,Lucca,Toscana
046033,Viareggio,LU,Lucca,Toscana
046034,Villa Basilica,LU,Lucca,Toscana
046035,Villa Collemandina,LU,Lucca,Toscana
046036,Fabbriche di Vergemoli,LU,Lucca,Toscana
046037,Sillano Giuncugnano,LU,Lucca,Toscana
047002,Agliana,PT,Pistoia,Toscana
047003,Buggiano,PT,Pistoia,Toscana
047005,Lamporecchio,PT,Pistoia,Toscana
047006,Larciano,PT,Pistoia,Toscana
047007,Marliana,PT,Pistoia,Toscana
047008,Massa e Cozzile,PT,Pistoia,Toscana
047009,Monsummano Terme,PT,Pistoia,Toscana
047010,Montale,PT,Pistoia,Toscana
047011,Montecatini-Terme,PT,Pistoia,Toscana
047012,Pescia,PT,Pistoia,Toscana
047013,Pieve a Nievole,PT,Pistoia,Toscana
047014,Pistoia,PT,Pistoia,Toscana
047016,Ponte Buggianese,PT,Pistoia,Toscana
047017,Quarrata,PT,Pistoia,Toscana
047018,Sambuca Pistoiese,PT,Pistoia,Toscana
047020,Serravalle Pistoiese,PT,Pistoia,Toscana
047021,Uzzano,PT,Pistoia,Toscana
047022,Chiesina Uzzanese,PT,Pistoia,Toscana
047023,Abetone Cutigliano,PT,Pistoia,Toscana
047024,San Marcello Piteglio,PT,Pistoia,Toscana
048001,Bagno a Ripoli,FI,Firenze,Toscana
048002,Barberino di Mugello,FI,Firenze,Toscana
048004,Borgo San Lorenzo,FI,Firenze,Toscana
048005,Calenzano,FI,Firenze,Toscana
048006,Campi Bisenzio,FI,Firenze,Toscana
048008,Capraia e Limite,FI,Firenze,Toscana
048010,Castelfiorentino,FI,Firenze,Toscana
048011,Cerreto Guidi,FI,Firenze,Toscana
048012,Certaldo,FI,Firenze,Toscana
048013,Dicomano,FI,Firenze,Toscana
048014,Empoli,FI,Firenze,Toscana
048015,Fiesole,FI,Firenze,Toscana
048017,Firenze,FI,Firenze,Toscana
048018,Firenzuola,FI,Firenze,Toscana
048019,Fucecchio,FI,Firenze,Toscana
048020,Gambassi Terme,FI,Firenze,Toscana
048021,Greve in Chianti,FI,Firenze,Toscana
048022,Impruneta,FI,Firenze,Toscana
048024,Lastra a Signa,FI,Firenze,Toscana
048025,Londa,FI,Firenze,Toscana
048026,Marradi,FI,Firenze,Toscana
048027,Montaione,FI,Firenze,Toscana
048028,Montelupo Fiorentino,FI,Firenze,Toscana
048030,Montespertoli,FI,Firenze,Toscana
048031,Palazzuolo sul Senio,FI,Firenze,Toscana
048032,Pelago,FI,Firenze,Toscana
048033,Pontassieve,FI,Firenze,Toscana
048035,Reggello,FI,Firenze,Toscana
048036,Rignano sull'Arno,FI,Firenze,Toscana
048037,Rufina,FI,Firenze,Toscana
048038,San Casciano in Val di Pesa,FI,Firenze,Toscana
048039,San Godenzo,FI,Firenze,Toscana
048041,Scandicci,FI,Firenze,Toscana
048043,Sesto Fiorentino,FI,Firenze,Toscana
048044,Signa,FI,Firenze,Toscana
048046,Vaglia,FI,Firenze,Toscana
048049,Vicchio,FI,Firenze,Toscana
048050,Vinci,FI,Firenze,Toscana
048052,Figline e Incisa Valdarno,FI,Firenze,Toscana
048053,Scarperia e San Piero,FI,Firenze,Toscana
048054,Barberino Tavarnelle,FI,Firenze,Toscana
049001,Bibbona,LI,Livorno,Toscana
049002,Campiglia Marittima,LI,Livorno,Toscana
049003,Campo nell'Elba,LI,Livorno,Toscana
049004,Capoliveri,LI,Livorno,Toscana
049005,Capraia Isola,LI,Livorno,Toscana
049006,Castagneto Carducci,LI,Livorno,Toscana
049007,Cecina,LI,Livorno,Toscana
049008,Collesalvetti,LI,Livorno,Toscana
049009,Livorno,LI,Livorno,Toscana
049010,Marciana,LI,Livorno,Toscana
049011,Marciana Marina,LI,Livorno,Toscana
049012,Piombino,LI,Livorno,Toscana
049013,Porto Azzurro,LI,Livorno,Toscana
049014,Portoferraio,LI,Livorno,Toscana
049017,Rosignano Marittimo,LI,Livorno,Toscana
049018,San Vincenzo,LI,Livorno,Toscana
049019,Sassetta,LI,Livorno,Toscana
049020,Suvereto,LI,Livorno,Toscana
049021,Rio,LI,Livorno,Toscana
050001,Bientina,PI,Pisa,Toscana
050002,Buti,PI,Pisa,Toscana
050003,Calci,PI,Pisa,Toscana
050004,Calcinaia,PI,Pisa,Toscana
050005,Capannoli,PI,Pisa,Toscana
050006,Casale Marittimo,PI,Pisa,Toscana
050008,Cascina,PI,Pisa,Toscana
050009,Castelfranco di Sotto,PI,Pisa,Toscana
050010,Castellina Marittima,PI,Pisa,Toscana
050011,Castelnuovo di Val di Cecina,PI,Pisa,Toscana
050012,Chianni,PI,Pisa,Toscana
050014,Fauglia,PI,Pisa,Toscana
050015,Guardistallo,PI,Pisa,Toscana
050016,Lajatico,PI,Pisa,Toscana
050019,Montecatini Val di Cecina,PI,Pisa,Toscana
050020,Montescudaio,PI,Pisa,Toscana
050021,Monteverdi Marittimo,PI,Pisa,Toscana
050022,Montopoli in Val d'Arno,PI,Pisa,Toscana
050023,Orciano Pisano,PI,Pisa,Toscana
050024,Palaia,PI,Pisa,Toscana
050025,Peccioli,PI,Pisa,Toscana
050026,Pisa,PI,Pisa,Toscana
050027,Pomarance,PI,Pisa,Toscana
050028,Ponsacco,PI,Pisa,Toscana
050029,Pontedera,PI,Pisa,Toscana
050030,Riparbella,PI,Pisa,Toscana
050031,San Giuliano Terme,PI,Pisa,Toscana
050032,San Miniato,PI,Pisa,Toscana
050033,Santa Croce sull'Arno,PI,Pisa,Toscana
050034,Santa Luce,PI,Pisa,Toscana
050035,Santa Maria a Monte,PI,Pisa,Toscana
050036,Terricciola,PI,Pisa,Toscana
050037,Vecchiano,PI,Pisa,Toscana
050038,Vicopisano,PI,Pisa,Toscana
050039,Volterra,PI,Pisa,Toscana
050040,Casciana Terme Lari,PI,Pisa,Toscana
050041,Crespina Lorenzana,PI,Pisa,Toscana
051001,Anghiari,AR,Arezzo,Toscana
051002,Arezzo,AR,Arezzo,Toscana
051003,Badia Tedalda,AR,Arezzo,Toscana
051004,Bibbiena,AR,Arezzo,Toscana
051005,Bucine,AR,Arezzo,Toscana
051006,Capolona,AR,Arezzo,Toscana
051007,Caprese Michelangelo,AR,Arezzo,Toscana
051008,Castel Focognano,AR,Arezzo,Toscana
051010,Castel San Niccolò,AR,Arezzo,Toscana
051011,Castiglion Fibocchi,AR,Arezzo,Toscana
051012,Castiglion Fiorentino,AR,Arezzo,Toscana
051013,Cavriglia,AR,Arezzo,Toscana
051014,Chitignano,AR,Arezzo,Toscana
051015,Chiusi della Verna,AR,Arezzo,Toscana
051016,Civitella in Val di Chiana,AR,Arezzo,Toscana
051017,Cortona,AR,Arezzo,Toscana
051018,Foiano della Chiana,AR,Arezzo,Toscana
051020,Loro Ciuffenna,AR,Arezzo,Toscana
051021,Lucignano,AR,Arezzo,Toscana
051022,Marciano della Chiana,AR,Arezzo,Toscana
051023,Montemignaio,AR,Arezzo,Toscana
051024,Monterchi,AR,Arezzo,Toscana
051025,Monte San Savino,AR,Arezzo,Toscana
051026,Montevarchi,AR,Arezzo,Toscana
051027,Ortignano Raggiolo,AR,Arezzo,Toscana
051030,Pieve Santo Stefano,AR,Arezzo,Toscana
051031,Poppi,AR,Arezzo,Toscana
051033,San Giovanni Valdarno,AR,Arezzo,Toscana
051034,Sansepolcro,AR,Arezzo,Toscana
051035,Sestino,AR,Arezzo,Toscana
051037,Subbiano,AR,Arezzo,Toscana
051038,Talla,AR,Arezzo,Toscana
051039,Terranuova Bracciolini,AR,Arezzo,Toscana
051040,Castelfranco Piandiscò,AR,Arezzo,Toscana
051041,Pratovecchio Stia,AR,Arezzo,Toscana
051042,Laterina Pergine Valdarno,AR,Arezzo,Toscana
052001,Abbadia San Salvatore,SI,Siena,Toscana
052002,Asciano,SI,Siena,Toscana
052003,Buonconvento,SI,Siena,Toscana
052004,Casole d'Elsa,SI,Siena,Toscana
052005,Castellina in Chianti,SI,Siena,Toscana
052006,Castelnuovo Berardenga,SI,Siena,Toscana
052007,Castiglione d'Orcia,SI,Siena,Toscana
052008,Cetona,SI,Siena,Toscana
052009,Chianciano Terme,SI,Siena,Toscana
052010,Chiusdino,SI,Siena,Toscana
052011,Chiusi,SI,Siena,Toscana
052012,Colle di Val d'Elsa,SI,Siena,Toscana
052013,Gaiole in Chianti,SI,Siena,Toscana
052015,Montepulciano,SI,Siena,Toscana
052016,Monteriggioni,SI,Siena,Toscana
052017,Monteroni d'Arbia,SI,Siena,Toscana
052018,Monticiano,SI,Siena,Toscana
052019,Murlo,SI,Siena,Toscana
052020,Piancastagnaio,SI,Siena,Toscana
052021,Pienza,SI,Siena,Toscana
052022,Poggibonsi,SI,Siena,Toscana
052023,Radda in Chianti,SI,Siena,Toscana
052024,Radicofani,SI,Siena,Toscana
052025,Radicondoli,SI,Siena,Toscana
052026,Rapolano Terme,SI,Siena,Toscana
052027,San Casciano dei Bagni,SI,Siena,Toscana
052028,San Gimignano,SI,Siena,Toscana
052030,San Quirico d'Orcia,SI,Siena,Toscana
052031,Sarteano,SI,Siena,Toscana
052032,Siena,SI,Siena,Toscana
052033,Sinalunga,SI,Siena,Toscana
052034,Sovicille,SI,Siena,Toscana
052035,Torrita di Siena,SI,Siena,Toscana
052036,Trequanda,SI,Siena,Toscana
052037,Montalcino,SI,Siena,Toscana
053001,Arcidosso,GR,Grosseto,Toscana
053002,Campagnatico,GR,Grosseto,Toscana
053003,Capalbio,GR,Grosseto,Toscana
053004,Castel del Piano,GR,Grosseto,Toscana
053005,Castell'Azzara,GR,Grosseto,Toscana
053006,Castiglione della Pescaia,GR,Grosseto,Toscana
053007,Cinigiano,GR,Grosseto,Toscana
053008,Civitella Paganico,GR,Grosseto,Toscana
053009,Follonica,GR,Grosseto,Toscana
053010,Gavorrano,GR,Grosseto,Toscana
053011,Grosseto,GR,Grosseto,Toscana
053012,Isola del Giglio,GR,Grosseto,Toscana
053013,Magliano in Toscana,GR,Grosseto,Toscana
053014,Manciano,GR,Grosseto,Toscana
053015,Massa Marittima,GR,Grosseto,Toscana
053016,Monte Argentario,GR,Grosseto,Toscana
053017,Montieri,GR,Grosseto,Toscana
053018,Orbetello,GR,Grosseto,Toscana
053019,Pitigliano,GR,Grosseto,Toscana
053020,Roccalbegna,GR,Grosseto,Toscana
053021,Roccastrada,GR,Grosseto,Toscana
053022,Santa Fiora,GR,Grosseto,Toscana
053023,Scansano,GR,Grosseto,Toscana
053024,Scarlino,GR,Grosseto,Toscana
053025,Seggiano,GR,Grosseto,Toscana
053026,Sorano,GR,Grosseto,Toscana
053027,Monterotondo Marittimo,GR,Grosseto,Toscana
053028,Semproniano,GR,Grosseto,Toscana
100001,Cantagallo,PO,Prato,Toscana
100002,Carmignano,PO,Prato,Toscana
100003,Montemurlo,PO,Prato,Toscana
100004,Poggio a Caiano,PO,Prato,Toscana
100005,Prato,PO,Prato,Toscana
100006,Vaiano,PO,Prato,Toscana
100007,Vernio,PO,Prato,Toscana
054001,Assisi,PG,Perugia,Umbria
054002,Bastia Umbra,PG,Perugia,Umbria
054003,Bettona,PG,Perugia,Umbria
054004,Bevagna,PG,Perugia,Umbria
054005,Campello sul Clitunno,PG,Perugia,Umbria
054006,Cannara,PG,Perugia,Umbria
054007,Cascia,PG,Perugia,Umbria
054008,Castel Ritaldi,PG,Perugia,Umbria
054009,Castiglione del Lago,PG,Perugia,Umbria
054010,Cerreto di Spoleto,PG,Perugia,Umbria
054011,Citerna,PG,Perugia,Umbria
054012,Città della Pieve,PG,Perugia,Umbria
054013,Città di Castello,PG,Perugia,Umbria
054014,Collazzone,PG,Perugia,Umbria
054015,Corciano,PG,Perugia,Umbria
054016,Costacciaro,PG,Perugia,Umbria
054017,Deruta,PG,Perugia,Umbria
054018,Foligno,PG,Perugia,Umbria
054019,Fossato di Vico,PG,Perugia,Umbria
054020,Fratta Todina,PG,Perugia,Umbria
054021,Giano dell'Umbria,PG,Perugia,Umbria
054022,Gualdo Cattaneo,PG,Perugia,Umbria
054023,Gualdo Tadino,PG,Perugia,Umbria
054024,Gubbio,PG,Perugia,Umbria
054025,Lisciano Niccone,PG,Perugia,Umbria
054026,Magione,PG,Perugia,Umbria
054027,Marsciano,PG,Perugia,Umbria
054028,Massa Martana,PG,Perugia,Umbria
054029,Monte Castello di Vibio,PG,Perugia,Umbria
054030,Montefalco,PG,Perugia,Umbria
054031,Monteleone di Spoleto,PG,Perugia,Umbria
054032,Monte Santa Maria Tiberina,PG,Perugia,Umbria
054033,Montone,PG,Perugia,Umbria
054034,Nocera Umbra,PG,Perugia,Umbria
054035,Norcia,PG,Perugia,Umbria
054036,Paciano,PG,Perugia,Umbria
054037,Panicale,PG,Perugia,Umbria
054038,Passignano sul Trasimeno,PG,Perugia,Umbria
054039,Perugia,PG,Perugia,Umbria
054040,Piegaro,PG,Perugia,Umbria
054041,Pietralunga,PG,Perugia,Umbria
054042,Poggiodomo,PG,Perugia,Umbria
054043,Preci,PG,Perugia,Umbria
054044,San Giustino,PG,Perugia,Umbria
054045,Sant'Anatolia di Narco,PG,Perugia,Umbria
054046,Scheggia e Pascelupo,PG,Perugia,Umbria
054047,Scheggino,PG,Perugia,Umbria
054048,Sellano,PG,Perugia,Umbria
054049,Sigillo,PG,Perugia,Umbria
054050,Spello,PG,Perugia,Umbria
054051,Spoleto,PG,Perugia,Umbria
054052,Todi,PG,Perugia,Umbria
054053,Torgiano,PG,Perugia,Umbria
054054,Trevi,PG,Perugia,Umbria
054055,Tuoro sul Trasimeno,PG,Perugia,Umbria
054056,Umbertide,PG,Perugia,Umbria
054057,Valfabbrica,PG,Perugia,Umbria
054058,Vallo di Nera,PG,Perugia,Umbria
054059,Valtopina,PG,Perugia,Umbria
055001,Acquasparta,TR,Terni,Umbria
055002,Allerona,TR,Terni,Umbria
055003,Alviano,TR,Terni,Umbria
055004,Amelia,TR,Terni,Umbria
055005,Arrone,TR,Terni,Umbria
055006,Attigliano,TR,Terni,Umbria
055007,Baschi,TR,Terni,Umbria
055008,Calvi dell'Umbria,TR,Terni,Umbria
055009,Castel Giorgio,TR,Terni,Umbria
055010,Castel Viscardo,TR,Terni,Umbria
055011,Fabro,TR,Terni,Umbria
055012,Ferentillo,TR,Terni,Umbria
055013,Ficulle,TR,Terni,Umbria
055014,Giove,TR,Terni,Umbria
055015,Guardea,TR,Terni,Umbria
055016,Lugnano in Teverina,TR,Terni,Umbria
055017,Montecastrilli,TR,Terni,Umbria
055018,Montecchio,TR,Terni,Umbria
055019,Montefranco,TR,Terni,Umbria
055020,Montegabbione,TR,Terni,Umbria
055021,Monteleone d'Orvieto,TR,Terni,Umbria
055022,Narni,TR,Terni,Umbria
055023,Orvieto,TR,Terni,Umbria
055024,Otricoli,TR,Terni,Umbria
055025,Parrano,TR,Terni,Umbria
055026,Penna in Teverina,TR,Terni,Umbria
055027,Polino,TR,Terni,Umbria
055028,Porano,TR,Terni,Umbria
055029,San Gemini,TR,Terni,Umbria
055030,San Venanzo,TR,Terni,Umbria
055031,Stroncone,TR,Terni,Umbria
055032,Terni,TR,Terni,Umbria
055033,Avigliano Umbro,TR,Terni,Umbria
041001,Acqualagna,PU,Pesaro e Urbino,Marche
041002,Apecchio,PU,Pesaro e Urbino,Marche
041005,Belforte all'Isauro,PU,Pesaro e Urbino,Marche
041006,Borgo Pace,PU,Pesaro e Urbino,Marche
041007,Cagli,PU,Pesaro e Urbino,Marche
041008,Cantiano,PU,Pesaro e Urbino,Marche
041009,Carpegna,PU,Pesaro e Urbino,Marche
041010,Cartoceto,PU,Pesaro e Urbino,Marche
041013,Fano,PU,Pesaro e Urbino,Marche
041014,Fermignano,PU,Pesaro e Urbino,Marche
041015,Fossombrone,PU,Pesaro e Urbino,Marche
041016,Fratte Rosa,PU,Pesaro e Urbino,Marche
041017,Frontino,PU,Pesaro e Urbino,Marche
041018,Frontone,PU,Pesaro e Urbino,Marche
041019,Gabicce Mare,PU,Pesaro e Urbino,Marche
041020,Gradara,PU,Pesaro e Urbino,Marche
041021,Isola del Piano,PU,Pesaro e Urbino,Marche
041022,Lunano,PU,Pesaro e Urbino,Marche
041023,Macerata Feltria,PU,Pesaro e Urbino,Marche
041025,Mercatello sul Metauro,PU,Pesaro e Urbino,Marche
041026,Mercatino Conca,PU,Pesaro e Urbino,Marche
041027,Mombaroccio,PU,Pesaro e Urbino,Marche
041028,Mondavio,PU,Pesaro e Urbino,Marche
041029,Mondolfo,PU,Pesaro e Urbino,Marche
041030,Montecalvo in Foglia,PU,Pesaro e Urbino,Marche
041031,Monte Cerignone,PU,Pesaro e Urbino,Marche
041034,Montefelcino,PU,Pesaro e Urbino,Marche
041035,Monte Grimano Terme,PU,Pesaro e Urbino,Marche
041036,Montelabbate,PU,Pesaro e Urbino,Marche
041038,Monte Porzio,PU,Pesaro e Urbino,Marche
041041,Peglio,PU,Pesaro e Urbino,Marche
041043,Pergola,PU,Pesaro e Urbino,Marche
041044,Pesaro,PU,Pesaro e Urbino,Marche
041045,Petriano,PU,Pesaro e Urbino,Marche
041047,Piandimeleto,PU,Pesaro e Urbino,Marche
041048,Pietrarubbia,PU,Pesaro e Urbino,Marche
041049,Piobbico,PU,Pesaro e Urbino,Marche
041051,San Costanzo,PU,Pesaro e Urbino,Marche
041054,San Lorenzo in Campo,PU,Pesaro e Urbino,Marche
041057,Sant'Angelo in Vado,PU,Pesaro e Urbino,Marche
041058,Sant'Ippolito,PU,Pesaro e Urbino,Marche
041061,Serra Sant'Abbondio,PU,Pesaro e Urbino,Marche
041064,Tavoleto,PU,Pesaro e Urbino,Marche
041065,Tavullia,PU,Pesaro e Urbino,Marche
041066,Urbania,PU,Pesaro e Urbino,Marche
041067,Urbino,PU,Pesaro e Urbino,Marche
041068,Vallefoglia,PU,Pesaro e Urbino,Marche
041069,Colli al Metauro,PU,Pesaro e Urbino,Marche
041070,Terre Roveresche,PU,Pesaro e Urbino,Marche
041071,Sassocorvaro Auditore,PU,Pesaro e Urbino,Marche
042001,Agugliano,AN,Ancona,Marche
042002,Ancona,AN,Ancona,Marche
042003,Arcevia,AN,Ancona,Marche
042004,Barbara,AN,Ancona,Marche
042005,Belvedere Ostrense,AN,Ancona,Marche
042006,Camerano,AN,Ancona,Marche
042007,Camerata Picena,AN,Ancona,Marche
042008,Castelbellino,AN,Ancona,Marche
042010,Castelfidardo,AN,Ancona,Marche
042011,Castelleone di Suasa,AN,Ancona,Marche
042012,Castelplanio,AN,Ancona,Marche
042013,Cerreto d'Esi,AN,Ancona,Marche
042014,Chiaravalle,AN,Ancona,Marche
042015,Corinaldo,AN,Ancona,Marche
042016,Cupramontana,AN,Ancona,Marche
042017,Fabriano,AN,Ancona,Marche
042018,Falconara Marittima,AN,Ancona,Marche
042019,Filottrano,AN,Ancona,Marche
042020,Genga,AN,Ancona,Marche
042021,Jesi,AN,Ancona,Marche
042022,Loreto,AN,Ancona,Marche
042023,Maiolati Spontini,AN,Ancona,Marche
042024,Mergo,AN,Ancona,Marche
042025,Monsano,AN,Ancona,Marche
042026,Montecarotto,AN,Ancona,Marche
042027,Montemarciano,AN,Ancona,Marche
042029,Monte Roberto,AN,Ancona,Marche
042030,Monte San Vito,AN,Ancona,Marche
042031,Morro d'Alba,AN,Ancona,Marche
042032,Numana,AN,Ancona,Marche
042033,Offagna,AN,Ancona,Marche
042034,Osimo,AN,Ancona,Marche
042035,Ostra,AN,Ancona,Marche
042036,Ostra Vetere,AN,Ancona,Marche
042037,Poggio San Marcello,AN,Ancona,Marche
042038,Polverigi,AN,Ancona,Marche
042040,Rosora,AN,Ancona,Marche
042041,San Marcello,AN,Ancona,Marche
042042,San Paolo di Jesi,AN,Ancona,Marche
042043,Santa Maria Nuova,AN,Ancona,Marche
042044,Sassoferrato,AN,Ancona,Marche
042045,Senigallia,AN,Ancona,Marche
042046,Serra de' Conti,AN,Ancona,Marche
042047,Serra San Quirico,AN,Ancona,Marche
042048,Sirolo,AN,Ancona,Marche
042049,Staffolo,AN,Ancona,Marche
042050,Trecastelli,AN,Ancona,Marche
043002,Apiro,MC,Macerata,Marche
043003,Appignano,MC,Macerata,Marche
043004,Belforte del Chienti,MC,Macerata,Marche
043005,Bolognola,MC,Macerata,Marche
043006,Caldarola,MC,Macerata,Marche
043007,Camerino,MC,Macerata,Marche
043008,Camporotondo di Fiastrone,MC,Macerata,Marche
043009,Castelraimondo,MC,Macerata,Marche
043010,Castelsantangelo sul Nera,MC,Macerata,Marche
043011,Cessapalombo,MC,Macerata,Marche
043012,Cingoli,MC,Macerata,Marche
043013,Civitanova Marche,MC,Macerata,Marche
043014,Colmurano,MC,Macerata,Marche
043015,Corridonia,MC,Macerata,Marche
043016,Esanatoglia,MC,Macerata,Marche
043017,Fiastra,MC,Macerata,Marche
043019,Fiuminata,MC,Macerata,Marche
043020,Gagliole,MC,Macerata,Marche
043021,Gualdo,MC,Macerata,Marche
043022,Loro Piceno,MC,Macerata,Marche
043023,Macerata,MC,Macerata,Marche
043024,Matelica,MC,Macerata,Marche
043025,Mogliano,MC,Macerata,Marche
043026,Montecassiano,MC,Macerata,Marche
043027,Monte Cavallo,MC,Macerata,Marche
043028,Montecosaro,MC,Macerata,Marche
043029,Montefano,MC,Macerata,Marche
043030,Montelupone,MC,Macerata,Marche
043031,Monte San Giusto,MC,Macerata,Marche
043032,Monte San Martino,MC,Macerata,Marche
043033,Morrovalle,MC,Macerata,Marche
043034,Muccia,MC,Macerata,Marche
043035,Penna San Giovanni,MC,Macerata,Marche
043036,Petriolo,MC,Macerata,Marche
043038,Pieve Torina,MC,Macerata,Marche
043039,Pioraco,MC,Macerata,Marche
043040,Poggio San Vicino,MC,Macerata,Marche
043041,Pollenza,MC,Macerata,Marche
043042,Porto Recanati,MC,Macerata,Marche
043043,Potenza Picena,MC,Macerata,Marche
043044,Recanati,MC,Macerata,Marche
043045,Ripe San Ginesio,MC,Macerata,Marche
043046,San Ginesio,MC,Macerata,Marche
043047,San Severino Marche,MC,Macerata,Marche
043048,Sant'Angelo in Pontano,MC,Macerata,Marche
043049,Sarnano,MC,Macerata,Marche
043050,Sefro,MC,Macerata,Marche
043051,Serrapetrona,MC,Macerata,Marche
043052,Serravalle di Chienti,MC,Macerata,Marche
043053,Tolentino,MC,Macerata,Marche
043054,Treia,MC,Macerata,Marche
043055,Urbisaglia,MC,Macerata,Marche
043056,Ussita,MC,Macerata,Marche
043057,Visso,MC,Macerata,Marche
043058,Valfornace,MC,Macerata,Marche
044001,Acquasanta Terme,AP,Ascoli Piceno,Marche
044002,Acquaviva Picena,AP,Ascoli Piceno,Marche
044005,Appignano del Tronto,AP,Ascoli Piceno,Marche
044006,Arquata del Tronto,AP,Ascoli Piceno,Marche
044007,Ascoli Piceno,AP,Ascoli Piceno,Marche
044010,Carassai,AP,Ascoli Piceno,Marche
044011,Castel di Lama,AP,Ascoli Piceno,Marche
044012,Castignano,AP,Ascoli Piceno,Marche
044013,Castorano,AP,Ascoli Piceno,Marche
044014,Colli del Tronto,AP,Ascoli Piceno,Marche
044015,Comunanza,AP,Ascoli Piceno,Marche
044016,Cossignano,AP,Ascoli Piceno,Marche
044017,Cupra Marittima,AP,Ascoli Piceno,Marche
044020,Folignano,AP,Ascoli Piceno,Marche
044021,Force,AP,Ascoli Piceno,Marche
044023,Grottammare,AP,Ascoli Piceno,Marche
044027,Maltignano,AP,Ascoli Piceno,Marche
044029,Massignano,AP,Ascoli Piceno,Marche
044031,Monsampolo del Tronto,AP,Ascoli Piceno,Marche
044032,Montalto delle Marche,AP,Ascoli Piceno,Marche
044034,Montedinove,AP,Ascoli Piceno,Marche
044036,Montefiore dell'Aso,AP,Ascoli Piceno,Marche
044038,Montegallo,AP,Ascoli Piceno,Marche
044044,Montemonaco,AP,Ascoli Piceno,Marche
044045,Monteprandone,AP,Ascoli Piceno,Marche
044054,Offida,AP,Ascoli Piceno,Marche
044056,Palmiano,AP,Ascoli Piceno,Marche
044063,Ripatransone,AP,Ascoli Piceno,Marche
044064,Roccafluvione,AP,Ascoli Piceno,Marche
044065,Rotella,AP,Ascoli Piceno,Marche
044066,San Benedetto del Tronto,AP,Ascoli Piceno,Marche
044071,Spinetoli,AP,Ascoli Piceno,Marche
044073,Venarotta,AP,Ascoli Piceno,Marche
109001,Altidona,FM,Fermo,Marche
109002,Amandola,FM,Fermo,Marche
109003,Belmonte Piceno,FM,Fermo,Marche
109004,Campofilone,FM,Fermo,Marche
109005,Falerone,FM,Fermo,Marche
109006,Fermo,FM,Fermo,Marche
109007,Francavilla d'Ete,FM,Fermo,Marche
109008,Grottazzolina,FM,Fermo,Marche
109009,Lapedona,FM,Fermo,Marche
109010,Magliano di Tenna,FM,Fermo,Marche
109011,Massa Fermana,FM,Fermo,Marche
109012,Monsampietro Morico,FM,Fermo,Marche
109013,Montappone,FM,Fermo,Marche
109014,Montefalcone Appennino,FM,Fermo,Marche
109015,Montefortino,FM,Fermo,Marche
109016,Monte Giberto,FM,Fermo,Marche
109017,Montegiorgio,FM,Fermo,Marche
109018,Montegranaro,FM,Fermo,Marche
109019,Monteleone di Fermo,FM,Fermo,Marche
109020,Montelparo,FM,Fermo,Marche
109021,Monte Rinaldo,FM,Fermo,Marche
109022,Monterubbiano,FM,Fermo,Marche
109023,Monte San Pietrangeli,FM,Fermo,Marche
109024,Monte Urano,FM,Fermo,Marche
109025,Monte Vidon Combatte,FM,Fermo,Marche
109026,Monte Vidon Corrado,FM,Fermo,Marche
109027,Montottone,FM,Fermo,Marche
109028,Moresco,FM,Fermo,Marche
109029,Ortezzano,FM,Fermo,Marche
109030,Pedaso,FM,Fermo,Marche
109031,Petritoli,FM,Fermo,Marche
109032,Ponzano di Fermo,FM,Fermo,Marche
109033,Porto San Giorgio,FM,Fermo,Marche
109034,Porto Sant'Elpidio,FM,Fermo,Marche
109035,Rapagnano,FM,Fermo,Marche
109036,Santa Vittoria in Matenano,FM,Fermo,Marche
109037,Sant'Elpidio a Mare,FM,Fermo,Marche
109038,Servigliano,FM,Fermo,Marche
109039,Smerillo,FM,Fermo,Marche
109040,Torre San Patrizio,FM,Fermo,Marche
056001,Acquapendente,VT,Viterbo,Lazio
056002,Arlena di Castro,VT,Viterbo,Lazio
056003,Bagnoregio,VT,Viterbo,Lazio
056004,Barbarano Romano,VT,Viterbo,Lazio
056005,Bassano Romano,VT,Viterbo,Lazio
056006,Bassano in Teverina,VT,Viterbo,Lazio
056007,Blera,VT,Viterbo,Lazio
056008,Bolsena,VT,Viterbo,Lazio
056009,Bomarzo,VT,Viterbo,Lazio
056010,Calcata,VT,Viterbo,Lazio
056011,Canepina,VT,Viterbo,Lazio
056012,Canino,VT,Viterbo,Lazio
056013,Capodimonte,VT,Viterbo,Lazio
056014,Capranica,VT,Viterbo,Lazio
056015,Caprarola,VT,Viterbo,Lazio
056016,Carbognano,VT,Viterbo,Lazio
056017,Castel Sant'Elia,VT,Viterbo,Lazio
056018,Castiglione in Teverina,VT,Viterbo,Lazio
056019,Celleno,VT,Viterbo,Lazio
056020,Cellere,VT,Viterbo,Lazio
056021,Civita Castellana,VT,Viterbo,Lazio
056022,Civitella d'Agliano,VT,Viterbo,Lazio
056023,Corchiano,VT,Viterbo,Lazio
056024,Fabrica di Roma,VT,Viterbo,Lazio
056025,Faleria,VT,Viterbo,Lazio
056026,Farnese,VT,Viterbo,Lazio
056027,Gallese,VT,Viterbo,Lazio
056028,Gradoli,VT,Viterbo,Lazio
056029,Graffignano,VT,Viterbo,Lazio
056030,Grotte di Castro,VT,Viterbo,Lazio
056031,Ischia di Castro,VT,Viterbo,Lazio
056032,Latera,VT,Viterbo,Lazio
056033,Lubriano,VT,Viterbo,Lazio
056034,Marta,VT,Viterbo,Lazio
056035,Montalto di Castro,VT,Viterbo,Lazio
056036,Montefiascone,VT,Viterbo,Lazio
056037,Monte Romano,VT,Viterbo,Lazio
056038,Monterosi,VT,Viterbo,Lazio
056039,Nepi,VT,Viterbo,Lazio
056040,Onano,VT,Viterbo,Lazio
056041,Oriolo Romano,VT,Viterbo,Lazio
056042,Orte,VT,Viterbo,Lazio
056043,Piansano,VT,Viterbo,Lazio
056044,Proceno,VT,Viterbo,Lazio
056045,Ronciglione,VT,Viterbo,Lazio
056046,Villa San Giovanni in Tuscia,VT,Viterbo,Lazio
056047,San Lorenzo Nuovo,VT,Viterbo,Lazio
056048,Soriano nel Cimino,VT,Viterbo,Lazio
056049,Sutri,VT,Viterbo,Lazio
056050,Tarquinia,VT,Viterbo,Lazio
056051,Tessennano,VT,Viterbo,Lazio
056052,Tuscania,VT,Viterbo,Lazio
056053,Valentano,VT,Viterbo,Lazio
056054,Vallerano,VT,Viterbo,Lazio
056055,Vasanello,VT,Viterbo,Lazio
056056,Vejano,VT,Viterbo,Lazio
056057,Vetralla,VT,Viterbo,Lazio
056058,Vignanello,VT,Viterbo,Lazio
056059,Viterbo,VT,Viterbo,Lazio
056060,Vitorchiano,VT,Viterbo,Lazio
057001,Accumoli,RI,Rieti,Lazio
057002,Amatrice,RI,Rieti,Lazio
057003,Antrodoco,RI,Rieti,Lazio
057004,Ascrea,RI,Rieti,Lazio
057005,Belmonte in Sabina,RI,Rieti,Lazio
057006,Borbona,RI,Rieti,Lazio
057007,Borgorose,RI,Rieti,Lazio
057008,Borgo Velino,RI,Rieti,Lazio
057009,Cantalice,RI,Rieti,Lazio
057010,Cantalupo in Sabina,RI,Rieti,Lazio
057011,Casaprota,RI,Rieti,Lazio
057012,Casperia,RI,Rieti,Lazio
057013,Castel di Tora,RI,Rieti,Lazio
057014,Castelnuovo di Farfa,RI,Rieti,Lazio
057015,Castel Sant'Angelo,RI,Rieti,Lazio
057016,Cittaducale,RI,Rieti,Lazio
057017,Cittareale,RI,Rieti,Lazio
057018,Collalto Sabino,RI,Rieti,Lazio
057019,Colle di Tora,RI,Rieti,Lazio
057020,Collegiove,RI,Rieti,Lazio
057021,Collevecchio,RI,Rieti,Lazio
057022,Colli sul Velino,RI,Rieti,Lazio
057023,Concerviano,RI,Rieti,Lazio
057024,Configni,RI,Rieti,Lazio
057025,Contigliano,RI,Rieti,Lazio
057026,Cottanello,RI,Rieti,Lazio
057027,Fara in Sabina,RI,Rieti,Lazio
057028,Fiamignano,RI,Rieti,Lazio
057029,Forano,RI,Rieti,Lazio
057030,Frasso Sabino,RI,Rieti,Lazio
057031,Greccio,RI,Rieti,Lazio
057032,Labro,RI,Rieti,Lazio
057033,Leonessa,RI,Rieti,Lazio
057034,Longone Sabino,RI,Rieti,Lazio
057035,Magliano Sabina,RI,Rieti,Lazio
057036,Marcetelli,RI,Rieti,Lazio
057037,Micigliano,RI,Rieti,Lazio
057038,Mompeo,RI,Rieti,Lazio
057039,Montasola,RI,Rieti,Lazio
057040,Montebuono,RI,Rieti,Lazio
057041,Monteleone Sabino,RI,Rieti,Lazio
057042,Montenero Sabino,RI,Rieti,Lazio
057043,Monte San Giovanni in Sabina,RI,Rieti,Lazio
057044,Montopoli di Sabina,RI,Rieti,Lazio
057045,Morro Reatino,RI,Rieti,Lazio
057046,Nespolo,RI,Rieti,Lazio
057047,Orvinio,RI,Rieti,Lazio
057048,Paganico Sabino,RI,Rieti,Lazio
057049,Pescorocchiano,RI,Rieti,Lazio
057050,Petrella Salto,RI,Rieti,Lazio
057051,Poggio Bustone,RI,Rieti,Lazio
057052,Poggio Catino,RI,Rieti,Lazio
057053,Poggio Mirteto,RI,Rieti,Lazio
057054,Poggio Moiano,RI,Rieti,Lazio
057055,Poggio Nativo,RI,Rieti,Lazio
057056,Poggio San Lorenzo,RI,Rieti,Lazio
057057,Posta,RI,Rieti,Lazio
057058,Pozzaglia Sabina,RI,Rieti,Lazio
057059,Rieti,RI,Rieti,Lazio
057060,Rivodutri,RI,Rieti,Lazio
057061,Roccantica,RI,Rieti,Lazio
057062,Rocca Sinibalda,RI,Rieti,Lazio
057063,Salisano,RI,Rieti,Lazio
057064,Scandriglia,RI,Rieti,Lazio
057065,Selci,RI,Rieti,Lazio
057066,Stimigliano,RI,Rieti,Lazio
057067,Tarano,RI,Rieti,Lazio
057068,Toffia,RI,Rieti,Lazio
057069,Torricella in Sabina,RI,Rieti,Lazio
057070,Torri in Sabina,RI,Rieti,Lazio
057071,Turania,RI,Rieti,Lazio
057072,Vacone,RI,Rieti,Lazio
057073,Varco Sabino,RI,Rieti,Lazio
058001,Affile,RM,Roma,Lazio
058002,Agosta,RM,Roma,Lazio
058003,Albano Laziale,RM,Roma,Lazio
058004,Allumiere,RM,Roma,Lazio
058005,Anguillara Sabazia,RM,Roma,Lazio
058006,Anticoli Corrado,RM,Roma,Lazio
058007,Anzio,RM,Roma,Lazio
058008,Arcinazzo Romano,RM,Roma,Lazio
058009,Ariccia,RM,Roma,Lazio
058010,Arsoli,RM,Roma,Lazio
058011,Artena,RM,Roma,Lazio
058012,Bellegra,RM,Roma,Lazio
058013,Bracciano,RM,Roma,Lazio
058014,Camerata Nuova,RM,Roma,Lazio
058015,Campagnano di Roma,RM,Roma,Lazio
058016,Canale Monterano,RM,Roma,Lazio
058017,Canterano,RM,Roma,Lazio
058018,Capena,RM,Roma,Lazio
058019,Capranica Prenestina,RM,Roma,Lazio
058020,Carpineto Romano,RM,Roma,Lazio
058021,Casape,RM,Roma,Lazio
058022,Castel Gandolfo,RM,Roma,Lazio
058023,Castel Madama,RM,Roma,Lazio
058024,Castelnuovo di Porto,RM,Roma,Lazio
058025,Castel San Pietro Romano,RM,Roma,Lazio
058026,Cave,RM,Roma,Lazio
058027,Cerreto Laziale,RM,Roma,Lazio
058028,Cervara di Roma,RM,Roma,Lazio
058029,Cerveteri,RM,Roma,Lazio
058030,Ciciliano,RM,Roma,Lazio
058031,Cineto Romano,RM,Roma,Lazio
058032,Civitavecchia,RM,Roma,Lazio
058033,Civitella San Paolo,RM,Roma,Lazio
058034,Colleferro,RM,Roma,Lazio
058035,Colonna,RM,Roma,Lazio
058036,Fiano Romano,RM,Roma,Lazio
058037,Filacciano,RM,Roma,Lazio
058038,Formello,RM,Roma,Lazio
058039,Frascati,RM,Roma,Lazio
058040,Gallicano nel Lazio,RM,Roma,Lazio
058041,Gavignano,RM,Roma,Lazio
058042,Genazzano,RM,Roma,Lazio
058043,Genzano di Roma,RM,Roma,Lazio
058044,Gerano,RM,Roma,Lazio
058045,Gorga,RM,Roma,Lazio
058046,Grottaferrata,RM,Roma,Lazio
058047,Guidonia Montecelio,RM,Roma,Lazio
058048,Jenne,RM,Roma,Lazio
058049,Labico,RM,Roma,Lazio
058050,Lanuvio,RM,Roma,Lazio
058051,Licenza,RM,Roma,Lazio
058052,Magliano Romano,RM,Roma,Lazio
058053,Mandela,RM,Roma,Lazio
058054,Manziana,RM,Roma,Lazio
058055,Marano Equo,RM,Roma,Lazio
058056,Marcellina,RM,Roma,Lazio
058057,Marino,RM,Roma,Lazio
058058,Mazzano Romano,RM,Roma,Lazio
058059,Mentana,RM,Roma,Lazio
058060,Monte Compatri,RM,Roma,Lazio
058061,Monteflavio,RM,Roma,Lazio
058062,Montelanico,RM,Roma,Lazio
058063,Montelibretti,RM,Roma,Lazio
058064,Monte Porzio Catone,RM,Roma,Lazio
058065,Monterotondo,RM,Roma,Lazio
058066,Montorio Romano,RM,Roma,Lazio
058067,Moricone,RM,Roma,Lazio
058068,Morlupo,RM,Roma,Lazio
058069,Nazzano,RM,Roma,Lazio
058070,Nemi,RM,Roma,Lazio
058071,Nerola,RM,Roma,Lazio
058072,Nettuno,RM,Roma,Lazio
058073,Olevano Romano,RM,Roma,Lazio
058074,Palestrina,RM,Roma,Lazio
058075,Palombara Sabina,RM,Roma,Lazio
058076,Percile,RM,Roma,Lazio
058077,Pisoniano,RM,Roma,Lazio
058078,Poli,RM,Roma,Lazio
058079,Pomezia,RM,Roma,Lazio
058080,Ponzano Romano,RM,Roma,Lazio
058081,Riano,RM,Roma,Lazio
058082,Rignano Flaminio,RM,Roma,Lazio
058083,Riofreddo,RM,Roma,Lazio
058084,Rocca Canterano,RM,Roma,Lazio
058085,Rocca di Cave,RM,Roma,Lazio
058086,Rocca di Papa,RM,Roma,Lazio
058087,Roccagiovine,RM,Roma,Lazio
058088,Rocca Priora,RM,Roma,Lazio
058089,Rocca Santo Stefano,RM,Roma,Lazio
058090,Roiate,RM,Roma,Lazio
058091,Roma,RM,Roma,Lazio
058092,Roviano,RM,Roma,Lazio
058093,Sacrofano,RM,Roma,Lazio
058094,Sambuci,RM,Roma,Lazio
058095,San Gregorio da Sassola,RM,Roma,Lazio
058096,San Polo dei Cavalieri,RM,Roma,Lazio
058097,Santa Marinella,RM,Roma,Lazio
058098,Sant'Angelo Romano,RM,Roma,Lazio
058099,Sant'Oreste,RM,Roma,Lazio
058100,San Vito Romano,RM,Roma,Lazio
058101,Saracinesco,RM,Roma,Lazio
058102,Segni,RM,Roma,Lazio
058103,Subiaco,RM,Roma,Lazio
058104,Tivoli,RM,Roma,Lazio
058105,Tolfa,RM,Roma,Lazio
058106,Torrita Tiberina,RM,Roma,Lazio
058107,Trevignano Romano,RM,Roma,Lazio
058108,Vallepietra,RM,Roma,Lazio
058109,Vallinfreda,RM,Roma,Lazio
058110,Valmontone,RM,Roma,Lazio
058111,Velletri,RM,Roma,Lazio
058112,Vicovaro,RM,Roma,Lazio
058113,Vivaro Romano,RM,Roma,Lazio
058114,Zagarolo,RM,Roma,Lazio
058115,Lariano,RM,Roma,Lazio
058116,Ladispoli,RM,Roma,Lazio
058117,Ardea,RM,Roma,Lazio
058118,Ciampino,RM,Roma,Lazio
058119,San Cesareo,RM,Roma,Lazio
058120,Fiumicino,RM,Roma,Lazio
058122,Fonte Nuova,RM,Roma,Lazio
059001,Aprilia,LT,Latina,Lazio
059002,Bassiano,LT,Latina,Lazio
059003,Campodimele,LT,Latina,Lazio
059004,Castelforte,LT,Latina,Lazio
059005,Cisterna di Latina,LT,Latina,Lazio
059006,Cori,LT,Latina,Lazio
059007,Fondi,LT,Latina,Lazio
059008,Formia,LT,Latina,Lazio
059009,Gaeta,LT,Latina,Lazio
059010,Itri,LT,Latina,Lazio
059011,Latina,LT,Latina,Lazio
059012,Lenola,LT,Latina,Lazio
059013,Maenza,LT,Latina,Lazio
059014,Minturno,LT,Latina,Lazio
059015,Monte San Biagio,LT,Latina,Lazio
059016,Norma,LT,Latina,Lazio
059017,Pontinia,LT,Latina,Lazio
059018,Ponza,LT,Latina,Lazio
059019,Priverno,LT,Latina,Lazio
059020,Prossedi,LT,Latina,Lazio
059021,Roccagorga,LT,Latina,Lazio
059022,Rocca Massima,LT,Latina,Lazio
059023,Roccasecca dei Volsci,LT,Latina,Lazio
059024,Sabaudia,LT,Latina,Lazio
059025,San Felice Circeo,LT,Latina,Lazio
059026,Santi Cosma e Damiano,LT,Latina,Lazio
059027,Sermoneta,LT,Latina,Lazio
059028,Sezze,LT,Latina,Lazio
059029,Sonnino,LT,Latina,Lazio
059030,Sperlonga,LT,Latina,Lazio
059031,Spigno Saturnia,LT,Latina,Lazio
059032,Terracina,LT,Latina,Lazio
059033,Ventotene,LT,Latina,Lazio
060001,Acquafondata,FR,Frosinone,Lazio
060002,Acuto,FR,Frosinone,Lazio
060003,Alatri,FR,Frosinone,Lazio
060004,Alvito,FR,Frosinone,Lazio
060005,Amaseno,FR,Frosinone,Lazio
060006,Anagni,FR,Frosinone,Lazio
060007,Aquino,FR,Frosinone,Lazio
060008,Arce,FR,Frosinone,Lazio
060009,Arnara,FR,Frosinone,Lazio
060010,Arpino,FR,Frosinone,Lazio
060011,Atina,FR,Frosinone,Lazio
060012,Ausonia,FR,Frosinone,Lazio
060013,Belmonte Castello,FR,Frosinone,Lazio
060014,Boville Ernica,FR,Frosinone,Lazio
060015,Broccostella,FR,Frosinone,Lazio
060016,Campoli Appennino,FR,Frosinone,Lazio
060017,Casalattico,FR,Frosinone,Lazio
060018,Casalvieri,FR,Frosinone,Lazio
060019,Cassino,FR,Frosinone,Lazio
060020,Castelliri,FR,Frosinone,Lazio
060021,Castelnuovo Parano,FR,Frosinone,Lazio
060022,Castrocielo,FR,Frosinone,Lazio
060023,Castro dei Volsci,FR,Frosinone,Lazio
060024,Ceccano,FR,Frosinone,Lazio
060025,Ceprano,FR,Frosinone,Lazio
060026,Cervaro,FR,Frosinone,Lazio
060027,Colfelice,FR,Frosinone,Lazio
060028,Collepardo,FR,Frosinone,Lazio
060029,Colle San Magno,FR,Frosinone,Lazio
060030,Coreno Ausonio,FR,Frosinone,Lazio
060031,Esperia,FR,Frosinone,Lazio
060032,Falvaterra,FR,Frosinone,Lazio
060033,Ferentino,FR,Frosinone,Lazio
060034,Filettino,FR,Frosinone,Lazio
060035,Fiuggi,FR,Frosinone,Lazio
060036,Fontana Liri,FR,Frosinone,Lazio
060037,Fontechiari,FR,Frosinone,Lazio
060038,Frosinone,FR,Frosinone,Lazio
060039,Fumone,FR,Frosinone,Lazio
060040,Gallinaro,FR,Frosinone,Lazio
060041,Giuliano di Roma,FR,Frosinone,Lazio
060042,Guarcino,FR,Frosinone,Lazio
060043,Isola del Liri,FR,Frosinone,Lazio
060044,Monte San Giovanni Campano,FR,Frosinone,Lazio
060045,Morolo,FR,Frosinone,Lazio
060046,Paliano,FR,Frosinone,Lazio
060047,Pastena,FR,Frosinone,Lazio
060048,Patrica,FR,Frosinone,Lazio
060049,Pescosolido,FR,Frosinone,Lazio
060050,Picinisco,FR,Frosinone,Lazio
060051,Pico,FR,Frosinone,Lazio
060052,Piedimonte San Germano,FR,Frosinone,Lazio
060053,Piglio,FR,Frosinone,Lazio
060054,Pignataro Interamna,FR,Frosinone,Lazio
060055,Pofi,FR,Frosinone,Lazio
060056,Pontecorvo,FR,Frosinone,Lazio
060057,Posta Fibreno,FR,Frosinone,Lazio
060058,Ripi,FR,Frosinone,Lazio
060059,Rocca d'Arce,FR,Frosinone,Lazio
060060,Roccasecca,FR,Frosinone,Lazio
060061,San Biagio Saracinisco,FR,Frosinone,Lazio
060062,San Donato Val di Comino,FR,Frosinone,Lazio
060063,San Giorgio a Liri,FR,Frosinone,Lazio
060064,San Giovanni Incarico,FR,Frosinone,Lazio
060065,Sant'Ambrogio sul Garigliano,FR,Frosinone,Lazio
060066,Sant'Andrea del Garigliano,FR,Frosinone,Lazio
060067,Sant'Apollinare,FR,Frosinone,Lazio
060068,Sant'Elia Fiumerapido,FR,Frosinone,Lazio
060069,Santopadre,FR,Frosinone,Lazio
060070,San Vittore del Lazio,FR,Frosinone,Lazio
060071,Serrone,FR,Frosinone,Lazio
060072,Settefrati,FR,Frosinone,Lazio
060073,Sgurgola,FR,Frosinone,Lazio
060074,Sora,FR,Frosinone,Lazio
060075,Strangolagalli,FR,Frosinone,Lazio
060076,Supino,FR,Frosinone,Lazio
060077,Terelle,FR,Frosinone,Lazio
060078,Torre Cajetani,FR,Frosinone,Lazio
060079,Torrice,FR,Frosinone,Lazio
060080,Trevi nel Lazio,FR,Frosinone,Lazio
060081,Trivigliano,FR,Frosinone,Lazio
060082,Vallecorsa,FR,Frosinone,Lazio
060083,Vallemaio,FR,Frosinone,Lazio
060084,Vallerotonda,FR,Frosinone,Lazio
060085,Veroli,FR,Frosinone,Lazio
060086,Vicalvi,FR,Frosinone,Lazio
060087,Vico nel Lazio,FR,Frosinone,Lazio
060088,Villa Latina,FR,Frosinone,Lazio
060089,Villa Santa Lucia,FR,Frosinone,Lazio
060090,Villa Santo Stefano,FR,Frosinone,Lazio
060091,Viticuso,FR,Frosinone,Lazio
066001,Acciano,AQ,L'Aquila,Abruzzo
066002,Aielli,AQ,L'Aquila,Abruzzo
066003,Alfedena,AQ,L'Aquila,Abruzzo
066004,Anversa degli Abruzzi,AQ,L'Aquila,Abruzzo
066005,Ateleta,AQ,L'Aquila,Abruzzo
066006,Avezzano,AQ,L'Aquila,Abruzzo
066007,Balsorano,AQ,L'Aquila,Abruzzo
066008,Barete,AQ,L'Aquila,Abruzzo
066009,Barisciano,AQ,L'Aquila,Abruzzo
066010,Barrea,AQ,L'Aquila,Abruzzo
066011,Bisegna,AQ,L'Aquila,Abruzzo
066012,Bugnara,AQ,L'Aquila,Abruzzo
066013,Cagnano Amiterno,AQ,L'Aquila,Abruzzo
066014,Calascio,AQ,L'Aquila,Abruzzo
066015,Campo di Giove,AQ,L'Aquila,Abruzzo
066016,Campotosto,AQ,L'Aquila,Abruzzo
066017,Canistro,AQ,L'Aquila,Abruzzo
066018,Cansano,AQ,L'Aquila,Abruzzo
066019,Capestrano,AQ,L'Aquila,Abruzzo
066020,Capistrello,AQ,L'Aquila,Abruzzo
066021,Capitignano,AQ,L'Aquila,Abruzzo
066022,Caporciano,AQ,L'Aquila,Abruzzo
066023,Cappadocia,AQ,L'Aquila,Abruzzo
066024,Carapelle Calvisio,AQ,L'Aquila,Abruzzo
066025,Carsoli,AQ,L'Aquila,Abruzzo
066026,Castel del Monte,AQ,L'Aquila,Abruzzo
066027,Castel di Ieri,AQ,L'Aquila,Abruzzo
066028,Castel di Sangro,AQ,L'Aquila,Abruzzo
066029,Castellafiume,AQ,L'Aquila,Abruzzo
066030,Castelvecchio Calvisio,AQ,L'Aquila,Abruzzo
066031,Castelvecchio Subequo,AQ,L'Aquila,Abruzzo
066032,Celano,AQ,L'Aquila,Abruzzo
066033,Cerchio,AQ,L'Aquila,Abruzzo
066034,Civita d'Antino,AQ,L'Aquila,Abruzzo
066035,Civitella Alfedena,AQ,L'Aquila,Abruzzo
066036,Civitella Roveto,AQ,L'Aquila,Abruzzo
066037,Cocullo,AQ,L'Aquila,Abruzzo
066038,Collarmele,AQ,L'Aquila,Abruzzo
066039,Collelongo,AQ,L'Aquila,Abruzzo
066040,Collepietro,AQ,L'Aquila,Abruzzo
066041,Corfinio,AQ,L'Aquila,Abruzzo
066042,Fagnano Alto,AQ,L'Aquila,Abruzzo
066043,Fontecchio,AQ,L'Aquila,Abruzzo
066044,Fossa,AQ,L'Aquila,Abruzzo
066045,Gagliano Aterno,AQ,L'Aquila,Abruzzo
066046,Gioia dei Marsi,AQ,L'Aquila,Abruzzo
066047,Goriano Sicoli,AQ,L'Aquila,Abruzzo
066048,Introdacqua,AQ,L'Aquila,Abruzzo
066049,L'Aquila,AQ,L'Aquila,Abruzzo
066050,Lecce nei Marsi,AQ,L'Aquila,Abruzzo
066051,Luco dei Marsi,AQ,L'Aquila,Abruzzo
066052,Lucoli,AQ,L'Aquila,Abruzzo
066053,Magliano de' Marsi,AQ,L'Aquila,Abruzzo
066054,Massa d'Albe,AQ,L'Aquila,Abruzzo
066055,Molina Aterno,AQ,L'Aquila,Abruzzo
066056,Montereale,AQ,L'Aquila,Abruzzo
066057,Morino,AQ,L'Aquila,Abruzzo
066058,Navelli,AQ,L'Aquila,Abruzzo
066059,Ocre,AQ,L'Aquila,Abruzzo
066060,Ofena,AQ,L'Aquila,Abruzzo
066061,Opi,AQ,L'Aquila,Abruzzo
066062,Oricola,AQ,L'Aquila,Abruzzo
066063,Ortona dei Marsi,AQ,L'Aquila,Abruzzo
066064,Ortucchio,AQ,L'Aquila,Abruzzo
066065,Ovindoli,AQ,L'Aquila,Abruzzo
066066,Pacentro,AQ,L'Aquila,Abruzzo
066067,Pereto,AQ,L'Aquila,Abruzzo
066068,Pescasseroli,AQ,L'Aquila,Abruzzo
066069,Pescina,AQ,L'Aquila,Abruzzo
066070,Pescocostanzo,AQ,L'Aquila,Abruzzo
066071,Pettorano sul Gizio,AQ,L'Aquila,Abruzzo
066072,Pizzoli,AQ,L'Aquila,Abruzzo
066073,Poggio Picenze,AQ,L'Aquila,Abruzzo
066074,Prata d'Ansidonia,AQ,L'Aquila,Abruzzo
066075,Pratola Peligna,AQ,L'Aquila,Abruzzo
066076,Prezza,AQ,L'Aquila,Abruzzo
066077,Raiano,AQ,L'Aquila,Abruzzo
066078,Rivisondoli,AQ,L'Aquila,Abruzzo
066079,Roccacasale,AQ,L'Aquila,Abruzzo
066080,Rocca di Botte,AQ,L'Aquila,Abruzzo
066081,Rocca di Cambio,AQ,L'Aquila,Abruzzo
066082,Rocca di Mezzo,AQ,L'Aquila,Abruzzo
066083,Rocca Pia,AQ,L'Aquila,Abruzzo
066084,Roccaraso,AQ,L'Aquila,Abruzzo
066085,San Benedetto dei Marsi,AQ,L'Aquila,Abruzzo
066086,San Benedetto in Perillis,AQ,L'Aquila,Abruzzo
066087,San Demetrio ne' Vestini,AQ,L'Aquila,Abruzzo
066088,San Pio delle Camere,AQ,L'Aquila,Abruzzo
066089,Sante Marie,AQ,L'Aquila,Abruzzo
066090,Sant'Eusanio Forconese,AQ,L'Aquila,Abruzzo
066091,Santo Stefano di Sessanio,AQ,L'Aquila,Abruzzo
066092,San Vincenzo Valle Roveto,AQ,L'Aquila,Abruzzo
066093,Scanno,AQ,L'Aquila,Abruzzo
066094,Scontrone,AQ,L'Aquila,Abruzzo
066095,Scoppito,AQ,L'Aquila,Abruzzo
066096,Scurcola Marsicana,AQ,L'Aquila,Abruzzo
066097,Secinaro,AQ,L'Aquila,Abruzzo
066098,Sulmona,AQ,L'Aquila,Abruzzo
066099,Tagliacozzo,AQ,L'Aquila,Abruzzo
066100,Tione degli Abruzzi,AQ,L'Aquila,Abruzzo
066101,Tornimparte,AQ,L'Aquila,Abruzzo
066102,Trasacco,AQ,L'Aquila,Abruzzo
066103,Villalago,AQ,L'Aquila,Abruzzo
066104,Villa Santa Lucia degli Abruzzi,AQ,L'Aquila,Abruzzo
066105,Villa Sant'Angelo,AQ,L'Aquila,Abruzzo
066106,Villavallelonga,AQ,L'Aquila,Abruzzo
066107,Villetta Barrea,AQ,L'Aquila,Abruzzo
066108,Vittorito,AQ,L'Aquila,Abruzzo
067001,Alba Adriatica,TE,Teramo,Abruzzo
067002,Ancarano,TE,Teramo,Abruzzo
067003,Arsita,TE,Teramo,Abruzzo
067004,Atri,TE,Teramo,Abruzzo
067005,Basciano,TE,Teramo,Abruzzo
067006,Bellante,TE,Teramo,Abruzzo
067007,Bisenti,TE,Teramo,Abruzzo
067008,Campli,TE,Teramo,Abruzzo
067009,Canzano,TE,Teramo,Abruzzo
067010,Castel Castagna,TE,Teramo,Abruzzo
067011,Castellalto,TE,Teramo,Abruzzo
067012,Castelli,TE,Teramo,Abruzzo
067013,Castiglione Messer Raimondo,TE,Teramo,Abruzzo
067014,Castilenti,TE,Teramo,Abruzzo
067015,Cellino Attanasio,TE,Teramo,Abruzzo
067016,Cermignano,TE,Teramo,Abruzzo
067017,Civitella del Tronto,TE,Teramo,Abruzzo
067018,Colledara,TE,Teramo,Abruzzo
067019,Colonnella,TE,Teramo,Abruzzo
067020,Controguerra,TE,Teramo,Abruzzo
067021,Corropoli,TE,Teramo,Abruzzo
067022,Cortino,TE,Teramo,Abruzzo
067023,Crognaleto,TE,Teramo,Abruzzo
067024,Fano Adriano,TE,Teramo,Abruzzo
067025,Giulianova,TE,Teramo,Abruzzo
067026,Isola del Gran Sasso d'Italia,TE,Teramo,Abruzzo
067027,Montefino,TE,Teramo,Abruzzo
067028,Montorio al Vomano,TE,Teramo,Abruzzo
067029,Morro d'Oro,TE,Teramo,Abruzzo
067030,Mosciano Sant'Angelo,TE,Teramo,Abruzzo
067031,Nereto,TE,Teramo,Abruzzo
067032,Notaresco,TE,Teramo,Abruzzo
067033,Penna Sant'Andrea,TE,Teramo,Abruzzo
067034,Pietracamela,TE,Teramo,Abruzzo
067035,Pineto,TE,Teramo,Abruzzo
067036,Rocca Santa Maria,TE,Teramo,Abruzzo
067037,Roseto degli Abruzzi,TE,Teramo,Abruzzo
067038,Sant'Egidio alla Vibrata,TE,Teramo,Abruzzo
067039,Sant'Omero,TE,Teramo,Abruzzo
067040,Silvi,TE,Teramo,Abruzzo
067041,Teramo,TE,Teramo,Abruzzo
067042,Torano Nuovo,TE,Teramo,Abruzzo
067043,Torricella Sicura,TE,Teramo,Abruzzo
067044,Tortoreto,TE,Teramo,Abruzzo
067045,Tossicia,TE,Teramo,Abruzzo
067046,Valle Castellana,TE,Teramo,Abruzzo
067047,Martinsicuro,TE,Teramo,Abruzzo
068001,Abbateggio,PE,Pescara,Abruzzo
068002,Alanno,PE,Pescara,Abruzzo
068003,Bolognano,PE,Pescara,Abruzzo
068004,Brittoli,PE,Pescara,Abruzzo
068005,Bussi sul Tirino,PE,Pescara,Abruzzo
068006,Cappelle sul Tavo,PE,Pescara,Abruzzo
068007,Caramanico Terme,PE,Pescara,Abruzzo
068008,Carpineto della Nora,PE,Pescara,Abruzzo
068009,Castiglione a Casauria,PE,Pescara,Abruzzo
068010,Catignano,PE,Pescara,Abruzzo
068011,Cepagatti,PE,Pescara,Abruzzo
068012,Città Sant'Angelo,PE,Pescara,Abruzzo
068013,Civitaquana,PE,Pescara,Abruzzo
068014,Civitella Casanova,PE,Pescara,Abruzzo
068015,Collecorvino,PE,Pescara,Abruzzo
068016,Corvara,PE,Pescara,Abruzzo
068017,Cugnoli,PE,Pescara,Abruzzo
068018,Elice,PE,Pescara,Abruzzo
068019,Farindola,PE,Pescara,Abruzzo
068020,Lettomanoppello,PE,Pescara,Abruzzo
068021,Loreto Aprutino,PE,Pescara,Abruzzo
068022,Manoppello,PE,Pescara,Abruzzo
068023,Montebello di Bertona,PE,Pescara,Abruzzo
068024,Montesilvano,PE,Pescara,Abruzzo
068025,Moscufo,PE,Pescara,Abruzzo
068026,Nocciano,PE,Pescara,Abruzzo
068027,Penne,PE,Pescara,Abruzzo
068028,Pescara,PE,Pescara,Abruzzo
068029,Pescosansonesco,PE,Pescara,Abruzzo
068030,Pianella,PE,Pescara,Abruzzo
068031,Picciano,PE,Pescara,Abruzzo
068032,Pietranico,PE,Pescara,Abruzzo
068033,Popoli Terme,PE,Pescara,Abruzzo
068034,Roccamorice,PE,Pescara,Abruzzo
068035,Rosciano,PE,Pescara,Abruzzo
068036,Salle,PE,Pescara,Abruzzo
068037,Sant'Eufemia a Maiella,PE,Pescara,Abruzzo
068038,San Valentino in Abruzzo Citeriore,PE,Pescara,Abruzzo
068039,Scafa,PE,Pescara,Abruzzo
068040,Serramonacesca,PE,Pescara,Abruzzo
068041,Spoltore,PE,Pescara,Abruzzo
068042,Tocco da Casauria,PE,Pescara,Abruzzo
068043,Torre de' Passeri,PE,Pescara,Abruzzo
068044,Turrivalignani,PE,Pescara,Abruzzo
068045,Vicoli,PE,Pescara,Abruzzo
068046,Villa Celiera,PE,Pescara,Abruzzo
069001,Altino,CH,Chieti,Abruzzo
069002,Archi,CH,Chieti,Abruzzo
069003,Ari,CH,Chieti,Abruzzo
069004,Arielli,CH,Chieti,Abruzzo
069005,Atessa,CH,Chieti,Abruzzo
069006,Bomba,CH,Chieti,Abruzzo
069007,Borrello,CH,Chieti,Abruzzo
069008,Bucchianico,CH,Chieti,Abruzzo
069009,Montebello sul Sangro,CH,Chieti,Abruzzo
069010,Canosa Sannita,CH,Chieti,Abruzzo
069011,Carpineto Sinello,CH,Chieti,Abruzzo
069012,Carunchio,CH,Chieti,Abruzzo
069013,Casacanditella,CH,Chieti,Abruzzo
069014,Casalanguida,CH,Chieti,Abruzzo
069015,Casalbordino,CH,Chieti,Abruzzo
069016,Casalincontrada,CH,Chieti,Abruzzo
069017,Casoli,CH,Chieti,Abruzzo
069018,Castel Frentano,CH,Chieti,Abruzzo
069019,Castelguidone,CH,Chieti,Abruzzo
069020,Castiglione Messer Marino,CH,Chieti,Abruzzo
069021,Celenza sul Trigno,CH,Chieti,Abruzzo
069022,Chieti,CH,Chieti,Abruzzo
069023,Civitaluparella,CH,Chieti,Abruzzo
069024,Civitella Messer Raimondo,CH,Chieti,Abruzzo
069025,Colledimacine,CH,Chieti,Abruzzo
069026,Colledimezzo,CH,Chieti,Abruzzo
069027,Crecchio,CH,Chieti,Abruzzo
069028,Cupello,CH,Chieti,Abruzzo
069029,Dogliola,CH,Chieti,Abruzzo
069030,Fara Filiorum Petri,CH,Chieti,Abruzzo
069031,Fara San Martino,CH,Chieti,Abruzzo
069032,Filetto,CH,Chieti,Abruzzo
069033,Fossacesia,CH,Chieti,Abruzzo
069034,Fraine,CH,Chieti,Abruzzo
069035,Francavilla al Mare,CH,Chieti,Abruzzo
069036,Fresagrandinaria,CH,Chieti,Abruzzo
069037,Frisa,CH,Chieti,Abruzzo
069038,Furci,CH,Chieti,Abruzzo
069039,Gamberale,CH,Chieti,Abruzzo
069040,Gessopalena,CH,Chieti,Abruzzo
069041,Gissi,CH,Chieti,Abruzzo
069042,Giuliano Teatino,CH,Chieti,Abruzzo
069043,Guardiagrele,CH,Chieti,Abruzzo
069044,Guilmi,CH,Chieti,Abruzzo
069045,Lama dei Peligni,CH,Chieti,Abruzzo
069046,Lanciano,CH,Chieti,Abruzzo
069047,Lentella,CH,Chieti,Abruzzo
069048,Lettopalena,CH,Chieti,Abruzzo
069049,Liscia,CH,Chieti,Abruzzo
069050,Miglianico,CH,Chieti,Abruzzo
069051,Montazzoli,CH,Chieti,Abruzzo
069052,Monteferrante,CH,Chieti,Abruzzo
069053,Montelapiano,CH,Chieti,Abruzzo
069054,Montenerodomo,CH,Chieti,Abruzzo
069055,Monteodorisio,CH,Chieti,Abruzzo
069056,Mozzagrogna,CH,Chieti,Abruzzo
069057,Orsogna,CH,Chieti,Abruzzo
069058,Ortona,CH,Chieti,Abruzzo
069059,Paglieta,CH,Chieti,Abruzzo
069060,Palena,CH,Chieti,Abruzzo
069061,Palmoli,CH,Chieti,Abruzzo
069062,Palombaro,CH,Chieti,Abruzzo
069063,Pennadomo,CH,Chieti,Abruzzo
069064,Pennapiedimonte,CH,Chieti,Abruzzo
069065,Perano,CH,Chieti,Abruzzo
069066,Pizzoferrato,CH,Chieti,Abruzzo
069067,Poggiofiorito,CH,Chieti,Abruzzo
069068,Pollutri,CH,Chieti,Abruzzo
069069,Pretoro,CH,Chieti,Abruzzo
069070,Quadri,CH,Chieti,Abruzzo
069071,Rapino,CH,Chieti,Abruzzo
069072,Ripa Teatina,CH,Chieti,Abruzzo
069073,Roccamontepiano,CH,Chieti,Abruzzo
069074,Rocca San Giovanni,CH,Chieti,Abruzzo
069075,Roccascalegna,CH,Chieti,Abruzzo
069076,Roccaspinalveti,CH,Chieti,Abruzzo
069077,Roio del Sangro,CH,Chieti,Abruzzo
069078,Rosello,CH,Chieti,Abruzzo
069079,San Buono,CH,Chieti,Abruzzo
069080,San Giovanni Lipioni,CH,Chieti,Abruzzo
069081,San Giovanni Teatino,CH,Chieti,Abruzzo
069082,San Martino sulla Marrucina,CH,Chieti,Abruzzo
069083,San Salvo,CH,Chieti,Abruzzo
069084,Santa Maria Imbaro,CH,Chieti,Abruzzo
069085,Sant'Eusanio del Sangro,CH,Chieti,Abruzzo
069086,San Vito Chietino,CH,Chieti,Abruzzo
069087,Scerni,CH,Chieti,Abruzzo
069088,Schiavi di Abruzzo,CH,Chieti,Abruzzo
069089,Taranta Peligna,CH,Chieti,Abruzzo
069090,Tollo,CH,Chieti,Abruzzo
069091,Torino di Sangro,CH,Chieti,Abruzzo
069092,Tornareccio,CH,Chieti,Abruzzo
069093,Torrebruna,CH,Chieti,Abruzzo
069094,Torrevecchia Teatina,CH,Chieti,Abruzzo
069095,Torricella Peligna,CH,Chieti,Abruzzo
069096,Treglio,CH,Chieti,Abruzzo
069097,Tufillo,CH,Chieti,Abruzzo
069098,Vacri,CH,Chieti,Abruzzo
069099,Vasto,CH,Chieti,Abruzzo
069100,Villalfonsina,CH,Chieti,Abruzzo
069101,Villamagna,CH,Chieti,Abruzzo
069102,Villa Santa Maria,CH,Chieti,Abruzzo
069103,Pietraferrazzana,CH,Chieti,Abruzzo
069104,Fallo,CH,Chieti,Abruzzo
070001,Acquaviva Collecroce,CB,Campobasso,Molise
070002,Baranello,CB,Campobasso,Molise
070003,Bojano,CB,Campobasso,Molise
070004,Bonefro,CB,Campobasso,Molise
070005,Busso,CB,Campobasso,Molise
070006,Campobasso,CB,Campobasso,Molise
070007,Campochiaro,CB,Campobasso,Molise
070008,Campodipietra,CB,Campobasso,Molise
070009,Campolieto,CB,Campobasso,Molise
070010,Campomarino,CB,Campobasso,Molise
070011,Casacalenda,CB,Campobasso,Molise
070012,Casalciprano,CB,Campobasso,Molise
070013,Castelbottaccio,CB,Campobasso,Molise
070014,Castellino del Biferno,CB,Campobasso,Molise
070015,Castelmauro,CB,Campobasso,Molise
070016,Castropignano,CB,Campobasso,Molise
070017,Cercemaggiore,CB,Campobasso,Molise
070018,Cercepiccola,CB,Campobasso,Molise
070019,Civitacampomarano,CB,Campobasso,Molise
070020,Colle d'Anchise,CB,Campobasso,Molise
070021,Colletorto,CB,Campobasso,Molise
070022,Duronia,CB,Campobasso,Molise
070023,Ferrazzano,CB,Campobasso,Molise
070024,Fossalto,CB,Campobasso,Molise
070025,Gambatesa,CB,Campobasso,Molise
070026,Gildone,CB,Campobasso,Molise
070027,Guardialfiera,CB,Campobasso,Molise
070028,Guardiaregia,CB,Campobasso,Molise
070029,Guglionesi,CB,Campobasso,Molise
070030,Jelsi,CB,Campobasso,Molise
070031,Larino,CB,Campobasso,Molise
070032,Limosano,CB,Campobasso,Molise
070033,Lucito,CB,Campobasso,Molise
070034,Lupara,CB,Campobasso,Molise
070035,Macchia Valfortore,CB,Campobasso,Molise
070036,Mafalda,CB,Campobasso,Molise
070037,Matrice,CB,Campobasso,Molise
070038,Mirabello Sannitico,CB,Campobasso,Molise
070039,Molise,CB,Campobasso,Molise
070040,Monacilioni,CB,Campobasso,Molise
070041,Montagano,CB,Campobasso,Molise
070042,Montecilfone,CB,Campobasso,Molise
070043,Montefalcone nel Sannio,CB,Campobasso,Molise
070044,Montelongo,CB,Campobasso,Molise
070045,Montemitro,CB,Campobasso,Molise
070046,Montenero di Bisaccia,CB,Campobasso,Molise
070047,Montorio nei Frentani,CB,Campobasso,Molise
070048,Morrone del Sannio,CB,Campobasso,Molise
070049,Oratino,CB,Campobasso,Molise
070050,Palata,CB,Campobasso,Molise
070051,Petacciato,CB,Campobasso,Molise
070052,Petrella Tifernina,CB,Campobasso,Molise
070053,Pietracatella,CB,Campobasso,Molise
070054,Pietracupa,CB,Campobasso,Molise
070055,Portocannone,CB,Campobasso,Molise
070056,Provvidenti,CB,Campobasso,Molise
070057,Riccia,CB,Campobasso,Molise
070058,Ripabottoni,CB,Campobasso,Molise
070059,Ripalimosani,CB,Campobasso,Molise
070060,Roccavivara,CB,Campobasso,Molise
070061,Rotello,CB,Campobasso,Molise
070062,Salcito,CB,Campobasso,Molise
070063,San Biase,CB,Campobasso,Molise
070064,San Felice del Molise,CB,Campobasso,Molise
070065,San Giacomo degli Schiavoni,CB,Campobasso,Molise
070066,San Giovanni in Galdo,CB,Campobasso,Molise
070067,San Giuliano del Sannio,CB,Campobasso,Molise
070068,San Giuliano di Puglia,CB,Campobasso,Molise
070069,San Martino in Pensilis,CB,Campobasso,Molise
070070,San Massimo,CB,Campobasso,Molise
070071,San Polo Matese,CB,Campobasso,Molise
070072,Santa Croce di Magliano,CB,Campobasso,Molise
070073,Sant'Angelo Limosano,CB,Campobasso,Molise
070074,Sant'Elia a Pianisi,CB,Campobasso,Molise
070075,Sepino,CB,Campobasso,Molise
070076,Spinete,CB,Campobasso,Molise
070077,Tavenna,CB,Campobasso,Molise
070078,Termoli,CB,Campobasso,Molise
070079,Torella del Sannio,CB,Campobasso,Molise
070080,Toro,CB,Campobasso,Molise
070081,Trivento,CB,Campobasso,Molise
070082,Tufara,CB,Campobasso,Molise
070083,Ururi,CB,Campobasso,Molise
070084,Vinchiaturo,CB,Campobasso,Molise
094001,Acquaviva d'Isernia,IS,Isernia,Molise
094002,Agnone,IS,Isernia,Molise
094003,Bagnoli del Trigno,IS,Isernia,Molise
094004,Belmonte del Sannio,IS,Isernia,Molise
094005,Cantalupo nel Sannio,IS,Isernia,Molise
094006,Capracotta,IS,Isernia,Molise
094007,Carovilli,IS,Isernia,Molise
094008,Carpinone,IS,Isernia,Molise
094009,Castel del Giudice,IS,Isernia,Molise
094010,Castelpetroso,IS,Isernia,Molise
094011,Castelpizzuto,IS,Isernia,Molise
094012,Castel San Vincenzo,IS,Isernia,Molise
094013,Castelverrino,IS,Isernia,Molise
094014,Cerro al Volturno,IS,Isernia,Molise
094015,Chiauci,IS,Isernia,Molise
094016,Civitanova del Sannio,IS,Isernia,Molise
094017,Colli a Volturno,IS,Isernia,Molise
094018,Conca Casale,IS,Isernia,Molise
094019,Filignano,IS,Isernia,Molise
094020,Forlì del Sannio,IS,Isernia,Molise
094021,Fornelli,IS,Isernia,Molise
094022,Frosolone,IS,Isernia,Molise
094023,Isernia,IS,Isernia,Molise
094024,Longano,IS,Isernia,Molise
094025,Macchia d'Isernia,IS,Isernia,Molise
094026,Macchiagodena,IS,Isernia,Molise
094027,Miranda,IS,Isernia,Molise
094028,Montaquila,IS,Isernia,Molise
094029,Montenero Val Cocchiara,IS,Isernia,Molise
094030,Monteroduni,IS,Isernia,Molise
094031,Pesche,IS,Isernia,Molise
094032,Pescolanciano,IS,Isernia,Molise
094033,Pescopennataro,IS,Isernia,Molise
094034,Pettoranello del Molise,IS,Isernia,Molise
094035,Pietrabbondante,IS,Isernia,Molise
094036,Pizzone,IS,Isernia,Molise
094037,Poggio Sannita,IS,Isernia,Molise
094038,Pozzilli,IS,Isernia,Molise
094039,Rionero Sannitico,IS,Isernia,Molise
094040,Roccamandolfi,IS,Isernia,Molise
094041,Roccasicura,IS,Isernia,Molise
094042,Rocchetta a Volturno,IS,Isernia,Molise
094043,San Pietro Avellana,IS,Isernia,Molise
094044,Sant'Agapito,IS,Isernia,Molise
094045,Santa Maria del Molise,IS,Isernia,Molise
094046,Sant'Angelo del Pesco,IS,Isernia,Molise
094047,Sant'Elena Sannita,IS,Isernia,Molise
094048,Scapoli,IS,Isernia,Molise
094049,Sessano del Molise,IS,Isernia,Molise
094050,Sesto Campano,IS,Isernia,Molise
094051,Vastogirardi,IS,Isernia,Molise
094052,Venafro,IS,Isernia,Molise
061001,Ailano,CE,Caserta,Campania
061002,Alife,CE,Caserta,Campania
061003,Alvignano,CE,Caserta,Campania
061004,Arienzo,CE,Caserta,Campania
061005,Aversa,CE,Caserta,Campania
061006,Baia e Latina,CE,Caserta,Campania
061007,Bellona,CE,Caserta,Campania
061008,Caianello,CE,Caserta,Campania
061009,Caiazzo,CE,Caserta,Campania
061010,Calvi Risorta,CE,Caserta,Campania
061011,Camigliano,CE,Caserta,Campania
061012,Cancello ed Arnone,CE,Caserta,Campania
061013,Capodrise,CE,Caserta,Campania
061014,Capriati a Volturno,CE,Caserta,Campania
061015,Capua,CE,Caserta,Campania
061016,Carinaro,CE,Caserta,Campania
061017,Carinola,CE,Caserta,Campania
061018,Casagiove,CE,Caserta,Campania
061019,Casal di Principe,CE,Caserta,Campania
061020,Casaluce,CE,Caserta,Campania
061021,Casapulla,CE,Caserta,Campania
061022,Caserta,CE,Caserta,Campania
061023,Castel Campagnano,CE,Caserta,Campania
061024,Castel di Sasso,CE,Caserta,Campania
061025,Castello del Matese,CE,Caserta,Campania
061026,Castel Morrone,CE,Caserta,Campania
061027,Castel Volturno,CE,Caserta,Campania
061028,Cervino,CE,Caserta,Campania
061029,Cesa,CE,Caserta,Campania
061030,Ciorlano,CE,Caserta,Campania
061031,Conca della Campania,CE,Caserta,Campania
061032,Curti,CE,Caserta,Campania
061033,Dragoni,CE,Caserta,Campania
061034,Fontegreca,CE,Caserta,Campania
061035,Formicola,CE,Caserta,Campania
061036,Francolise,CE,Caserta,Campania
061037,Frignano,CE,Caserta,Campania
061038,Gallo Matese,CE,Caserta,Campania
061039,Galluccio,CE,Caserta,Campania
061040,Giano Vetusto,CE,Caserta,Campania
061041,Gioia Sannitica,CE,Caserta,Campania
061042,Grazzanise,CE,Caserta,Campania
061043,Gricignano di Aversa,CE,Caserta,Campania
061044,Letino,CE,Caserta,Campania
061045,Liberi,CE,Caserta,Campania
061046,Lusciano,CE,Caserta,Campania
061047,Macerata Campania,CE,Caserta,Campania
061048,Maddaloni,CE,Caserta,Campania
061049,Marcianise,CE,Caserta,Campania
061050,Marzano Appio,CE,Caserta,Campania
061051,Mignano Monte Lungo,CE,Caserta,Campania
061052,Mondragone,CE,Caserta,Campania
061053,Orta di Atella,CE,Caserta,Campania
061054,Parete,CE,Caserta,Campania
061055,Pastorano,CE,Caserta,Campania
061056,Piana di Monte Verna,CE,Caserta,Campania
061057,Piedimonte Matese,CE,Caserta,Campania
061058,Pietramelara,CE,Caserta,Campania
061059,Pietravairano,CE,Caserta,Campania
061060,Pignataro Maggiore,CE,Caserta,Campania
061061,Pontelatone,CE,Caserta,Campania
061062,Portico di Caserta,CE,Caserta,Campania
061063,Prata Sannita,CE,Caserta,Campania
061064,Pratella,CE,Caserta,Campania
061065,Presenzano,CE,Caserta,Campania
061066,Raviscanina,CE,Caserta,Campania
061067,Recale,CE,Caserta,Campania
061068,Riardo,CE,Caserta,Campania
061069,Rocca d'Evandro,CE,Caserta,Campania
061070,Roccamonfina,CE,Caserta,Campania
061071,Roccaromana,CE,Caserta,Campania
061072,Rocchetta e Croce,CE,Caserta,Campania
061073,Ruviano,CE,Caserta,Campania
061074,San Cipriano d'Aversa,CE,Caserta,Campania
061075,San Felice a Cancello,CE,Caserta,Campania
061076,San Gregorio Matese,CE,Caserta,Campania
061077,San Marcellino,CE,Caserta,Campania
061078,San Nicola la Strada,CE,Caserta,Campania
061079,San Pietro Infine,CE,Caserta,Campania
061080,San Potito Sannitico,CE,Caserta,Campania
061081,San Prisco,CE,Caserta,Campania
061082,Santa Maria a Vico,CE,Caserta,Campania
061083,Santa Maria Capua Vetere,CE,Caserta,Campania
061084,Santa Maria la Fossa,CE,Caserta,Campania
061085,San Tammaro,CE,Caserta,Campania
061086,Sant'Angelo d'Alife,CE,Caserta,Campania
061087,Sant'Arpino,CE,Caserta,Campania
061088,Sessa Aurunca,CE,Caserta,Campania
061089,Sparanise,CE,Caserta,Campania
061090,Succivo,CE,Caserta,Campania
061091,Teano,CE,Caserta,Campania
061092,Teverola,CE,Caserta,Campania
061093,Tora e Piccilli,CE,Caserta,Campania
061094,Trentola Ducenta,CE,Caserta,Campania
061095,Vairano Patenora,CE,Caserta,Campania
061096,Valle Agricola,CE,Caserta,Campania
061097,Valle di Maddaloni,CE,Caserta,Campania
061098,Villa di Briano,CE,Caserta,Campania
061099,Villa Literno,CE,Caserta,Campania
061100,Vitulazio,CE,Caserta,Campania
061101,Falciano del Massico,CE,Caserta,Campania
061102,Cellole,CE,Caserta,Campania
061103,Casapesenna,CE,Caserta,Campania
061104,San Marco Evangelista,CE,Caserta,Campania
062001,Airola,BN,Benevento,Campania
062002,Amorosi,BN,Benevento,Campania
062003,Apice,BN,Benevento,Campania
062004,Apollosa,BN,Benevento,Campania
062005,Arpaia,BN,Benevento,Campania
062006,Arpaise,BN,Benevento,Campania
062007,Baselice,BN,Benevento,Campania
062008,Benevento,BN,Benevento,Campania
062009,Bonea,BN,Benevento,Campania
062010,Bucciano,BN,Benevento,Campania
062011,Buonalbergo,BN,Benevento,Campania
062012,Calvi,BN,Benevento,Campania
062013,Campolattaro,BN,Benevento,Campania
062014,Campoli del Monte Taburno,BN,Benevento,Campania
062015,Casalduni,BN,Benevento,Campania
062016,Castelfranco in Miscano,BN,Benevento,Campania
062017,Castelpagano,BN,Benevento,Campania
062018,Castelpoto,BN,Benevento,Campania
062019,Castelvenere,BN,Benevento,Campania
062020,Castelvetere in Val Fortore,BN,Benevento,Campania
062021,Cautano,BN,Benevento,Campania
062022,Ceppaloni,BN,Benevento,Campania
062023,Cerreto Sannita,BN,Benevento,Campania
062024,Circello,BN,Benevento,Campania
062025,Colle Sannita,BN,Benevento,Campania
062026,Cusano Mutri,BN,Benevento,Campania
062027,Dugenta,BN,Benevento,Campania
062028,Durazzano,BN,Benevento,Campania
062029,Faicchio,BN,Benevento,Campania
062030,Foglianise,BN,Benevento,Campania
062031,Foiano di Val Fortore,BN,Benevento,Campania
062032,Forchia,BN,Benevento,Campania
062033,Fragneto l'Abate,BN,Benevento,Campania
062034,Fragneto Monforte,BN,Benevento,Campania
062035,Frasso Telesino,BN,Benevento,Campania
062036,Ginestra degli Schiavoni,BN,Benevento,Campania
062037,Guardia Sanframondi,BN,Benevento,Campania
062038,Limatola,BN,Benevento,Campania
062039,Melizzano,BN,Benevento,Campania
062040,Moiano,BN,Benevento,Campania
062041,Molinara,BN,Benevento,Campania
062042,Montefalcone di Val Fortore,BN,Benevento,Campania
062043,Montesarchio,BN,Benevento,Campania
062044,Morcone,BN,Benevento,Campania
062045,Paduli,BN,Benevento,Campania
062046,Pago Veiano,BN,Benevento,Campania
062047,Pannarano,BN,Benevento,Campania
062048,Paolisi,BN,Benevento,Campania
062049,Paupisi,BN,Benevento,Campania
062050,Pesco Sannita,BN,Benevento,Campania
062051,Pietraroja,BN,Benevento,Campania
062052,Pietrelcina,BN,Benevento,Campania
062053,Ponte,BN,Benevento,Campania
062054,Pontelandolfo,BN,Benevento,Campania
062055,Puglianello,BN,Benevento,Campania
062056,Reino,BN,Benevento,Campania
062057,San Bartolomeo in Galdo,BN,Benevento,Campania
062058,San Giorgio del Sannio,BN,Benevento,Campania
062059,San Giorgio La Molara,BN,Benevento,Campania
062060,San Leucio del Sannio,BN,Benevento,Campania
062061,San Lorenzello,BN,Benevento,Campania
062062,San Lorenzo Maggiore,BN,Benevento,Campania
062063,San Lupo,BN,Benevento,Campania
062064,San Marco dei Cavoti,BN,Benevento,Campania
062065,San Martino Sannita,BN,Benevento,Campania
062066,San Nazzaro,BN,Benevento,Campania
062067,San Nicola Manfredi,BN,Benevento,Campania
062068,San Salvatore Telesino,BN,Benevento,Campania
062069,Santa Croce del Sannio,BN,Benevento,Campania
062070,Sant'Agata de' Goti,BN,Benevento,Campania
062071,Sant'Angelo a Cupolo,BN,Benevento,Campania
062072,Sassinoro,BN,Benevento,Campania
062073,Solopaca,BN,Benevento,Campania
062074,Telese Terme,BN,Benevento,Campania
062075,Tocco Caudio,BN,Benevento,Campania
062076,Torrecuso,BN,Benevento,Campania
062077,Vitulano,BN,Benevento,Campania
062078,Sant'Arcangelo Trimonte,BN,Benevento,Campania
063001,Acerra,NA,Napoli,Campania
063002,Afragola,NA,Napoli,Campania
063003,Agerola,NA,Napoli,Campania
063004,Anacapri,NA,Napoli,Campania
063005,Arzano,NA,Napoli,Campania
063006,Bacoli,NA,Napoli,Campania
063007,Barano d'Ischia,NA,Napoli,Campania
063008,Boscoreale,NA,Napoli,Campania
063009,Boscotrecase,NA,Napoli,Campania
063010,Brusciano,NA,Napoli,Campania
063011,Caivano,NA,Napoli,Campania
063012,Calvizzano,NA,Napoli,Campania
063013,Camposano,NA,Napoli,Campania
063014,Capri,NA,Napoli,Campania
063015,Carbonara di Nola,NA,Napoli,Campania
063016,Cardito,NA,Napoli,Campania
063017,Casalnuovo di Napoli,NA,Napoli,Campania
063018,Casamarciano,NA,Napoli,Campania
063019,Casamicciola Terme,NA,Napoli,Campania
063020,Casandrino,NA,Napoli,Campania
063021,Casavatore,NA,Napoli,Campania
063022,Casola di Napoli,NA,Napoli,Campania
063023,Casoria,NA,Napoli,Campania
063024,Castellammare di Stabia,NA,Napoli,Campania
063025,Castello di Cisterna,NA,Napoli,Campania
063026,Cercola,NA,Napoli,Campania
063027,Cicciano,NA,Napoli,Campania
063028,Cimitile,NA,Napoli,Campania
063029,Comiziano,NA,Napoli,Campania
063030,Crispano,NA,Napoli,Campania
063031,Forio,NA,Napoli,Campania
063032,Frattamaggiore,NA,Napoli,Campania
063033,Frattaminore,NA,Napoli,Campania
063034,Giugliano in Campania,NA,Napoli,Campania
063035,Gragnano,NA,Napoli,Campania
063036,Grumo Nevano,NA,Napoli,Campania
063037,Ischia,NA,Napoli,Campania
063038,Lacco Ameno,NA,Napoli,Campania
063039,Lettere,NA,Napoli,Campania
063040,Liveri,NA,Napoli,Campania
063041,Marano di Napoli,NA,Napoli,Campania
063042,Mariglianella,NA,Napoli,Campania
063043,Marigliano,NA,Napoli,Campania
063044,Massa Lubrense,NA,Napoli,Campania
063045,Melito di Napoli,NA,Napoli,Campania
063046,Meta,NA,Napoli,Campania
063047,Monte di Procida,NA,Napoli,Campania
063048,Mugnano di Napoli,NA,Napoli,Campania
063049,Napoli,NA,Napoli,Campania
063050,Nola,NA,Napoli,Campania
063051,Ottaviano,NA,Napoli,Campania
063052,Palma Campania,NA,Napoli,Campania
063053,Piano di Sorrento,NA,Napoli,Campania
063054,Pimonte,NA,Napoli,Campania
063055,Poggiomarino,NA,Napoli,Campania
063056,Pollena Trocchia,NA,Napoli,Campania
063057,Pomigliano d'Arco,NA,Napoli,Campania
063058,Pompei,NA,Napoli,Campania
063059,Portici,NA,Napoli,Campania
063060,Pozzuoli,NA,Napoli,Campania
063061,Procida,NA,Napoli,Campania
063062,Qualiano,NA,Napoli,Campania
063063,Quarto,NA,Napoli,Campania
063064,Ercolano,NA,Napoli,Campania
063065,Roccarainola,NA,Napoli,Campania
063066,San Gennaro Vesuviano,NA,Napoli,Campania
063067,San Giorgio a Cremano,NA,Napoli,Campania
063068,San Giuseppe Vesuviano,NA,Napoli,Campania
063069,San Paolo Bel Sito,NA,Napoli,Campania
063070,San Sebastiano al Vesuvio,NA,Napoli,Campania
063071,Sant'Agnello,NA,Napoli,Campania
063072,Sant'Anastasia,NA,Napoli,Campania
063073,Sant'Antimo,NA,Napoli,Campania
063074,Sant'Antonio Abate,NA,Napoli,Campania
063075,San Vitaliano,NA,Napoli,Campania
063076,Saviano,NA,Napoli,Campania
063077,Scisciano,NA,Napoli,Campania
063078,Serrara Fontana,NA,Napoli,Campania
063079,Somma Vesuviana,NA,Napoli,Campania
063080,Sorrento,NA,Napoli,Campania
063081,Striano,NA,Napoli,Campania
063082,Terzigno,NA,Napoli,Campania
063083,Torre Annunziata,NA,Napoli,Campania
063084,Torre del Greco,NA,Napoli,Campania
063085,Tufino,NA,Napoli,Campania
063086,Vico Equense,NA,Napoli,Campania
063087,Villaricca,NA,Napoli,Campania
063088,Visciano,NA,Napoli,Campania
063089,Volla,NA,Napoli,Campania
063090,Santa Maria la Carità,NA,Napoli,Campania
063091,Trecase,NA,Napoli,Campania
063092,Massa di Somma,NA,Napoli,Campania
064001,Aiello del Sabato,AV,Avellino,Campania
064002,Altavilla Irpina,AV,Avellino,Campania
064003,Andretta,AV,Avellino,Campania
064004,Aquilonia,AV,Avellino,Campania
064005,Ariano Irpino,AV,Avellino,Campania
064006,Atripalda,AV,Avellino,Campania
064007,Avella,AV,Avellino,Campania
064008,Avellino,AV,Avellino,Campania
064009,Bagnoli Irpino,AV,Avellino,Campania
064010,Baiano,AV,Avellino,Campania
064011,Bisaccia,AV,Avellino,Campania
064012,Bonito,AV,Avellino,Campania
064013,Cairano,AV,Avellino,Campania
064014,Calabritto,AV,Avellino,Campania
064015,Calitri,AV,Avellino,Campania
064016,Candida,AV,Avellino,Campania
064017,Caposele,AV,Avellino,Campania
064018,Capriglia Irpina,AV,Avellino,Campania
064019,Carife,AV,Avellino,Campania
064020,Casalbore,AV,Avellino,Campania
064021,Cassano Irpino,AV,Avellino,Campania
064022,Castel Baronia,AV,Avellino,Campania
064023,Castelfranci,AV,Avellino,Campania
064024,Castelvetere sul Calore,AV,Avellino,Campania
064025,Cervinara,AV,Avellino,Campania
064026,Cesinali,AV,Avellino,Campania
064027,Chianche,AV,Avellino,Campania
064028,Chiusano di San Domenico,AV,Avellino,Campania
064029,Contrada,AV,Avellino,Campania
064030,Conza della Campania,AV,Avellino,Campania
064031,Domicella,AV,Avellino,Campania
064032,Flumeri,AV,Avellino,Campania
064033,Fontanarosa,AV,Avellino,Campania
064034,Forino,AV,Avellino,Campania
064035,Frigento,AV,Avellino,Campania
064036,Gesualdo,AV,Avellino,Campania
064037,Greci,AV,Avellino,Campania
064038,Grottaminarda,AV,Avellino,Campania
064039,Grottolella,AV,Avellino,Campania
064040,Guardia Lombardi,AV,Avellino,Campania
064041,Lacedonia,AV,Avellino,Campania
064042,Lapio,AV,Avellino,Campania
064043,Lauro,AV,Avellino,Campania
064044,Lioni,AV,Avellino,Campania
064045,Luogosano,AV,Avellino,Campania
064046,Manocalzati,AV,Avellino,Campania
064047,Marzano di Nola,AV,Avellino,Campania
064048,Melito Irpino,AV,Avellino,Campania
064049,Mercogliano,AV,Avellino,Campania
064050,Mirabella Eclano,AV,Avellino,Campania
064051,Montaguto,AV,Avellino,Campania
064052,Montecalvo Irpino,AV,Avellino,Campania
064053,Montefalcione,AV,Avellino,Campania
064054,Monteforte Irpino,AV,Avellino,Campania
064055,Montefredane,AV,Avellino,Campania
064056,Montefusco,AV,Avellino,Campania
064057,Montella,AV,Avellino,Campania
064058,Montemarano,AV,Avellino,Campania
064059,Montemiletto,AV,Avellino,Campania
064060,Monteverde,AV,Avellino,Campania
064063,Morra De Sanctis,AV,Avellino,Campania
064064,Moschiano,AV,Avellino,Campania
064065,Mugnano del Cardinale,AV,Avellino,Campania
064066,Nusco,AV,Avellino,Campania
064067,Ospedaletto d'Alpinolo,AV,Avellino,Campania
064068,Pago del Vallo di Lauro,AV,Avellino,Campania
064069,Parolise,AV,Avellino,Campania
064070,Paternopoli,AV,Avellino,Campania
064071,Petruro Irpino,AV,Avellino,Campania
064072,Pietradefusi,AV,Avellino,Campania
064073,Pietrastornina,AV,Avellino,Campania
064074,Prata di Principato Ultra,AV,Avellino,Campania
064075,Pratola Serra,AV,Avellino,Campania
064076,Quadrelle,AV,Avellino,Campania
064077,Quindici,AV,Avellino,Campania
064078,Roccabascerana,AV,Avellino,Campania
064079,Rocca San Felice,AV,Avellino,Campania
064080,Rotondi,AV,Avellino,Campania
064081,Salza Irpina,AV,Avellino,Campania
064082,San Mango sul Calore,AV,Avellino,Campania
064083,San Martino Valle Caudina,AV,Avellino,Campania
064084,San Michele di Serino,AV,Avellino,Campania
064085,San Nicola Baronia,AV,Avellino,Campania
064086,San Potito Ultra,AV,Avellino,Campania
064087,San Sossio Baronia,AV,Avellino,Campania
064088,Santa Lucia di Serino,AV,Avellino,Campania
064089,Sant'Andrea di Conza,AV,Avellino,Campania
064090,Sant'Angelo all'Esca,AV,Avellino,Campania
064091,Sant'Angelo a Scala,AV,Avellino,Campania
064092,Sant'Angelo dei Lombardi,AV,Avellino,Campania
064093,Santa Paolina,AV,Avellino,Campania
064095,Santo Stefano del Sole,AV,Avellino,Campania
064096,Savignano Irpino,AV,Avellino,Campania
064097,Scampitella,AV,Avellino,Campania
064098,Senerchia,AV,Avellino,Campania
064099,Serino,AV,Avellino,Campania
064100,Sirignano,AV,Avellino,Campania
064101,Solofra,AV,Avellino,Campania
064102,Sorbo Serpico,AV,Avellino,Campania
064103,Sperone,AV,Avellino,Campania
064104,Sturno,AV,Avellino,Campania
064105,Summonte,AV,Avellino,Campania
064106,Taurano,AV,Avellino,Campania
064107,Taurasi,AV,Avellino,Campania
064108,Teora,AV,Avellino,Campania
064109,Torella dei Lombardi,AV,Avellino,Campania
064110,Torre Le Nocelle,AV,Avellino,Campania
064111,Torrioni,AV,Avellino,Campania
064112,Trevico,AV,Avellino,Campania
064113,Tufo,AV,Avellino,Campania
064114,Vallata,AV,Avellino,Campania
064115,Vallesaccarda,AV,Avellino,Campania
064116,Venticano,AV,Avellino,Campania
064117,Villamaina,AV,Avellino,Campania
064118,Villanova del Battista,AV,Avellino,Campania
064119,Volturara Irpina,AV,Avellino,Campania
064120,Zungoli,AV,Avellino,Campania
064121,Montoro,AV,Avellino,Campania
065001,Acerno,SA,Salerno,Campania
065002,Agropoli,SA,Salerno,Campania
065003,Albanella,SA,Salerno,Campania
065004,Alfano,SA,Salerno,Campania
065005,Altavilla Silentina,SA,Salerno,Campania
065006,Amalfi,SA,Salerno,Campania
065007,Angri,SA,Salerno,Campania
065008,Aquara,SA,Salerno,Campania
065009,Ascea,SA,Salerno,Campania
065010,Atena Lucana,SA,Salerno,Campania
065011,Atrani,SA,Salerno,Campania
065012,Auletta,SA,Salerno,Campania
065013,Baronissi,SA,Salerno,Campania
065014,Battipaglia,SA,Salerno,Campania
065015,Bellosguardo,SA,Salerno,Campania
065016,Bracigliano,SA,Salerno,Campania
065017,Buccino,SA,Salerno,Campania
065018,Buonabitacolo,SA,Salerno,Campania
065019,Caggiano,SA,Salerno,Campania
065020,Calvanico,SA,Salerno,Campania
065021,Camerota,SA,Salerno,Campania
065022,Campagna,SA,Salerno,Campania
065023,Campora,SA,Salerno,Campania
065024,Cannalonga,SA,Salerno,Campania
065025,Capaccio Paestum,SA,Salerno,Campania
065026,Casalbuono,SA,Salerno,Campania
065027,Casaletto Spartano,SA,Salerno,Campania
065028,Casal Velino,SA,Salerno,Campania
065029,Caselle in Pittari,SA,Salerno,Campania
065030,Castelcivita,SA,Salerno,Campania
065031,Castellabate,SA,Salerno,Campania
065032,Castelnuovo Cilento,SA,Salerno,Campania
065033,Castelnuovo di Conza,SA,Salerno,Campania
065034,Castel San Giorgio,SA,Salerno,Campania
065035,Castel San Lorenzo,SA,Salerno,Campania
065036,Castiglione del Genovesi,SA,Salerno,Campania
065037,Cava de' Tirreni,SA,Salerno,Campania
065038,Celle di Bulgheria,SA,Salerno,Campania
065039,Centola,SA,Salerno,Campania
065040,Ceraso,SA,Salerno,Campania
065041,Cetara,SA,Salerno,Campania
065042,Cicerale,SA,Salerno,Campania
065043,Colliano,SA,Salerno,Campania
065044,Conca dei Marini,SA,Salerno,Campania
065045,Controne,SA,Salerno,Campania
065046,Contursi Terme,SA,Salerno,Campania
065047,Corbara,SA,Salerno,Campania
065048,Corleto Monforte,SA,Salerno,Campania
065049,Cuccaro Vetere,SA,Salerno,Campania
065050,Eboli,SA,Salerno,Campania
065051,Felitto,SA,Salerno,Campania
065052,Fisciano,SA,Salerno,Campania
065053,Furore,SA,Salerno,Campania
065054,Futani,SA,Salerno,Campania
065055,Giffoni Sei Casali,SA,Salerno,Campania
065056,Giffoni Valle Piana,SA,Salerno,Campania
065057,Gioi,SA,Salerno,Campania
065058,Giungano,SA,Salerno,Campania
065059,Ispani,SA,Salerno,Campania
065060,Laureana Cilento,SA,Salerno,Campania
065061,Laurino,SA,Salerno,Campania
065062,Laurito,SA,Salerno,Campania
065063,Laviano,SA,Salerno,Campania
065064,Lustra,SA,Salerno,Campania
065065,Magliano Vetere,SA,Salerno,Campania
065066,Maiori,SA,Salerno,Campania
065067,Mercato San Severino,SA,Salerno,Campania
065068,Minori,SA,Salerno,Campania
065069,Moio della Civitella,SA,Salerno,Campania
065070,Montano Antilia,SA,Salerno,Campania
065071,Montecorice,SA,Salerno,Campania
065072,Montecorvino Pugliano,SA,Salerno,Campania
065073,Montecorvino Rovella,SA,Salerno,Campania
065074,Monteforte Cilento,SA,Salerno,Campania
065075,Monte San Giacomo,SA,Salerno,Campania
065076,Montesano sulla Marcellana,SA,Salerno,Campania
065077,Morigerati,SA,Salerno,Campania
065078,Nocera Inferiore,SA,Salerno,Campania
065079,Nocera Superiore,SA,Salerno,Campania
065080,Novi Velia,SA,Salerno,Campania
065081,Ogliastro Cilento,SA,Salerno,Campania
065082,Olevano sul Tusciano,SA,Salerno,Campania
065083,Oliveto Citra,SA,Salerno,Campania
065084,Omignano,SA,Salerno,Campania
065085,Orria,SA,Salerno,Campania
065086,Ottati,SA,Salerno,Campania
065087,Padula,SA,Salerno,Campania
065088,Pagani,SA,Salerno,Campania
065089,Palomonte,SA,Salerno,Campania
065090,Pellezzano,SA,Salerno,Campania
065091,Perdifumo,SA,Salerno,Campania
065092,Perito,SA,Salerno,Campania
065093,Pertosa,SA,Salerno,Campania
065094,Petina,SA,Salerno,Campania
065095,Piaggine,SA,Salerno,Campania
065096,Pisciotta,SA,Salerno,Campania
065097,Polla,SA,Salerno,Campania
065098,Pollica,SA,Salerno,Campania
065099,Pontecagnano Faiano,SA,Salerno,Campania
065100,Positano,SA,Salerno,Campania
065101,Postiglione,SA,Salerno,Campania
065102,Praiano,SA,Salerno,Campania
065103,Prignano Cilento,SA,Salerno,Campania
065104,Ravello,SA,Salerno,Campania
065105,Ricigliano,SA,Salerno,Campania
065106,Roccadaspide,SA,Salerno,Campania
065107,Roccagloriosa,SA,Salerno,Campania
065108,Roccapiemonte,SA,Salerno,Campania
065109,Rofrano,SA,Salerno,Campania
065110,Romagnano al Monte,SA,Salerno,Campania
065111,Roscigno,SA,Salerno,Campania
065112,Rutino,SA,Salerno,Campania
065113,Sacco,SA,Salerno,Campania
065114,Sala Consilina,SA,Salerno,Campania
065115,Salento,SA,Salerno,Campania
065116,Salerno,SA,Salerno,Campania
065117,Salvitelle,SA,Salerno,Campania
065118,San Cipriano Picentino,SA,Salerno,Campania
065119,San Giovanni a Piro,SA,Salerno,Campania
065120,San Gregorio Magno,SA,Salerno,Campania
065121,San Mango Piemonte,SA,Salerno,Campania
065122,San Marzano sul Sarno,SA,Salerno,Campania
065123,San Mauro Cilento,SA,Salerno,Campania
065124,San Mauro la Bruca,SA,Salerno,Campania
065125,San Pietro al Tanagro,SA,Salerno,Campania
065126,San Rufo,SA,Salerno,Campania
065127,Santa Marina,SA,Salerno,Campania
065128,Sant'Angelo a Fasanella,SA,Salerno,Campania
065129,Sant'Arsenio,SA,Salerno,Campania
065130,Sant'Egidio del Monte Albino,SA,Salerno,Campania
065131,Santomenna,SA,Salerno,Campania
065132,San Valentino Torio,SA,Salerno,Campania
065133,Sanza,SA,Salerno,Campania
065134,Sapri,SA,Salerno,Campania
065135,Sarno,SA,Salerno,Campania
065136,Sassano,SA,Salerno,Campania
065137,Scafati,SA,Salerno,Campania
065138,Scala,SA,Salerno,Campania
065139,Serramezzana,SA,Salerno,Campania
065140,Serre,SA,Salerno,Campania
065141,Sessa Cilento,SA,Salerno,Campania
065142,Siano,SA,Salerno,Campania
065143,Sicignano degli Alburni,SA,Salerno,Campania
065144,Stella Cilento,SA,Salerno,Campania
065145,Stio,SA,Salerno,Campania
065146,Teggiano,SA,Salerno,Campania
065147,Torchiara,SA,Salerno,Campania
065148,Torraca,SA,Salerno,Campania
065149,Torre Orsaia,SA,Salerno,Campania
065150,Tortorella,SA,Salerno,Campania
065151,Tramonti,SA,Salerno,Campania
065152,Trentinara,SA,Salerno,Campania
065153,Valle dell'Angelo,SA,Salerno,Campania
065154,Vallo della Lucania,SA,Salerno,Campania
065155,Valva,SA,Salerno,Campania
065156,Vibonati,SA,Salerno,Campania
065157,Vietri sul Mare,SA,Salerno,Campania
065158,Bellizzi,SA,Salerno,Campania
071001,Accadia,FG,Foggia,Puglia
071002,Alberona,FG,Foggia,Puglia
071003,Anzano di Puglia,FG,Foggia,Puglia
071004,Apricena,FG,Foggia,Puglia
071005,Ascoli Satriano,FG,Foggia,Puglia
071006,Biccari,FG,Foggia,Puglia
071007,Bovino,FG,Foggia,Puglia
071008,Cagnano Varano,FG,Foggia,Puglia
071009,Candela,FG,Foggia,Puglia
071010,Carapelle,FG,Foggia,Puglia
071011,Carlantino,FG,Foggia,Puglia
071012,Carpino,FG,Foggia,Puglia
071013,Casalnuovo Monterotaro,FG,Foggia,Puglia
071014,Casalvecchio di Puglia,FG,Foggia,Puglia
071015,Castelluccio dei Sauri,FG,Foggia,Puglia
071016,Castelluccio Valmaggiore,FG,Foggia,Puglia
071017,Castelnuovo della Daunia,FG,Foggia,Puglia
071018,Celenza Valfortore,FG,Foggia,Puglia
071019,Celle di San Vito,FG,Foggia,Puglia
071020,Cerignola,FG,Foggia,Puglia
071021,Chieuti,FG,Foggia,Puglia
071022,Deliceto,FG,Foggia,Puglia
071023,Faeto,FG,Foggia,Puglia
071024,Foggia,FG,Foggia,Puglia
071025,Ischitella,FG,Foggia,Puglia
071026,Isole Tremiti,FG,Foggia,Puglia
071027,Lesina,FG,Foggia,Puglia
071028,Lucera,FG,Foggia,Puglia
071029,Manfredonia,FG,Foggia,Puglia
071031,Mattinata,FG,Foggia,Puglia
071032,Monteleone di Puglia,FG,Foggia,Puglia
071033,Monte Sant'Angelo,FG,Foggia,Puglia
071034,Motta Montecorvino,FG,Foggia,Puglia
071035,Orsara di Puglia,FG,Foggia,Puglia
071036,Orta Nova,FG,Foggia,Puglia
071037,Panni,FG,Foggia,Puglia
071038,Peschici,FG,Foggia,Puglia
071039,Pietramontecorvino,FG,Foggia,Puglia
071040,Poggio Imperiale,FG,Foggia,Puglia
071041,Rignano Garganico,FG,Foggia,Puglia
071042,Rocchetta Sant'Antonio,FG,Foggia,Puglia
071043,Rodi Garganico,FG,Foggia,Puglia
071044,Roseto Valfortore,FG,Foggia,Puglia
071046,San Giovanni Rotondo,FG,Foggia,Puglia
071047,San Marco in Lamis,FG,Foggia,Puglia
071048,San Marco la Catola,FG,Foggia,Puglia
071049,San Nicandro Garganico,FG,Foggia,Puglia
071050,San Paolo di Civitate,FG,Foggia,Puglia
071051,San Severo,FG,Foggia,Puglia
071052,Sant'Agata di Puglia,FG,Foggia,Puglia
071053,Serracapriola,FG,Foggia,Puglia
071054,Stornara,FG,Foggia,Puglia
071055,Stornarella,FG,Foggia,Puglia
071056,Torremaggiore,FG,Foggia,Puglia
071058,Troia,FG,Foggia,Puglia
071059,Vico del Gargano,FG,Foggia,Puglia
071060,Vieste,FG,Foggia,Puglia
071061,Volturara Appula,FG,Foggia,Puglia
071062,Volturino,FG,Foggia,Puglia
071063,Ordona,FG,Foggia,Puglia
071064,Zapponeta,FG,Foggia,Puglia
072001,Acquaviva delle Fonti,BA,Bari,Puglia
072002,Adelfia,BA,Bari,Puglia
072003,Alberobello,BA,Bari,Puglia
072004,Altamura,BA,Bari,Puglia
072006,Bari,BA,Bari,Puglia
072008,Binetto,BA,Bari,Puglia
072010,Bitetto,BA,Bari,Puglia
072011,Bitonto,BA,Bari,Puglia
072012,Bitritto,BA,Bari,Puglia
072014,Capurso,BA,Bari,Puglia
072015,Casamassima,BA,Bari,Puglia
072016,Cassano delle Murge,BA,Bari,Puglia
072017,Castellana Grotte,BA,Bari,Puglia
072018,Cellamare,BA,Bari,Puglia
072019,Conversano,BA,Bari,Puglia
072020,Corato,BA,Bari,Puglia
072021,Gioia del Colle,BA,Bari,Puglia
072022,Giovinazzo,BA,Bari,Puglia
072023,Gravina in Puglia,BA,Bari,Puglia
072024,Grumo Appula,BA,Bari,Puglia
072025,Locorotondo,BA,Bari,Puglia
072027,Modugno,BA,Bari,Puglia
072028,Mola di Bari,BA,Bari,Puglia
072029,Molfetta,BA,Bari,Puglia
072030,Monopoli,BA,Bari,Puglia
072031,Noci,BA,Bari,Puglia
072032,Noicattaro,BA,Bari,Puglia
072033,Palo del Colle,BA,Bari,Puglia
072034,Poggiorsini,BA,Bari,Puglia
072035,Polignano a Mare,BA,Bari,Puglia
072036,Putignano,BA,Bari,Puglia
072037,Rutigliano,BA,Bari,Puglia
072038,Ruvo di Puglia,BA,Bari,Puglia
072039,Sammichele di Bari,BA,Bari,Puglia
072040,Sannicandro di Bari,BA,Bari,Puglia
072041,Santeramo in Colle,BA,Bari,Puglia
072043,Terlizzi,BA,Bari,Puglia
072044,Toritto,BA,Bari,Puglia
072046,Triggiano,BA,Bari,Puglia
072047,Turi,BA,Bari,Puglia
072048,Valenzano,BA,Bari,Puglia
073001,Avetrana,TA,Taranto,Puglia
073002,Carosino,TA,Taranto,Puglia
073003,Castellaneta,TA,Taranto,Puglia
073004,Crispiano,TA,Taranto,Puglia
073005,Faggiano,TA,Taranto,Puglia
073006,Fragagnano,TA,Taranto,Puglia
073007,Ginosa,TA,Taranto,Puglia
073008,Grottaglie,TA,Taranto,Puglia
073009,Laterza,TA,Taranto,Puglia
073010,Leporano,TA,Taranto,Puglia
073011,Lizzano,TA,Taranto,Puglia
073012,Manduria,TA,Taranto,Puglia
073013,Martina Franca,TA,Taranto,Puglia
073014,Maruggio,TA,Taranto,Puglia
073015,Massafra,TA,Taranto,Puglia
073016,Monteiasi,TA,Taranto,Puglia
073017,Montemesola,TA,Taranto,Puglia
073018,Monteparano,TA,Taranto,Puglia
073019,Mottola,TA,Taranto,Puglia
073020,Palagianello,TA,Taranto,Puglia
073021,Palagiano,TA,Taranto,Puglia
073022,Pulsano,TA,Taranto,Puglia
073023,Roccaforzata,TA,Taranto,Puglia
073024,San Giorgio Ionico,TA,Taranto,Puglia
073025,San Marzano di San Giuseppe,TA,Taranto,Puglia
073026,Sava,TA,Taranto,Puglia
073027,Taranto,TA,Taranto,Puglia
073028,Torricella,TA,Taranto,Puglia
073029,Statte,TA,Taranto,Puglia
074001,Brindisi,BR,Brindisi,Puglia
074002,Carovigno,BR,Brindisi,Puglia
074003,Ceglie Messapica,BR,Brindisi,Puglia
074004,Cellino San Marco,BR,Brindisi,Puglia
074005,Cisternino,BR,Brindisi,Puglia
074006,Erchie,BR,Brindisi,Puglia
074007,Fasano,BR,Brindisi,Puglia
074008,Francavilla Fontana,BR,Brindisi,Puglia
074009,Latiano,BR,Brindisi,Puglia
074010,Mesagne,BR,Brindisi,Puglia
074011,Oria,BR,Brindisi,Puglia
074012,Ostuni,BR,Brindisi,Puglia
074013,San Donaci,BR,Brindisi,Puglia
074014,San Michele Salentino,BR,Brindisi,Puglia
074015,San Pancrazio Salentino,BR,Brindisi,Puglia
074016,San Pietro Vernotico,BR,Brindisi,Puglia
074017,San Vito dei Normanni,BR,Brindisi,Puglia
074018,Torchiarolo,BR,Brindisi,Puglia
074019,Torre Santa Susanna,BR,Brindisi,Puglia
074020,Villa Castelli,BR,Brindisi,Puglia
075002,Alessano,LE,Lecce,Puglia
075003,Alezio,LE,Lecce,Puglia
075004,Alliste,LE,Lecce,Puglia
075005,Andrano,LE,Lecce,Puglia
075006,Aradeo,LE,Lecce,Puglia
075007,Arnesano,LE,Lecce,Puglia
075008,Bagnolo del Salento,LE,Lecce,Puglia
075009,Botrugno,LE,Lecce,Puglia
075010,Calimera,LE,Lecce,Puglia
075011,Campi Salentina,LE,Lecce,Puglia
075012,Cannole,LE,Lecce,Puglia
075013,Caprarica di Lecce,LE,Lecce,Puglia
075014,Carmiano,LE,Lecce,Puglia
075015,Carpignano Salentino,LE,Lecce,Puglia
075016,Casarano,LE,Lecce,Puglia
075017,Castri di Lecce,LE,Lecce,Puglia
075018,Castrignano de' Greci,LE,Lecce,Puglia
075019,Castrignano del Capo,LE,Lecce,Puglia
075020,Cavallino,LE,Lecce,Puglia
075021,Collepasso,LE,Lecce,Puglia
075022,Copertino,LE,Lecce,Puglia
075023,Corigliano d'Otranto,LE,Lecce,Puglia
075024,Corsano,LE,Lecce,Puglia
075025,Cursi,LE,Lecce,Puglia
075026,Cutrofiano,LE,Lecce,Puglia
075027,Diso,LE,Lecce,Puglia
075028,Gagliano del Capo,LE,Lecce,Puglia
075029,Galatina,LE,Lecce,Puglia
075030,Galatone,LE,Lecce,Puglia
075031,Gallipoli,LE,Lecce,Puglia
075032,Giuggianello,LE,Lecce,Puglia
075033,Giurdignano,LE,Lecce,Puglia
075034,Guagnano,LE,Lecce,Puglia
075035,Lecce,LE,Lecce,Puglia
075036,Lequile,LE,Lecce,Puglia
075037,Leverano,LE,Lecce,Puglia
075038,Lizzanello,LE,Lecce,Puglia
075039,Maglie,LE,Lecce,Puglia
075040,Martano,LE,Lecce,Puglia
075041,Martignano,LE,Lecce,Puglia
075042,Matino,LE,Lecce,Puglia
075043,Melendugno,LE,Lecce,Puglia
075044,Melissano,LE,Lecce,Puglia
075045,Melpignano,LE,Lecce,Puglia
075046,Miggiano,LE,Lecce,Puglia
075047,Minervino di Lecce,LE,Lecce,Puglia
075048,Monteroni di Lecce,LE,Lecce,Puglia
075049,Montesano Salentino,LE,Lecce,Puglia
075050,Morciano di Leuca,LE,Lecce,Puglia
075051,Muro Leccese,LE,Lecce,Puglia
075052,Nardò,LE,Lecce,Puglia
075053,Neviano,LE,Lecce,Puglia
075054,Nociglia,LE,Lecce,Puglia
075055,Novoli,LE,Lecce,Puglia
075056,Ortelle,LE,Lecce,Puglia
075057,Otranto,LE,Lecce,Puglia
075058,Palmariggi,LE,Lecce,Puglia
075059,Parabita,LE,Lecce,Puglia
075060,Patù,LE,Lecce,Puglia
075061,Poggiardo,LE,Lecce,Puglia
075063,Racale,LE,Lecce,Puglia
075064,Ruffano,LE,Lecce,Puglia
075065,Salice Salentino,LE,Lecce,Puglia
075066,Salve,LE,Lecce,Puglia
075067,Sanarica,LE,Lecce,Puglia
075068,San Cesario di Lecce,LE,Lecce,Puglia
075069,San Donato di Lecce,LE,Lecce,Puglia
075070,Sannicola,LE,Lecce,Puglia
075071,San Pietro in Lama,LE,Lecce,Puglia
075072,Santa Cesarea Terme,LE,Lecce,Puglia
075073,Scorrano,LE,Lecce,Puglia
075074,Seclì,LE,Lecce,Puglia
075075,Sogliano Cavour,LE,Lecce,Puglia
075076,Soleto,LE,Lecce,Puglia
075077,Specchia,LE,Lecce,Puglia
075078,Spongano,LE,Lecce,Puglia
075079,Squinzano,LE,Lecce,Puglia
075080,Sternatia,LE,Lecce,Puglia
075081,Supersano,LE,Lecce,Puglia
075082,Surano,LE,Lecce,Puglia
075083,Surbo,LE,Lecce,Puglia
075084,Taurisano,LE,Lecce,Puglia
075085,Taviano,LE,Lecce,Puglia
075086,Tiggiano,LE,Lecce,Puglia
075087,Trepuzzi,LE,Lecce,Puglia
075088,Tricase,LE,Lecce,Puglia
075089,Tuglie,LE,Lecce,Puglia
075090,Ugento,LE,Lecce,Puglia
075091,Uggiano la Chiesa,LE,Lecce,Puglia
075092,Veglie,LE,Lecce,Puglia
075093,Vernole,LE,Lecce,Puglia
075094,Zollino,LE,Lecce,Puglia
075095,San Cassiano,LE,Lecce,Puglia
075096,Castro,LE,Lecce,Puglia
075097,Porto Cesareo,LE,Lecce,Puglia
075098,Presicce-Acquarica,LE,Lecce,Puglia
110001,Andria,BT,Barletta-Andria-Trani,Puglia
110002,Barletta,BT,Barletta-Andria-Trani,Puglia
110003,Bisceglie,BT,Barletta-Andria-Trani,Puglia
110004,Canosa di Puglia,BT,Barletta-Andria-Trani,Puglia
110005,Margherita di Savoia,BT,Barletta-Andria-Trani,Puglia
110006,Minervino Murge,BT,Barletta-Andria-Trani,Puglia
110007,San Ferdinando di Puglia,BT,Barletta-Andria-Trani,Puglia
110008,Spinazzola,BT,Barletta-Andria-Trani,Puglia
110009,Trani,BT,Barletta-Andria-Trani,Puglia
110010,Trinitapoli,BT,Barletta-Andria-Trani,Puglia
076001,Abriola,PZ,Potenza,Basilicata
076002,Acerenza,PZ,Potenza,Basilicata
076003,Albano di Lucania,PZ,Potenza,Basilicata
076004,Anzi,PZ,Potenza,Basilicata
076005,Armento,PZ,Potenza,Basilicata
076006,Atella,PZ,Potenza,Basilicata
076007,Avigliano,PZ,Potenza,Basilicata
076008,Balvano,PZ,Potenza,Basilicata
076009,Banzi,PZ,Potenza,Basilicata
076010,Baragiano,PZ,Potenza,Basilicata
076011,Barile,PZ,Potenza,Basilicata
076012,Bella,PZ,Potenza,Basilicata
076013,Brienza,PZ,Potenza,Basilicata
076014,Brindisi Montagna,PZ,Potenza,Basilicata
076015,Calvello,PZ,Potenza,Basilicata
076016,Calvera,PZ,Potenza,Basilicata
076017,Campomaggiore,PZ,Potenza,Basilicata
076018,Cancellara,PZ,Potenza,Basilicata
076019,Carbone,PZ,Potenza,Basilicata
076020,San Paolo Albanese,PZ,Potenza,Basilicata
076021,Castelgrande,PZ,Potenza,Basilicata
076022,Castelluccio Inferiore,PZ,Potenza,Basilicata
076023,Castelluccio Superiore,PZ,Potenza,Basilicata
076024,Castelmezzano,PZ,Potenza,Basilicata
076025,Castelsaraceno,PZ,Potenza,Basilicata
076026,Castronuovo di Sant'Andrea,PZ,Potenza,Basilicata
076027,Cersosimo,PZ,Potenza,Basilicata
076028,Chiaromonte,PZ,Potenza,Basilicata
076029,Corleto Perticara,PZ,Potenza,Basilicata
076030,Episcopia,PZ,Potenza,Basilicata
076031,Fardella,PZ,Potenza,Basilicata
076032,Filiano,PZ,Potenza,Basilicata
076033,Forenza,PZ,Potenza,Basilicata
076034,Francavilla in Sinni,PZ,Potenza,Basilicata
076035,Gallicchio,PZ,Potenza,Basilicata
076036,Genzano di Lucania,PZ,Potenza,Basilicata
076037,Grumento Nova,PZ,Potenza,Basilicata
076038,Guardia Perticara,PZ,Potenza,Basilicata
076039,Lagonegro,PZ,Potenza,Basilicata
076040,Latronico,PZ,Potenza,Basilicata
076041,Laurenzana,PZ,Potenza,Basilicata
076042,Lauria,PZ,Potenza,Basilicata
076043,Lavello,PZ,Potenza,Basilicata
076044,Maratea,PZ,Potenza,Basilicata
076045,Marsico Nuovo,PZ,Potenza,Basilicata
076046,Marsicovetere,PZ,Potenza,Basilicata
076047,Maschito,PZ,Potenza,Basilicata
076048,Melfi,PZ,Potenza,Basilicata
076049,Missanello,PZ,Potenza,Basilicata
076050,Moliterno,PZ,Potenza,Basilicata
076051,Montemilone,PZ,Potenza,Basilicata
076052,Montemurro,PZ,Potenza,Basilicata
076053,Muro Lucano,PZ,Potenza,Basilicata
076054,Nemoli,PZ,Potenza,Basilicata
076055,Noepoli,PZ,Potenza,Basilicata
076056,Oppido Lucano,PZ,Potenza,Basilicata
076057,Palazzo San Gervasio,PZ,Potenza,Basilicata
076058,Pescopagano,PZ,Potenza,Basilicata
076059,Picerno,PZ,Potenza,Basilicata
076060,Pietragalla,PZ,Potenza,Basilicata
076061,Pietrapertosa,PZ,Potenza,Basilicata
076062,Pignola,PZ,Potenza,Basilicata
076063,Potenza,PZ,Potenza,Basilicata
076064,Rapolla,PZ,Potenza,Basilicata
076065,Rapone,PZ,Potenza,Basilicata
076066,Rionero in Vulture,PZ,Potenza,Basilicata
076067,Ripacandida,PZ,Potenza,Basilicata
076068,Rivello,PZ,Potenza,Basilicata
076069,Roccanova,PZ,Potenza,Basilicata
076070,Rotonda,PZ,Potenza,Basilicata
076071,Ruoti,PZ,Potenza,Basilicata
076072,Ruvo del Monte,PZ,Potenza,Basilicata
076073,San Chirico Nuovo,PZ,Potenza,Basilicata
076074,San Chirico Raparo,PZ,Potenza,Basilicata
076075,San Costantino Albanese,PZ,Potenza,Basilicata
076076,San Fele,PZ,Potenza,Basilicata
076077,San Martino d'Agri,PZ,Potenza,Basilicata
076078,San Severino Lucano,PZ,Potenza,Basilicata
076079,Sant'Angelo Le Fratte,PZ,Potenza,Basilicata
076080,Sant'Arcangelo,PZ,Potenza,Basilicata
076081,Sarconi,PZ,Potenza,Basilicata
076082,Sasso di Castalda,PZ,Potenza,Basilicata
076083,Satriano di Lucania,PZ,Potenza,Basilicata
076084,Savoia di Lucania,PZ,Potenza,Basilicata
076085,Senise,PZ,Potenza,Basilicata
076086,Spinoso,PZ,Potenza,Basilicata
076087,Teana,PZ,Potenza,Basilicata
076088,Terranova di Pollino,PZ,Potenza,Basilicata
076089,Tito,PZ,Potenza,Basilicata
076090,Tolve,PZ,Potenza,Basilicata
076091,Tramutola,PZ,Potenza,Basilicata
076092,Trecchina,PZ,Potenza,Basilicata
076093,Trivigno,PZ,Potenza,Basilicata
076094,Vaglio Basilicata,PZ,Potenza,Basilicata
076095,Venosa,PZ,Potenza,Basilicata
076096,Vietri di Potenza,PZ,Potenza,Basilicata
076097,Viggianello,PZ,Potenza,Basilicata
076098,Viggiano,PZ,Potenza,Basilicata
076099,Ginestra,PZ,Potenza,Basilicata
076100,Paterno,PZ,Potenza,Basilicata
077001,Accettura,MT,Matera,Basilicata
077002,Aliano,MT,Matera,Basilicata
077003,Bernalda,MT,Matera,Basilicata
077004,Calciano,MT,Matera,Basilicata
077005,Cirigliano,MT,Matera,Basilicata
077006,Colobraro,MT,Matera,Basilicata
077007,Craco,MT,Matera,Basilicata
077008,Ferrandina,MT,Matera,Basilicata
077009,Garaguso,MT,Matera,Basilicata
077010,Gorgoglione,MT,Matera,Basilicata
077011,Grassano,MT,Matera,Basilicata
077012,Grottole,MT,Matera,Basilicata
077013,Irsina,MT,Matera,Basilicata
077014,Matera,MT,Matera,Basilicata
077015,Miglionico,MT,Matera,Basilicata
077016,Montalbano Jonico,MT,Matera,Basilicata
077017,Montescaglioso,MT,Matera,Basilicata
077018,Nova Siri,MT,Matera,Basilicata
077019,Oliveto Lucano,MT,Matera,Basilicata
077020,Pisticci,MT,Matera,Basilicata
077021,Policoro,MT,Matera,Basilicata
077022,Pomarico,MT,Matera,Basilicata
077023,Rotondella,MT,Matera,Basilicata
077024,Salandra,MT,Matera,Basilicata
077025,San Giorgio Lucano,MT,Matera,Basilicata
077026,San Mauro Forte,MT,Matera,Basilicata
077027,Stigliano,MT,Matera,Basilicata
077028,Tricarico,MT,Matera,Basilicata
077029,Tursi,MT,Matera,Basilicata
077030,Valsinni,MT,Matera,Basilicata
077031,Scanzano Jonico,MT,Matera,Basilicata
078001,Acquaformosa,CS,Cosenza,Calabria
078002,Acquappesa,CS,Cosenza,Calabria
078003,Acri,CS,Cosenza,Calabria
078004,Aiello Calabro,CS,Cosenza,Calabria
078005,Aieta,CS,Cosenza,Calabria
078006,Albidona,CS,Cosenza,Calabria
078007,Alessandria del Carretto,CS,Cosenza,Calabria
078008,Altilia,CS,Cosenza,Calabria
078009,Altomonte,CS,Cosenza,Calabria
078010,Amantea,CS,Cosenza,Calabria
078011,Amendolara,CS,Cosenza,Calabria
078012,Aprigliano,CS,Cosenza,Calabria
078013,Belmonte Calabro,CS,Cosenza,Calabria
078014,Belsito,CS,Cosenza,Calabria
078015,Belvedere Marittimo,CS,Cosenza,Calabria
078016,Bianchi,CS,Cosenza,Calabria
078017,Bisignano,CS,Cosenza,Calabria
078018,Bocchigliero,CS,Cosenza,Calabria
078019,Bonifati,CS,Cosenza,Calabria
078020,Buonvicino,CS,Cosenza,Calabria
078021,Calopezzati,CS,Cosenza,Calabria
078022,Caloveto,CS,Cosenza,Calabria
078023,Campana,CS,Cosenza,Calabria
078024,Canna,CS,Cosenza,Calabria
078025,Cariati,CS,Cosenza,Calabria
078026,Carolei,CS,Cosenza,Calabria
078027,Carpanzano,CS,Cosenza,Calabria
078029,Cassano all'Ionio,CS,Cosenza,Calabria
078030,Castiglione Cosentino,CS,Cosenza,Calabria
078031,Castrolibero,CS,Cosenza,Calabria
078032,Castroregio,CS,Cosenza,Calabria
078033,Castrovillari,CS,Cosenza,Calabria
078034,Celico,CS,Cosenza,Calabria
078035,Cellara,CS,Cosenza,Calabria
078036,Cerchiara di Calabria,CS,Cosenza,Calabria
078037,Cerisano,CS,Cosenza,Calabria
078038,Cervicati,CS,Cosenza,Calabria
078039,Cerzeto,CS,Cosenza,Calabria
078040,Cetraro,CS,Cosenza,Calabria
078041,Civita,CS,Cosenza,Calabria
078042,Cleto,CS,Cosenza,Calabria
078043,Colosimi,CS,Cosenza,Calabria
078045,Cosenza,CS,Cosenza,Calabria
078046,Cropalati,CS,Cosenza,Calabria
078047,Crosia,CS,Cosenza,Calabria
078048,Diamante,CS,Cosenza,Calabria
078049,Dipignano,CS,Cosenza,Calabria
078050,Domanico,CS,Cosenza,Calabria
078051,Fagnano Castello,CS,Cosenza,Calabria
078052,Falconara Albanese,CS,Cosenza,Calabria
078053,Figline Vegliaturo,CS,Cosenza,Calabria
078054,Firmo,CS,Cosenza,Calabria
078055,Fiumefreddo Bruzio,CS,Cosenza,Calabria
078056,Francavilla Marittima,CS,Cosenza,Calabria
078057,Frascineto,CS,Cosenza,Calabria
078058,Fuscaldo,CS,Cosenza,Calabria
078059,Grimaldi,CS,Cosenza,Calabria
078060,Grisolia,CS,Cosenza,Calabria
078061,Guardia Piemontese,CS,Cosenza,Calabria
078062,Lago,CS,Cosenza,Calabria
078063,Laino Borgo,CS,Cosenza,Calabria
078064,Laino Castello,CS,Cosenza,Calabria
078065,Lappano,CS,Cosenza,Calabria
078066,Lattarico,CS,Cosenza,Calabria
078067,Longobardi,CS,Cosenza,Calabria
078068,Longobucco,CS,Cosenza,Calabria
078069,Lungro,CS,Cosenza,Calabria
078070,Luzzi,CS,Cosenza,Calabria
078071,Maierà,CS,Cosenza,Calabria
078072,Malito,CS,Cosenza,Calabria
078073,Malvito,CS,Cosenza,Calabria
078074,Mandatoriccio,CS,Cosenza,Calabria
078075,Mangone,CS,Cosenza,Calabria
078076,Marano Marchesato,CS,Cosenza,Calabria
078077,Marano Principato,CS,Cosenza,Calabria
078078,Marzi,CS,Cosenza,Calabria
078079,Mendicino,CS,Cosenza,Calabria
078080,Mongrassano,CS,Cosenza,Calabria
078081,Montalto Uffugo,CS,Cosenza,Calabria
078082,Montegiordano,CS,Cosenza,Calabria
078083,Morano Calabro,CS,Cosenza,Calabria
078084,Mormanno,CS,Cosenza,Calabria
078085,Mottafollone,CS,Cosenza,Calabria
078086,Nocara,CS,Cosenza,Calabria
078087,Oriolo,CS,Cosenza,Calabria
078088,Orsomarso,CS,Cosenza,Calabria
078089,Paludi,CS,Cosenza,Calabria
078090,Panettieri,CS,Cosenza,Calabria
078091,Paola,CS,Cosenza,Calabria
078092,Papasidero,CS,Cosenza,Calabria
078093,Parenti,CS,Cosenza,Calabria
078094,Paterno Calabro,CS,Cosenza,Calabria
078096,Pedivigliano,CS,Cosenza,Calabria
078097,Piane Crati,CS,Cosenza,Calabria
078098,Pietrafitta,CS,Cosenza,Calabria
078099,Pietrapaola,CS,Cosenza,Calabria
078100,Plataci,CS,Cosenza,Calabria
078101,Praia a Mare,CS,Cosenza,Calabria
078102,Rende,CS,Cosenza,Calabria
078103,Rocca Imperiale,CS,Cosenza,Calabria
078104,Roggiano Gravina,CS,Cosenza,Calabria
078105,Rogliano,CS,Cosenza,Calabria
078106,Rose,CS,Cosenza,Calabria
078107,Roseto Capo Spulico,CS,Cosenza,Calabria
078109,Rota Greca,CS,Cosenza,Calabria
078110,Rovito,CS,Cosenza,Calabria
078111,San Basile,CS,Cosenza,Calabria
078112,San Benedetto Ullano,CS,Cosenza,Calabria
078113,San Cosmo Albanese,CS,Cosenza,Calabria
078114,San Demetrio Corone,CS,Cosenza,Calabria
078115,San Donato di Ninea,CS,Cosenza,Calabria
078116,San Fili,CS,Cosenza,Calabria
078117,Sangineto,CS,Cosenza,Calabria
078118,San Giorgio Albanese,CS,Cosenza,Calabria
078119,San Giovanni in Fiore,CS,Cosenza,Calabria
078120,San Lorenzo Bellizzi,CS,Cosenza,Calabria
078121,San Lorenzo del Vallo,CS,Cosenza,Calabria
078122,San Lucido,CS,Cosenza,Calabria
078123,San Marco Argentano,CS,Cosenza,Calabria
078124,San Martino di Finita,CS,Cosenza,Calabria
078125,San Nicola Arcella,CS,Cosenza,Calabria
078126,San Pietro in Amantea,CS,Cosenza,Calabria
078127,San Pietro in Guarano,CS,Cosenza,Calabria
078128,San Sosti,CS,Cosenza,Calabria
078129,Santa Caterina Albanese,CS,Cosenza,Calabria
078130,Santa Domenica Talao,CS,Cosenza,Calabria
078131,Sant'Agata di Esaro,CS,Cosenza,Calabria
078132,Santa Maria del Cedro,CS,Cosenza,Calabria
078133,Santa Sofia d'Epiro,CS,Cosenza,Calabria
078134,Santo Stefano di Rogliano,CS,Cosenza,Calabria
078135,San Vincenzo La Costa,CS,Cosenza,Calabria
078136,Saracena,CS,Cosenza,Calabria
078137,Scala Coeli,CS,Cosenza,Calabria
078138,Scalea,CS,Cosenza,Calabria
078139,Scigliano,CS,Cosenza,Calabria
078140,Serra d'Aiello,CS,Cosenza,Calabria
078142,Spezzano Albanese,CS,Cosenza,Calabria
078143,Spezzano della Sila,CS,Cosenza,Calabria
078145,Tarsia,CS,Cosenza,Calabria
078146,Terranova da Sibari,CS,Cosenza,Calabria
078147,Terravecchia,CS,Cosenza,Calabria
078148,Torano Castello,CS,Cosenza,Calabria
078149,Tortora,CS,Cosenza,Calabria
078150,Trebisacce,CS,Cosenza,Calabria
078152,Vaccarizzo Albanese,CS,Cosenza,Calabria
078153,Verbicaro,CS,Cosenza,Calabria
078154,Villapiana,CS,Cosenza,Calabria
078155,Zumpano,CS,Cosenza,Calabria
078156,Casali del Manco,CS,Cosenza,Calabria
078157,Corigliano-Rossano,CS,Cosenza,Calabria
079002,Albi,CZ,Catanzaro,Calabria
079003,Amaroni,CZ,Catanzaro,Calabria
079004,Amato,CZ,Catanzaro,Calabria
079005,Andali,CZ,Catanzaro,Calabria
079007,Argusto,CZ,Catanzaro,Calabria
079008,Badolato,CZ,Catanzaro,Calabria
079009,Belcastro,CZ,Catanzaro,Calabria
079011,Borgia,CZ,Catanzaro,Calabria
079012,Botricello,CZ,Catanzaro,Calabria
079017,Caraffa di Catanzaro,CZ,Catanzaro,Calabria
079018,Cardinale,CZ,Catanzaro,Calabria
079020,Carlopoli,CZ,Catanzaro,Calabria
079023,Catanzaro,CZ,Catanzaro,Calabria
079024,Cenadi,CZ,Catanzaro,Calabria
079025,Centrache,CZ,Catanzaro,Calabria
079027,Cerva,CZ,Catanzaro,Calabria
079029,Chiaravalle Centrale,CZ,Catanzaro,Calabria
079030,Cicala,CZ,Catanzaro,Calabria
079033,Conflenti,CZ,Catanzaro,Calabria
079034,Cortale,CZ,Catanzaro,Calabria
079036,Cropani,CZ,Catanzaro,Calabria
079039,Curinga,CZ,Catanzaro,Calabria
079042,Davoli,CZ,Catanzaro,Calabria
079043,Decollatura,CZ,Catanzaro,Calabria
079047,Falerna,CZ,Catanzaro,Calabria
079048,Feroleto Antico,CZ,Catanzaro,Calabria
079052,Fossato Serralta,CZ,Catanzaro,Calabria
079055,Gagliato,CZ,Catanzaro,Calabria
079056,Gasperina,CZ,Catanzaro,Calabria
079058,Gimigliano,CZ,Catanzaro,Calabria
079059,Girifalco,CZ,Catanzaro,Calabria
079060,Gizzeria,CZ,Catanzaro,Calabria
079061,Guardavalle,CZ,Catanzaro,Calabria
079063,Isca sullo Ionio,CZ,Catanzaro,Calabria
079065,Jacurso,CZ,Catanzaro,Calabria
079068,Magisano,CZ,Catanzaro,Calabria
079069,Maida,CZ,Catanzaro,Calabria
079071,Marcedusa,CZ,Catanzaro,Calabria
079072,Marcellinara,CZ,Catanzaro,Calabria
079073,Martirano,CZ,Catanzaro,Calabria
079074,Martirano Lombardo,CZ,Catanzaro,Calabria
079077,Miglierina,CZ,Catanzaro,Calabria
079080,Montauro,CZ,Catanzaro,Calabria
079081,Montepaone,CZ,Catanzaro,Calabria
079083,Motta Santa Lucia,CZ,Catanzaro,Calabria
079087,Nocera Terinese,CZ,Catanzaro,Calabria
079088,Olivadi,CZ,Catanzaro,Calabria
079089,Palermiti,CZ,Catanzaro,Calabria
079092,Pentone,CZ,Catanzaro,Calabria
079094,Petrizzi,CZ,Catanzaro,Calabria
079095,Petronà,CZ,Catanzaro,Calabria
079096,Pianopoli,CZ,Catanzaro,Calabria
079099,Platania,CZ,Catanzaro,Calabria
079108,San Floro,CZ,Catanzaro,Calabria
079110,San Mango d'Aquino,CZ,Catanzaro,Calabria
079114,San Pietro a Maida,CZ,Catanzaro,Calabria
079115,San Pietro Apostolo,CZ,Catanzaro,Calabria
079116,San Sostene,CZ,Catanzaro,Calabria
079117,Santa Caterina dello Ionio,CZ,Catanzaro,Calabria
079118,Sant'Andrea Apostolo dello Ionio,CZ,Catanzaro,Calabria
079122,San Vito sullo Ionio,CZ,Catanzaro,Calabria
079123,Satriano,CZ,Catanzaro,Calabria
079126,Sellia,CZ,Catanzaro,Calabria
079127,Sellia Marina,CZ,Catanzaro,Calabria
079129,Serrastretta,CZ,Catanzaro,Calabria
079130,Sersale,CZ,Catanzaro,Calabria
079131,Settingiano,CZ,Catanzaro,Calabria
079133,Simeri Crichi,CZ,Catanzaro,Calabria
079134,Sorbo San Basile,CZ,Catanzaro,Calabria
079137,Soverato,CZ,Catanzaro,Calabria
079138,Soveria Mannelli,CZ,Catanzaro,Calabria
079139,Soveria Simeri,CZ,Catanzaro,Calabria
079142,Squillace,CZ,Catanzaro,Calabria
079143,Stalettì,CZ,Catanzaro,Calabria
079146,Taverna,CZ,Catanzaro,Calabria
079147,Tiriolo,CZ,Catanzaro,Calabria
079148,Torre di Ruggiero,CZ,Catanzaro,Calabria
079151,Vallefiorita,CZ,Catanzaro,Calabria
079157,Zagarise,CZ,Catanzaro,Calabria
079160,Lamezia Terme,CZ,Catanzaro,Calabria
080001,Africo,RC,Reggio Calabria,Calabria
080002,Agnana Calabra,RC,Reggio Calabria,Calabria
080003,Anoia,RC,Reggio Calabria,Calabria
080004,Antonimina,RC,Reggio Calabria,Calabria
080005,Ardore,RC,Reggio Calabria,Calabria
080006,Bagaladi,RC,Reggio Calabria,Calabria
080007,Bagnara Calabra,RC,Reggio Calabria,Calabria
080008,Benestare,RC,Reggio Calabria,Calabria
080009,Bianco,RC,Reggio Calabria,Calabria
080010,Bivongi,RC,Reggio Calabria,Calabria
080011,Bova,RC,Reggio Calabria,Calabria
080012,Bovalino,RC,Reggio Calabria,Calabria
080013,Bova Marina,RC,Reggio Calabria,Calabria
080014,Brancaleone,RC,Reggio Calabria,Calabria
080015,Bruzzano Zeffirio,RC,Reggio Calabria,Calabria
080016,Calanna,RC,Reggio Calabria,Calabria
080017,Camini,RC,Reggio Calabria,Calabria
080018,Campo Calabro,RC,Reggio Calabria,Calabria
080019,Candidoni,RC,Reggio Calabria,Calabria
080020,Canolo,RC,Reggio Calabria,Calabria
080021,Caraffa del Bianco,RC,Reggio Calabria,Calabria
080022,Cardeto,RC,Reggio Calabria,Calabria
080023,Careri,RC,Reggio Calabria,Calabria
080024,Casignana,RC,Reggio Calabria,Calabria
080025,Caulonia,RC,Reggio Calabria,Calabria
080026,Ciminà,RC,Reggio Calabria,Calabria
080027,Cinquefrondi,RC,Reggio Calabria,Calabria
080028,Cittanova,RC,Reggio Calabria,Calabria
080029,Condofuri,RC,Reggio Calabria,Calabria
080030,Cosoleto,RC,Reggio Calabria,Calabria
080031,Delianuova,RC,Reggio Calabria,Calabria
080032,Feroleto della Chiesa,RC,Reggio Calabria,Calabria
080033,Ferruzzano,RC,Reggio Calabria,Calabria
080034,Fiumara,RC,Reggio Calabria,Calabria
080035,Galatro,RC,Reggio Calabria,Calabria
080036,Gerace,RC,Reggio Calabria,Calabria
080037,Giffone,RC,Reggio Calabria,Calabria
080038,Gioia Tauro,RC,Reggio Calabria,Calabria
080039,Gioiosa Ionica,RC,Reggio Calabria,Calabria
080040,Grotteria,RC,Reggio Calabria,Calabria
080041,Laganadi,RC,Reggio Calabria,Calabria
080042,Laureana di Borrello,RC,Reggio Calabria,Calabria
080043,Locri,RC,Reggio Calabria,Calabria
080044,Mammola,RC,Reggio Calabria,Calabria
080045,Marina di Gioiosa Ionica,RC,Reggio Calabria,Calabria
080046,Maropati,RC,Reggio Calabria,Calabria
080047,Martone,RC,Reggio Calabria,Calabria
080048,Melicuccà,RC,Reggio Calabria,Calabria
080049,Melicucco,RC,Reggio Calabria,Calabria
080050,Melito di Porto Salvo,RC,Reggio Calabria,Calabria
080051,Molochio,RC,Reggio Calabria,Calabria
080052,Monasterace,RC,Reggio Calabria,Calabria
080053,Montebello Jonico,RC,Reggio Calabria,Calabria
080054,Motta San Giovanni,RC,Reggio Calabria,Calabria
080055,Oppido Mamertina,RC,Reggio Calabria,Calabria
080056,Palizzi,RC,Reggio Calabria,Calabria
080057,Palmi,RC,Reggio Calabria,Calabria
080058,Pazzano,RC,Reggio Calabria,Calabria
080059,Placanica,RC,Reggio Calabria,Calabria
080060,Platì,RC,Reggio Calabria,Calabria
080061,Polistena,RC,Reggio Calabria,Calabria
080062,Portigliola,RC,Reggio Calabria,Calabria
080063,Reggio di Calabria,RC,Reggio Calabria,Calabria
080064,Riace,RC,Reggio Calabria,Calabria
080065,Rizziconi,RC,Reggio Calabria,Calabria
080066,Roccaforte del Greco,RC,Reggio Calabria,Calabria
080067,Roccella Ionica,RC,Reggio Calabria,Calabria
080068,Roghudi,RC,Reggio Calabria,Calabria
080069,Rosarno,RC,Reggio Calabria,Calabria
080070,Samo,RC,Reggio Calabria,Calabria
080071,San Giorgio Morgeto,RC,Reggio Calabria,Calabria
080072,San Giovanni di Gerace,RC,Reggio Calabria,Calabria
080073,San Lorenzo,RC,Reggio Calabria,Calabria
080074,San Luca,RC,Reggio Calabria,Calabria
080075,San Pietro di Caridà,RC,Reggio Calabria,Calabria
080076,San Procopio,RC,Reggio Calabria,Calabria
080077,San Roberto,RC,Reggio Calabria,Calabria
080078,Santa Cristina d'Aspromonte,RC,Reggio Calabria,Calabria
080079,Sant'Agata del Bianco,RC,Reggio Calabria,Calabria
080080,Sant'Alessio in Aspromonte,RC,Reggio Calabria,Calabria
080081,Sant'Eufemia d'Aspromonte,RC,Reggio Calabria,Calabria
080082,Sant'Ilario dello Ionio,RC,Reggio Calabria,Calabria
080083,Santo Stefano in Aspromonte,RC,Reggio Calabria,Calabria
080084,Scido,RC,Reggio Calabria,Calabria
080085,Scilla,RC,Reggio Calabria,Calabria
080086,Seminara,RC,Reggio Calabria,Calabria
080087,Serrata,RC,Reggio Calabria,Calabria
080088,Siderno,RC,Reggio Calabria,Calabria
080089,Sinopoli,RC,Reggio Calabria,Calabria
080090,Staiti,RC,Reggio Calabria,Calabria
080091,Stignano,RC,Reggio Calabria,Calabria
080092,Stilo,RC,Reggio Calabria,Calabria
080093,Taurianova,RC,Reggio Calabria,Calabria
080094,Terranova Sappo Minulio,RC,Reggio Calabria,Calabria
080095,Varapodio,RC,Reggio Calabria,Calabria
080096,Villa San Giovanni,RC,Reggio Calabria,Calabria
080097,San Ferdinando,RC,Reggio Calabria,Calabria
101001,Belvedere di Spinello,KR,Crotone,Calabria
101002,Caccuri,KR,Crotone,Calabria
101003,Carfizzi,KR,Crotone,Calabria
101004,Casabona,KR,Crotone,Calabria
101005,Castelsilano,KR,Crotone,Calabria
101006,Cerenzia,KR,Crotone,Calabria
101007,Cirò,KR,Crotone,Calabria
101008,Cirò Marina,KR,Crotone,Calabria
101009,Cotronei,KR,Crotone,Calabria
101010,Crotone,KR,Crotone,Calabria
101011,Crucoli,KR,Crotone,Calabria
101012,Cutro,KR,Crotone,Calabria
101013,Isola di Capo Rizzuto,KR,Crotone,Calabria
101014,Melissa,KR,Crotone,Calabria
101015,Mesoraca,KR,Crotone,Calabria
101016,Pallagorio,KR,Crotone,Calabria
101017,Petilia Policastro,KR,Crotone,Calabria
101018,Roccabernarda,KR,Crotone,Calabria
101019,Rocca di Neto,KR,Crotone,Calabria
101020,San Mauro Marchesato,KR,Crotone,Calabria
101021,San Nicola dell'Alto,KR,Crotone,Calabria
101022,Santa Severina,KR,Crotone,Calabria
101023,Savelli,KR,Crotone,Calabria
101024,Scandale,KR,Crotone,Calabria
101025,Strongoli,KR,Crotone,Calabria
101026,Umbriatico,KR,Crotone,Calabria
101027,Verzino,KR,Crotone,Calabria
102001,Acquaro,VV,Vibo Valentia,Calabria
102002,Arena,VV,Vibo Valentia,Calabria
102003,Briatico,VV,Vibo Valentia,Calabria
102004,Brognaturo,VV,Vibo Valentia,Calabria
102005,Capistrano,VV,Vibo Valentia,Calabria
102006,Cessaniti,VV,Vibo Valentia,Calabria
102007,Dasà,VV,Vibo Valentia,Calabria
102008,Dinami,VV,Vibo Valentia,Calabria
102009,Drapia,VV,Vibo Valentia,Calabria
102010,Fabrizia,VV,Vibo Valentia,Calabria
102011,Filadelfia,VV,Vibo Valentia,Calabria
102012,Filandari,VV,Vibo Valentia,Calabria
102013,Filogaso,VV,Vibo Valentia,Calabria
102014,Francavilla Angitola,VV,Vibo Valentia,Calabria
102015,Francica,VV,Vibo Valentia,Calabria
102016,Gerocarne,VV,Vibo Valentia,Calabria
102017,Ionadi,VV,Vibo Valentia,Calabria
102018,Joppolo,VV,Vibo Valentia,Calabria
102019,Limbadi,VV,Vibo Valentia,Calabria
102020,Maierato,VV,Vibo Valentia,Calabria
102021,Mileto,VV,Vibo Valentia,Calabria
102022,Mongiana,VV,Vibo Valentia,Calabria
102023,Monterosso Calabro,VV,Vibo Valentia,Calabria
102024,Nardodipace,VV,Vibo Valentia,Calabria
102025,Nicotera,VV,Vibo Valentia,Calabria
102026,Parghelia,VV,Vibo Valentia,Calabria
102027,Pizzo,VV,Vibo Valentia,Calabria
102028,Pizzoni,VV,Vibo Valentia,Calabria
102029,Polia,VV,Vibo Valentia,Calabria
102030,Ricadi,VV,Vibo Valentia,Calabria
102031,Rombiolo,VV,Vibo Valentia,Calabria
102032,San Calogero,VV,Vibo Valentia,Calabria
102033,San Costantino Calabro,VV,Vibo Valentia,Calabria
102034,San Gregorio d'Ippona,VV,Vibo Valentia,Calabria
102035,San Nicola da Crissa,VV,Vibo Valentia,Calabria
102036,Sant'Onofrio,VV,Vibo Valentia,Calabria
102037,Serra San Bruno,VV,Vibo Valentia,Calabria
102038,Simbario,VV,Vibo Valentia,Calabria
102039,Sorianello,VV,Vibo Valentia,Calabria
102040,Soriano Calabro,VV,Vibo Valentia,Calabria
102041,Spadola,VV,Vibo Valentia,Calabria
102042,Spilinga,VV,Vibo Valentia,Calabria
102043,Stefanaconi,VV,Vibo Valentia,Calabria
102044,Tropea,VV,Vibo Valentia,Calabria
102045,Vallelonga,VV,Vibo Valentia,Calabria
102046,Vazzano,VV,Vibo Valentia,Calabria
102047,Vibo Valentia,VV,Vibo Valentia,Calabria
102048,Zaccanopoli,VV,Vibo Valentia,Calabria
102049,Zambrone,VV,Vibo Valentia,Calabria
102050,Zungri,VV,Vibo Valentia,Calabria
081001,Alcamo,TP,Trapani,Sicilia
081002,Buseto Palizzolo,TP,Trapani,Sicilia
081003,Calatafimi-Segesta,TP,Trapani,Sicilia
081004,Campobello di Mazara,TP,Trapani,Sicilia
081005,Castellammare del Golfo,TP,Trapani,Sicilia
081006,Castelvetrano,TP,Trapani,Sicilia
081007,Custonaci,TP,Trapani,Sicilia
081008,Erice,TP,Trapani,Sicilia
081009,Favignana,TP,Trapani,Sicilia
081010,Gibellina,TP,Trapani,Sicilia
081011,Marsala,TP,Trapani,Sicilia
081012,Mazara del Vallo,TP,Trapani,Sicilia
081013,Paceco,TP,Trapani,Sicilia
081014,Pantelleria,TP,Trapani,Sicilia
081015,Partanna,TP,Trapani,Sicilia
081016,Poggioreale,TP,Trapani,Sicilia
081017,Salaparuta,TP,Trapani,Sicilia
081018,Salemi,TP,Trapani,Sicilia
081019,Santa Ninfa,TP,Trapani,Sicilia
081020,San Vito Lo Capo,TP,Trapani,Sicilia
081021,Trapani,TP,Trapani,Sicilia
081022,Valderice,TP,Trapani,Sicilia
081023,Vita,TP,Trapani,Sicilia
081024,Petrosino,TP,Trapani,Sicilia
081025,Misiliscemi,TP,Trapani,Sicilia
082001,Alia,PA,Palermo,Sicilia
082002,Alimena,PA,Palermo,Sicilia
082003,Aliminusa,PA,Palermo,Sicilia
082004,Altavilla Milicia,PA,Palermo,Sicilia
082005,Altofonte,PA,Palermo,Sicilia
082006,Bagheria,PA,Palermo,Sicilia
082007,Balestrate,PA,Palermo,Sicilia
082008,Baucina,PA,Palermo,Sicilia
082009,Belmonte Mezzagno,PA,Palermo,Sicilia
082010,Bisacquino,PA,Palermo,Sicilia
082011,Bolognetta,PA,Palermo,Sicilia
082012,Bompietro,PA,Palermo,Sicilia
082013,Borgetto,PA,Palermo,Sicilia
082014,Caccamo,PA,Palermo,Sicilia
082015,Caltavuturo,PA,Palermo,Sicilia
082016,Campofelice di Fitalia,PA,Palermo,Sicilia
082017,Campofelice di Roccella,PA,Palermo,Sicilia
082018,Campofiorito,PA,Palermo,Sicilia
082019,Camporeale,PA,Palermo,Sicilia
082020,Capaci,PA,Palermo,Sicilia
082021,Carini,PA,Palermo,Sicilia
082022,Castelbuono,PA,Palermo,Sicilia
082023,Casteldaccia,PA,Palermo,Sicilia
082024,Castellana Sicula,PA,Palermo,Sicilia
082025,Castronovo di Sicilia,PA,Palermo,Sicilia
082026,Cefalà Diana,PA,Palermo,Sicilia
082027,Cefalù,PA,Palermo,Sicilia
082028,Cerda,PA,Palermo,Sicilia
082029,Chiusa Sclafani,PA,Palermo,Sicilia
082030,Ciminna,PA,Palermo,Sicilia
082031,Cinisi,PA,Palermo,Sicilia
082032,Collesano,PA,Palermo,Sicilia
082033,Contessa Entellina,PA,Palermo,Sicilia
082034,Corleone,PA,Palermo,Sicilia
082035,Ficarazzi,PA,Palermo,Sicilia
082036,Gangi,PA,Palermo,Sicilia
082037,Geraci Siculo,PA,Palermo,Sicilia
082038,Giardinello,PA,Palermo,Sicilia
082039,Giuliana,PA,Palermo,Sicilia
082040,Godrano,PA,Palermo,Sicilia
082041,Gratteri,PA,Palermo,Sicilia
082042,Isnello,PA,Palermo,Sicilia
082043,Isola delle Femmine,PA,Palermo,Sicilia
082044,Lascari,PA,Palermo,Sicilia
082045,Lercara Friddi,PA,Palermo,Sicilia
082046,Marineo,PA,Palermo,Sicilia
082047,Mezzojuso,PA,Palermo,Sicilia
082048,Misilmeri,PA,Palermo,Sicilia
082049,Monreale,PA,Palermo,Sicilia
082050,Montelepre,PA,Palermo,Sicilia
082051,Montemaggiore Belsito,PA,Palermo,Sicilia
082052,Palazzo Adriano,PA,Palermo,Sicilia
082053,Palermo,PA,Palermo,Sicilia
082054,Partinico,PA,Palermo,Sicilia
082055,Petralia Soprana,PA,Palermo,Sicilia
082056,Petralia Sottana,PA,Palermo,Sicilia
082057,Piana degli Albanesi,PA,Palermo,Sicilia
082058,Polizzi Generosa,PA,Palermo,Sicilia
082059,Pollina,PA,Palermo,Sicilia
082060,Prizzi,PA,Palermo,Sicilia
082061,Roccamena,PA,Palermo,Sicilia
082062,Roccapalumba,PA,Palermo,Sicilia
082063,San Cipirello,PA,Palermo,Sicilia
082064,San Giuseppe Jato,PA,Palermo,Sicilia
082065,San Mauro Castelverde,PA,Palermo,Sicilia
082066,Santa Cristina Gela,PA,Palermo,Sicilia
082067,Santa Flavia,PA,Palermo,Sicilia
082068,Sciara,PA,Palermo,Sicilia
082069,Sclafani Bagni,PA,Palermo,Sicilia
082070,Termini Imerese,PA,Palermo,Sicilia
082071,Terrasini,PA,Palermo,Sicilia
082072,Torretta,PA,Palermo,Sicilia
082073,Trabia,PA,Palermo,Sicilia
082074,Trappeto,PA,Palermo,Sicilia
082075,Ustica,PA,Palermo,Sicilia
082076,Valledolmo,PA,Palermo,Sicilia
082077,Ventimiglia di Sicilia,PA,Palermo,Sicilia
082078,Vicari,PA,Palermo,Sicilia
082079,Villabate,PA,Palermo,Sicilia
082080,Villafrati,PA,Palermo,Sicilia
082081,Scillato,PA,Palermo,Sicilia
082082,Blufi,PA,Palermo,Sicilia
083001,Alcara li Fusi,ME,Messina,Sicilia
083002,Alì,ME,Messina,Sicilia
083003,Alì Terme,ME,Messina,Sicilia
083004,Antillo,ME,Messina,Sicilia
083005,Barcellona Pozzo di Gotto,ME,Messina,Sicilia
083006,Basicò,ME,Messina,Sicilia
083007,Brolo,ME,Messina,Sicilia
083008,Capizzi,ME,Messina,Sicilia
083009,Capo d'Orlando,ME,Messina,Sicilia
083010,Capri Leone,ME,Messina,Sicilia
083011,Caronia,ME,Messina,Sicilia
083012,Casalvecchio Siculo,ME,Messina,Sicilia
083013,Castel di Lucio,ME,Messina,Sicilia
083014,Castell'Umberto,ME,Messina,Sicilia
083015,Castelmola,ME,Messina,Sicilia
083016,Castroreale,ME,Messina,Sicilia
083017,Cesarò,ME,Messina,Sicilia
083018,Condrò,ME,Messina,Sicilia
083019,Falcone,ME,Messina,Sicilia
083020,Ficarra,ME,Messina,Sicilia
083021,Fiumedinisi,ME,Messina,Sicilia
083022,Floresta,ME,Messina,Sicilia
083023,Fondachelli-Fantina,ME,Messina,Sicilia
083024,Forza d'Agrò,ME,Messina,Sicilia
083025,Francavilla di Sicilia,ME,Messina,Sicilia
083026,Frazzanò,ME,Messina,Sicilia
083027,Furci Siculo,ME,Messina,Sicilia
083028,Furnari,ME,Messina,Sicilia
083029,Gaggi,ME,Messina,Sicilia
083030,Galati Mamertino,ME,Messina,Sicilia
083031,Gallodoro,ME,Messina,Sicilia
083032,Giardini-Naxos,ME,Messina,Sicilia
083033,Gioiosa Marea,ME,Messina,Sicilia
083034,Graniti,ME,Messina,Sicilia
083035,Gualtieri Sicaminò,ME,Messina,Sicilia
083036,Itala,ME,Messina,Sicilia
083037,Leni,ME,Messina,Sicilia
083038,Letojanni,ME,Messina,Sicilia
083039,Librizzi,ME,Messina,Sicilia
083040,Limina,ME,Messina,Sicilia
083041,Lipari,ME,Messina,Sicilia
083042,Longi,ME,Messina,Sicilia
083043,Malfa,ME,Messina,Sicilia
083044,Malvagna,ME,Messina,Sicilia
083045,Mandanici,ME,Messina,Sicilia
083046,Mazzarrà Sant'Andrea,ME,Messina,Sicilia
083047,Merì,ME,Messina,Sicilia
083048,Messina,ME,Messina,Sicilia
083049,Milazzo,ME,Messina,Sicilia
083050,Militello Rosmarino,ME,Messina,Sicilia
083051,Mirto,ME,Messina,Sicilia
083052,Mistretta,ME,Messina,Sicilia
083053,Moio Alcantara,ME,Messina,Sicilia
083054,Monforte San Giorgio,ME,Messina,Sicilia
083055,Mongiuffi Melia,ME,Messina,Sicilia
083056,Montagnareale,ME,Messina,Sicilia
083057,Montalbano Elicona,ME,Messina,Sicilia
083058,Motta Camastra,ME,Messina,Sicilia
083059,Motta d'Affermo,ME,Messina,Sicilia
083060,Naso,ME,Messina,Sicilia
083061,Nizza di Sicilia,ME,Messina,Sicilia
083062,Novara di Sicilia,ME,Messina,Sicilia
083063,Oliveri,ME,Messina,Sicilia
083064,Pace del Mela,ME,Messina,Sicilia
083065,Pagliara,ME,Messina,Sicilia
083066,Patti,ME,Messina,Sicilia
083067,Pettineo,ME,Messina,Sicilia
083068,Piraino,ME,Messina,Sicilia
083069,Raccuja,ME,Messina,Sicilia
083070,Reitano,ME,Messina,Sicilia
083071,Roccafiorita,ME,Messina,Sicilia
083072,Roccalumera,ME,Messina,Sicilia
083073,Roccavaldina,ME,Messina,Sicilia
083074,Roccella Valdemone,ME,Messina,Sicilia
083075,Rodì Milici,ME,Messina,Sicilia
083076,Rometta,ME,Messina,Sicilia
083077,San Filippo del Mela,ME,Messina,Sicilia
083078,San Fratello,ME,Messina,Sicilia
083079,San Marco d'Alunzio,ME,Messina,Sicilia
083080,San Pier Niceto,ME,Messina,Sicilia
083081,San Piero Patti,ME,Messina,Sicilia
083082,San Salvatore di Fitalia,ME,Messina,Sicilia
083083,Santa Domenica Vittoria,ME,Messina,Sicilia
083084,Sant'Agata di Militello,ME,Messina,Sicilia
083085,Sant'Alessio Siculo,ME,Messina,Sicilia
083086,Santa Lucia del Mela,ME,Messina,Sicilia
083087,Santa Marina Salina,ME,Messina,Sicilia
083088,Sant'Angelo di Brolo,ME,Messina,Sicilia
083089,Santa Teresa di Riva,ME,Messina,Sicilia
083090,San Teodoro,ME,Messina,Sicilia
083091,Santo Stefano di Camastra,ME,Messina,Sicilia
083092,Saponara,ME,Messina,Sicilia
083093,Savoca,ME,Messina,Sicilia
083094,Scaletta Zanclea,ME,Messina,Sicilia
083095,Sinagra,ME,Messina,Sicilia
083096,Spadafora,ME,Messina,Sicilia
083097,Taormina,ME,Messina,Sicilia
083098,Torregrotta,ME,Messina,Sicilia
083099,Tortorici,ME,Messina,Sicilia
083100,Tripi,ME,Messina,Sicilia
083101,Tusa,ME,Messina,Sicilia
083102,Ucria,ME,Messina,Sicilia
083103,Valdina,ME,Messina,Sicilia
083104,Venetico,ME,Messina,Sicilia
083105,Villafranca Tirrena,ME,Messina,Sicilia
083106,Terme Vigliatore,ME,Messina,Sicilia
083107,Acquedolci,ME,Messina,Sicilia
083108,Torrenova,ME,Messina,Sicilia
084001,Agrigento,AG,Agrigento,Sicilia
084002,Alessandria della Rocca,AG,Agrigento,Sicilia
084003,Aragona,AG,Agrigento,Sicilia
084004,Bivona,AG,Agrigento,Sicilia
084005,Burgio,AG,Agrigento,Sicilia
084006,Calamonaci,AG,Agrigento,Sicilia
084007,Caltabellotta,AG,Agrigento,Sicilia
084008,Camastra,AG,Agrigento,Sicilia
084009,Cammarata,AG,Agrigento,Sicilia
084010,Campobello di Licata,AG,Agrigento,Sicilia
084011,Canicattì,AG,Agrigento,Sicilia
084012,Casteltermini,AG,Agrigento,Sicilia
084013,Castrofilippo,AG,Agrigento,Sicilia
084014,Cattolica Eraclea,AG,Agrigento,Sicilia
084015,Cianciana,AG,Agrigento,Sicilia
084016,Comitini,AG,Agrigento,Sicilia
084017,Favara,AG,Agrigento,Sicilia
084018,Grotte,AG,Agrigento,Sicilia
084019,Joppolo Giancaxio,AG,Agrigento,Sicilia
084020,Lampedusa e Linosa,AG,Agrigento,Sicilia
084021,Licata,AG,Agrigento,Sicilia
084022,Lucca Sicula,AG,Agrigento,Sicilia
084023,Menfi,AG,Agrigento,Sicilia
084024,Montallegro,AG,Agrigento,Sicilia
084025,Montevago,AG,Agrigento,Sicilia
084026,Naro,AG,Agrigento,Sicilia
084027,Palma di Montechiaro,AG,Agrigento,Sicilia
084028,Porto Empedocle,AG,Agrigento,Sicilia
084029,Racalmuto,AG,Agrigento,Sicilia
084030,Raffadali,AG,Agrigento,Sicilia
084031,Ravanusa,AG,Agrigento,Sicilia
084032,Realmonte,AG,Agrigento,Sicilia
084033,Ribera,AG,Agrigento,Sicilia
084034,Sambuca di Sicilia,AG,Agrigento,Sicilia
084035,San Biagio Platani,AG,Agrigento,Sicilia
084036,San Giovanni Gemini,AG,Agrigento,Sicilia
084037,Santa Elisabetta,AG,Agrigento,Sicilia
084038,Santa Margherita di Belice,AG,Agrigento,Sicilia
084039,Sant'Angelo Muxaro,AG,Agrigento,Sicilia
084040,Santo Stefano Quisquina,AG,Agrigento,Sicilia
084041,Sciacca,AG,Agrigento,Sicilia
084042,Siculiana,AG,Agrigento,Sicilia
084043,Villafranca Sicula,AG,Agrigento,Sicilia
085001,Acquaviva Platani,CL,Caltanissetta,Sicilia
085002,Bompensiere,CL,Caltanissetta,Sicilia
085003,Butera,CL,Caltanissetta,Sicilia
085004,Caltanissetta,CL,Caltanissetta,Sicilia
085005,Campofranco,CL,Caltanissetta,Sicilia
085006,Delia,CL,Caltanissetta,Sicilia
085007,Gela,CL,Caltanissetta,Sicilia
085008,Marianopoli,CL,Caltanissetta,Sicilia
085009,Mazzarino,CL,Caltanissetta,Sicilia
085010,Milena,CL,Caltanissetta,Sicilia
085011,Montedoro,CL,Caltanissetta,Sicilia
085012,Mussomeli,CL,Caltanissetta,Sicilia
085013,Niscemi,CL,Caltanissetta,Sicilia
085014,Resuttano,CL,Caltanissetta,Sicilia
085015,Riesi,CL,Caltanissetta,Sicilia
085016,San Cataldo,CL,Caltanissetta,Sicilia
085017,Santa Caterina Villarmosa,CL,Caltanissetta,Sicilia
085018,Serradifalco,CL,Caltanissetta,Sicilia
085019,Sommatino,CL,Caltanissetta,Sicilia
085020,Sutera,CL,Caltanissetta,Sicilia
085021,Vallelunga Pratameno,CL,Caltanissetta,Sicilia
085022,Villalba,CL,Caltanissetta,Sicilia
086001,Agira,EN,Enna,Sicilia
086002,Aidone,EN,Enna,Sicilia
086003,Assoro,EN,Enna,Sicilia
086004,Barrafranca,EN,Enna,Sicilia
086005,Calascibetta,EN,Enna,Sicilia
086006,Catenanuova,EN,Enna,Sicilia
086007,Centuripe,EN,Enna,Sicilia
086008,Cerami,EN,Enna,Sicilia
086009,Enna,EN,Enna,Sicilia
086010,Gagliano Castelferrato,EN,Enna,Sicilia
086011,Leonforte,EN,Enna,Sicilia
086012,Nicosia,EN,Enna,Sicilia
086013,Nissoria,EN,Enna,Sicilia
086014,Piazza Armerina,EN,Enna,Sicilia
086015,Pietraperzia,EN,Enna,Sicilia
086016,Regalbuto,EN,Enna,Sicilia
086017,Sperlinga,EN,Enna,Sicilia
086018,Troina,EN,Enna,Sicilia
086019,Valguarnera Caropepe,EN,Enna,Sicilia
086020,Villarosa,EN,Enna,Sicilia
087001,Aci Bonaccorsi,CT,Catania,Sicilia
087002,Aci Castello,CT,Catania,Sicilia
087003,Aci Catena,CT,Catania,Sicilia
087004,Acireale,CT,Catania,Sicilia
087005,Aci Sant'Antonio,CT,Catania,Sicilia
087006,Adrano,CT,Catania,Sicilia
087007,Belpasso,CT,Catania,Sicilia
087008,Biancavilla,CT,Catania,Sicilia
087009,Bronte,CT,Catania,Sicilia
087010,Calatabiano,CT,Catania,Sicilia
087011,Caltagirone,CT,Catania,Sicilia
087012,Camporotondo Etneo,CT,Catania,Sicilia
087013,Castel di Iudica,CT,Catania,Sicilia
087014,Castiglione di Sicilia,CT,Catania,Sicilia
087015,Catania,CT,Catania,Sicilia
087016,Fiumefreddo di Sicilia,CT,Catania,Sicilia
087017,Giarre,CT,Catania,Sicilia
087018,Grammichele,CT,Catania,Sicilia
087019,Gravina di Catania,CT,Catania,Sicilia
087020,Licodia Eubea,CT,Catania,Sicilia
087021,Linguaglossa,CT,Catania,Sicilia
087022,Maletto,CT,Catania,Sicilia
087023,Mascali,CT,Catania,Sicilia
087024,Mascalucia,CT,Catania,Sicilia
087025,Militello in Val di Catania,CT,Catania,Sicilia
087026,Milo,CT,Catania,Sicilia
087027,Mineo,CT,Catania,Sicilia
087028,Mirabella Imbaccari,CT,Catania,Sicilia
087029,Misterbianco,CT,Catania,Sicilia
087030,Motta Sant'Anastasia,CT,Catania,Sicilia
087031,Nicolosi,CT,Catania,Sicilia
087032,Palagonia,CT,Catania,Sicilia
087033,Paternò,CT,Catania,Sicilia
087034,Pedara,CT,Catania,Sicilia
087035,Piedimonte Etneo,CT,Catania,Sicilia
087036,Raddusa,CT,Catania,Sicilia
087037,Ramacca,CT,Catania,Sicilia
087038,Randazzo,CT,Catania,Sicilia
087039,Riposto,CT,Catania,Sicilia
087040,San Cono,CT,Catania,Sicilia
087041,San Giovanni la Punta,CT,Catania,Sicilia
087042,San Gregorio di Catania,CT,Catania,Sicilia
087043,San Michele di Ganzaria,CT,Catania,Sicilia
087044,San Pietro Clarenza,CT,Catania,Sicilia
087045,Sant'Agata li Battiati,CT,Catania,Sicilia
087046,Sant'Alfio,CT,Catania,Sicilia
087047,Santa Maria di Licodia,CT,Catania,Sicilia
087048,Santa Venerina,CT,Catania,Sicilia
087049,Scordia,CT,Catania,Sicilia
087050,Trecastagni,CT,Catania,Sicilia
087051,Tremestieri Etneo,CT,Catania,Sicilia
087052,Valverde,CT,Catania,Sicilia
087053,Viagrande,CT,Catania,Sicilia
087054,Vizzini,CT,Catania,Sicilia
087055,Zafferana Etnea,CT,Catania,Sicilia
087056,Mazzarrone,CT,Catania,Sicilia
087057,Maniace,CT,Catania,Sicilia
087058,Ragalna,CT,Catania,Sicilia
088001,Acate,RG,Ragusa,Sicilia
088002,Chiaramonte Gulfi,RG,Ragusa,Sicilia
088003,Comiso,RG,Ragusa,Sicilia
088004,Giarratana,RG,Ragusa,Sicilia
088005,Ispica,RG,Ragusa,Sicilia
088006,Modica,RG,Ragusa,Sicilia
088007,Monterosso Almo,RG,Ragusa,Sicilia
088008,Pozzallo,RG,Ragusa,Sicilia
088009,Ragusa,RG,Ragusa,Sicilia
088010,Santa Croce Camerina,RG,Ragusa,Sicilia
088011,Scicli,RG,Ragusa,Sicilia
088012,Vittoria,RG,Ragusa,Sicilia
089001,Augusta,SR,Siracusa,Sicilia
089002,Avola,SR,Siracusa,Sicilia
089003,Buccheri,SR,Siracusa,Sicilia
089004,Buscemi,SR,Siracusa,Sicilia
089005,Canicattini Bagni,SR,Siracusa,Sicilia
089006,Carlentini,SR,Siracusa,Sicilia
089007,Cassaro,SR,Siracusa,Sicilia
089008,Ferla,SR,Siracusa,Sicilia
089009,Floridia,SR,Siracusa,Sicilia
089010,Francofonte,SR,Siracusa,Sicilia
089011,Lentini,SR,Siracusa,Sicilia
089012,Melilli,SR,Siracusa,Sicilia
089013,Noto,SR,Siracusa,Sicilia
089014,Pachino,SR,Siracusa,Sicilia
089015,Palazzolo Acreide,SR,Siracusa,Sicilia
089016,Rosolini,SR,Siracusa,Sicilia
089017,Siracusa,SR,Siracusa,Sicilia
089018,Solarino,SR,Siracusa,Sicilia
089019,Sortino,SR,Siracusa,Sicilia
089020,Portopalo di Capo Passero,SR,Siracusa,Sicilia
089021,Priolo Gargallo,SR,Siracusa,Sicilia
090001,Aggius,SS,Sassari,Sardegna
090002,Alà dei Sardi,SS,Sassari,Sardegna
090003,Alghero,SS,Sassari,Sardegna
090004,Anela,SS,Sassari,Sardegna
090005,Ardara,SS,Sassari,Sardegna
090006,Arzachena,SS,Sassari,Sardegna
090007,Banari,SS,Sassari,Sardegna
090008,Benetutti,SS,Sassari,Sardegna
090009,Berchidda,SS,Sassari,Sardegna
090010,Bessude,SS,Sassari,Sardegna
090011,Bonnanaro,SS,Sassari,Sardegna
090012,Bono,SS,Sassari,Sardegna
090013,Bonorva,SS,Sassari,Sardegna
090014,Bortigiadas,SS,Sassari,Sardegna
090015,Borutta,SS,Sassari,Sardegna
090016,Bottidda,SS,Sassari,Sardegna
090017,Buddusò,SS,Sassari,Sardegna
090018,Bultei,SS,Sassari,Sardegna
090019,Bulzi,SS,Sassari,Sardegna
090020,Burgos,SS,Sassari,Sardegna
090021,Calangianus,SS,Sassari,Sardegna
090022,Cargeghe,SS,Sassari,Sardegna
090023,Castelsardo,SS,Sassari,Sardegna
090024,Cheremule,SS,Sassari,Sardegna
090025,Chiaramonti,SS,Sassari,Sardegna
090026,Codrongianos,SS,Sassari,Sardegna
090027,Cossoine,SS,Sassari,Sardegna
090028,Esporlatu,SS,Sassari,Sardegna
090029,Florinas,SS,Sassari,Sardegna
090030,Giave,SS,Sassari,Sardegna
090031,Illorai,SS,Sassari,Sardegna
090032,Ittireddu,SS,Sassari,Sardegna
090033,Ittiri,SS,Sassari,Sardegna
090034,Laerru,SS,Sassari,Sardegna
090035,La Maddalena,SS,Sassari,Sardegna
090036,Luogosanto,SS,Sassari,Sardegna
090037,Luras,SS,Sassari,Sardegna
090038,Mara,SS,Sassari,Sardegna
090039,Martis,SS,Sassari,Sardegna
090040,Monteleone Rocca Doria,SS,Sassari,Sardegna
090041,Monti,SS,Sassari,Sardegna
090042,Mores,SS,Sassari,Sardegna
090043,Muros,SS,Sassari,Sardegna
090044,Nughedu San Nicolò,SS,Sassari,Sardegna
090045,Nule,SS,Sassari,Sardegna
090046,Nulvi,SS,Sassari,Sardegna
090047,Olbia,SS,Sassari,Sardegna
090048,Olmedo,SS,Sassari,Sardegna
090049,Oschiri,SS,Sassari,Sardegna
090050,Osilo,SS,Sassari,Sardegna
090051,Ossi,SS,Sassari,Sardegna
090052,Ozieri,SS,Sassari,Sardegna
090053,Padria,SS,Sassari,Sardegna
090054,Palau,SS,Sassari,Sardegna
090055,Pattada,SS,Sassari,Sardegna
090056,Perfugas,SS,Sassari,Sardegna
090057,Ploaghe,SS,Sassari,Sardegna
090058,Porto Torres,SS,Sassari,Sardegna
090059,Pozzomaggiore,SS,Sassari,Sardegna
090060,Putifigari,SS,Sassari,Sardegna
090061,Romana,SS,Sassari,Sardegna
090062,Aglientu,SS,Sassari,Sardegna
090063,Santa Teresa Gallura,SS,Sassari,Sardegna
090064,Sassari,SS,Sassari,Sardegna
090065,Sedini,SS,Sassari,Sardegna
090066,Semestene,SS,Sassari,Sardegna
090067,Sennori,SS,Sassari,Sardegna
090068,Siligo,SS,Sassari,Sardegna
090069,Sorso,SS,Sassari,Sardegna
090070,Tempio Pausania,SS,Sassari,Sardegna
090071,Thiesi,SS,Sassari,Sardegna
090072,Tissi,SS,Sassari,Sardegna
090073,Torralba,SS,Sassari,Sardegna
090074,Trinità d'Agultu e Vignola,SS,Sassari,Sardegna
090075,Tula,SS,Sassari,Sardegna
090076,Uri,SS,Sassari,Sardegna
090077,Usini,SS,Sassari,Sardegna
090078,Villanova Monteleone,SS,Sassari,Sardegna
090079,Valledoria,SS,Sassari,Sardegna
090080,Telti,SS,Sassari,Sardegna
090081,Badesi,SS,Sassari,Sardegna
090082,Viddalba,SS,Sassari,Sardegna
090083,Golfo Aranci,SS,Sassari,Sardegna
090084,Loiri Porto San Paolo,SS,Sassari,Sardegna
090085,Sant'Antonio di Gallura,SS,Sassari,Sardegna
090086,Tergu,SS,Sassari,Sardegna
090087,Santa Maria Coghinas,SS,Sassari,Sardegna
090088,Erula,SS,Sassari,Sardegna
090089,Stintino,SS,Sassari,Sardegna
090090,Padru,SS,Sassari,Sardegna
090091,Budoni,SS,Sassari,Sardegna
090092,San Teodoro,SS,Sassari,Sardegna
091001,Aritzo,NU,Nuoro,Sardegna
091002,Arzana,NU,Nuoro,Sardegna
091003,Atzara,NU,Nuoro,Sardegna
091004,Austis,NU,Nuoro,Sardegna
091005,Bari Sardo,NU,Nuoro,Sardegna
091006,Baunei,NU,Nuoro,Sardegna
091007,Belvì,NU,Nuoro,Sardegna
091008,Birori,NU,Nuoro,Sardegna
091009,Bitti,NU,Nuoro,Sardegna
091010,Bolotana,NU,Nuoro,Sardegna
091011,Borore,NU,Nuoro,Sardegna
091012,Bortigali,NU,Nuoro,Sardegna
091016,Desulo,NU,Nuoro,Sardegna
091017,Dorgali,NU,Nuoro,Sardegna
091018,Dualchi,NU,Nuoro,Sardegna
091019,Elini,NU,Nuoro,Sardegna
091024,Fonni,NU,Nuoro,Sardegna
091025,Gadoni,NU,Nuoro,Sardegna
091026,Gairo,NU,Nuoro,Sardegna
091027,Galtellì,NU,Nuoro,Sardegna
091028,Gavoi,NU,Nuoro,Sardegna
091031,Girasole,NU,Nuoro,Sardegna
091032,Ilbono,NU,Nuoro,Sardegna
091033,Irgoli,NU,Nuoro,Sardegna
091035,Jerzu,NU,Nuoro,Sardegna
091037,Lanusei,NU,Nuoro,Sardegna
091038,Lei,NU,Nuoro,Sardegna
091039,Loceri,NU,Nuoro,Sardegna
091040,Loculi,NU,Nuoro,Sardegna
091041,Lodè,NU,Nuoro,Sardegna
091042,Lotzorai,NU,Nuoro,Sardegna
091043,Lula,NU,Nuoro,Sardegna
091044,Macomer,NU,Nuoro,Sardegna
091046,Mamoiada,NU,Nuoro,Sardegna
091047,Meana Sardo,NU,Nuoro,Sardegna
091050,Noragugume,NU,Nuoro,Sardegna
091051,Nuoro,NU,Nuoro,Sardegna
091055,Oliena,NU,Nuoro,Sardegna
091056,Ollolai,NU,Nuoro,Sardegna
091057,Olzai,NU,Nuoro,Sardegna
091058,Onanì,NU,Nuoro,Sardegna
091059,Onifai,NU,Nuoro,Sardegna
091060,Oniferi,NU,Nuoro,Sardegna
091061,Orani,NU,Nuoro,Sardegna
091062,Orgosolo,NU,Nuoro,Sardegna
091063,Orosei,NU,Nuoro,Sardegna
091064,Orotelli,NU,Nuoro,Sardegna
091066,Ortueri,NU,Nuoro,Sardegna
091067,Orune,NU,Nuoro,Sardegna
091068,Osidda,NU,Nuoro,Sardegna
091069,Osini,NU,Nuoro,Sardegna
091070,Ottana,NU,Nuoro,Sardegna
091071,Ovodda,NU,Nuoro,Sardegna
091072,Perdasdefogu,NU,Nuoro,Sardegna
091073,Posada,NU,Nuoro,Sardegna
091077,Sarule,NU,Nuoro,Sardegna
091083,Silanus,NU,Nuoro,Sardegna
091084,Sindia,NU,Nuoro,Sardegna
091085,Siniscola,NU,Nuoro,Sardegna
091086,Sorgono,NU,Nuoro,Sardegna
091088,Talana,NU,Nuoro,Sardegna
091089,Tertenia,NU,Nuoro,Sardegna
091090,Teti,NU,Nuoro,Sardegna
091091,Tiana,NU,Nuoro,Sardegna
091093,Tonara,NU,Nuoro,Sardegna
091094,Torpè,NU,Nuoro,Sardegna
091095,Tortolì,NU,Nuoro,Sardegna
091097,Triei,NU,Nuoro,Sardegna
091098,Ulassai,NU,Nuoro,Sardegna
091099,Urzulei,NU,Nuoro,Sardegna
091100,Ussassai,NU,Nuoro,Sardegna
091101,Villagrande Strisaili,NU,Nuoro,Sardegna
091103,Cardedu,NU,Nuoro,Sardegna
091104,Lodine,NU,Nuoro,Sardegna
092003,Assemini,CA,Cagliari,Sardegna
092009,Cagliari,CA,Cagliari,Sardegna
092011,Capoterra,CA,Cagliari,Sardegna
092015,Decimomannu,CA,Cagliari,Sardegna
092037,Maracalagonis,CA,Cagliari,Sardegna
092050,Pula,CA,Cagliari,Sardegna
092051,Quartu Sant'Elena,CA,Cagliari,Sardegna
092066,Sarroch,CA,Cagliari,Sardegna
092068,Selargius,CA,Cagliari,Sardegna
092074,Sestu,CA,Cagliari,Sardegna
092075,Settimo San Pietro,CA,Cagliari,Sardegna
092080,Sinnai,CA,Cagliari,Sardegna
092090,Uta,CA,Cagliari,Sardegna
092099,Villa San Pietro,CA,Cagliari,Sardegna
092105,Quartucciu,CA,Cagliari,Sardegna
092108,Elmas,CA,Cagliari,Sardegna
092109,Monserrato,CA,Cagliari,Sardegna
095001,Abbasanta,OR,Oristano,Sardegna
095002,Aidomaggiore,OR,Oristano,Sardegna
095003,Albagiara,OR,Oristano,Sardegna
095004,Ales,OR,Oristano,Sardegna
095005,Allai,OR,Oristano,Sardegna
095006,Arborea,OR,Oristano,Sardegna
095007,Ardauli,OR,Oristano,Sardegna
095008,Assolo,OR,Oristano,Sardegna
095009,Asuni,OR,Oristano,Sardegna
095010,Baradili,OR,Oristano,Sardegna
095011,Baratili San Pietro,OR,Oristano,Sardegna
095012,Baressa,OR,Oristano,Sardegna
095013,Bauladu,OR,Oristano,Sardegna
095014,Bidonì,OR,Oristano,Sardegna
095015,Bonarcado,OR,Oristano,Sardegna
095016,Boroneddu,OR,Oristano,Sardegna
095017,Busachi,OR,Oristano,Sardegna
095018,Cabras,OR,Oristano,Sardegna
095019,Cuglieri,OR,Oristano,Sardegna
095020,Fordongianus,OR,Oristano,Sardegna
095021,Ghilarza,OR,Oristano,Sardegna
095022,Gonnoscodina,OR,Oristano,Sardegna
095023,Gonnosnò,OR,Oristano,Sardegna
095024,Gonnostramatza,OR,Oristano,Sardegna
095025,Marrubiu,OR,Oristano,Sardegna
095026,Masullas,OR,Oristano,Sardegna
095027,Milis,OR,Oristano,Sardegna
095028,Mogorella,OR,Oristano,Sardegna
095029,Mogoro,OR,Oristano,Sardegna
095030,Morgongiori,OR,Oristano,Sardegna
095031,Narbolia,OR,Oristano,Sardegna
095032,Neoneli,OR,Oristano,Sardegna
095033,Norbello,OR,Oristano,Sardegna
095034,Nughedu Santa Vittoria,OR,Oristano,Sardegna
095035,Nurachi,OR,Oristano,Sardegna
095036,Nureci,OR,Oristano,Sardegna
095037,Ollastra,OR,Oristano,Sardegna
095038,Oristano,OR,Oristano,Sardegna
095039,Palmas Arborea,OR,Oristano,Sardegna
095040,Pau,OR,Oristano,Sardegna
095041,Paulilatino,OR,Oristano,Sardegna
095042,Pompu,OR,Oristano,Sardegna
095043,Riola Sardo,OR,Oristano,Sardegna
095044,Ruinas,OR,Oristano,Sardegna
095045,Samugheo,OR,Oristano,Sardegna
095046,San Nicolò d'Arcidano,OR,Oristano,Sardegna
095047,Santa Giusta,OR,Oristano,Sardegna
095048,Villa Sant'Antonio,OR,Oristano,Sardegna
095049,Santu Lussurgiu,OR,Oristano,Sardegna
095050,San Vero Milis,OR,Oristano,Sardegna
095051,Scano di Montiferro,OR,Oristano,Sardegna
095052,Sedilo,OR,Oristano,Sardegna
095053,Seneghe,OR,Oristano,Sardegna
095054,Senis,OR,Oristano,Sardegna
095055,Sennariolo,OR,Oristano,Sardegna
095056,Siamaggiore,OR,Oristano,Sardegna
095057,Siamanna,OR,Oristano,Sardegna
095058,Simala,OR,Oristano,Sardegna
095059,Simaxis,OR,Oristano,Sardegna
095060,Sini,OR,Oristano,Sardegna
095061,Siris,OR,Oristano,Sardegna
095062,Solarussa,OR,Oristano,Sardegna
095063,Sorradile,OR,Oristano,Sardegna
095064,Tadasuni,OR,Oristano,Sardegna
095065,Terralba,OR,Oristano,Sardegna
095066,Tramatza,OR,Oristano,Sardegna
095067,Tresnuraghes,OR,Oristano,Sardegna
095068,Ulà Tirso,OR,Oristano,Sardegna
095069,Uras,OR,Oristano,Sardegna
095070,Usellus,OR,Oristano,Sardegna
095071,Villanova Truschedu,OR,Oristano,Sardegna
095072,Villaurbana,OR,Oristano,Sardegna
095073,Villa Verde,OR,Oristano,Sardegna
095074,Zeddiani,OR,Oristano,Sardegna
095075,Zerfaliu,OR,Oristano,Sardegna
095076,Siapiccia,OR,Oristano,Sardegna
095077,Curcuris,OR,Oristano,Sardegna
095078,Soddì,OR,Oristano,Sardegna
095079,Bosa,OR,Oristano,Sardegna
095080,Flussio,OR,Oristano,Sardegna
095082,Laconi,OR,Oristano,Sardegna
095083,Magomadas,OR,Oristano,Sardegna
095084,Modolo,OR,Oristano,Sardegna
095085,Montresta,OR,Oristano,Sardegna
095086,Sagama,OR,Oristano,Sardegna
095087,Suni,OR,Oristano,Sardegna
095088,Tinnura,OR,Oristano,Sardegna
111001,Arbus,SU,Sud Sardegna,Sardegna
111002,Armungia,SU,Sud Sardegna,Sardegna
111003,Ballao,SU,Sud Sardegna,Sardegna
111004,Barrali,SU,Sud Sardegna,Sardegna
111005,Barumini,SU,Sud Sardegna,Sardegna
111006,Buggerru,SU,Sud Sardegna,Sardegna
111007,Burcei,SU,Sud Sardegna,Sardegna
111008,Calasetta,SU,Sud Sardegna,Sardegna
111009,Carbonia,SU,Sud Sardegna,Sardegna
111010,Carloforte,SU,Sud Sardegna,Sardegna
111011,Castiadas,SU,Sud Sardegna,Sardegna
111012,Collinas,SU,Sud Sardegna,Sardegna
111013,Decimoputzu,SU,Sud Sardegna,Sardegna
111014,Dolianova,SU,Sud Sardegna,Sardegna
111015,Domus de Maria,SU,Sud Sardegna,Sardegna
111016,Domusnovas,SU,Sud Sardegna,Sardegna
111017,Donori,SU,Sud Sardegna,Sardegna
111018,Escalaplano,SU,Sud Sardegna,Sardegna
111019,Escolca,SU,Sud Sardegna,Sardegna
111020,Esterzili,SU,Sud Sardegna,Sardegna
111021,Fluminimaggiore,SU,Sud Sardegna,Sardegna
111022,Furtei,SU,Sud Sardegna,Sardegna
111023,Genoni,SU,Sud Sardegna,Sardegna
111024,Genuri,SU,Sud Sardegna,Sardegna
111025,Gergei,SU,Sud Sardegna,Sardegna
111026,Gesico,SU,Sud Sardegna,Sardegna
111027,Gesturi,SU,Sud Sardegna,Sardegna
111028,Giba,SU,Sud Sardegna,Sardegna
111029,Goni,SU,Sud Sardegna,Sardegna
111030,Gonnesa,SU,Sud Sardegna,Sardegna
111031,Gonnosfanadiga,SU,Sud Sardegna,Sardegna
111032,Guamaggiore,SU,Sud Sardegna,Sardegna
111033,Guasila,SU,Sud Sardegna,Sardegna
111034,Guspini,SU,Sud Sardegna,Sardegna
111035,Iglesias,SU,Sud Sardegna,Sardegna
111036,Isili,SU,Sud Sardegna,Sardegna
111037,Las Plassas,SU,Sud Sardegna,Sardegna
111038,Lunamatrona,SU,Sud Sardegna,Sardegna
111039,Mandas,SU,Sud Sardegna,Sardegna
111040,Masainas,SU,Sud Sardegna,Sardegna
111041,Monastir,SU,Sud Sardegna,Sardegna
111042,Muravera,SU,Sud Sardegna,Sardegna
111043,Musei,SU,Sud Sardegna,Sardegna
111044,Narcao,SU,Sud Sardegna,Sardegna
111045,Nuragus,SU,Sud Sardegna,Sardegna
111046,Nurallao,SU,Sud Sardegna,Sardegna
111047,Nuraminis,SU,Sud Sardegna,Sardegna
111048,Nurri,SU,Sud Sardegna,Sardegna
111049,Nuxis,SU,Sud Sardegna,Sardegna
111050,Orroli,SU,Sud Sardegna,Sardegna
111051,Ortacesus,SU,Sud Sardegna,Sardegna
111052,Pabillonis,SU,Sud Sardegna,Sardegna
111053,Pauli Arbarei,SU,Sud Sardegna,Sardegna
111054,Perdaxius,SU,Sud Sardegna,Sardegna
111055,Pimentel,SU,Sud Sardegna,Sardegna
111056,Piscinas,SU,Sud Sardegna,Sardegna
111057,Portoscuso,SU,Sud Sardegna,Sardegna
111058,Sadali,SU,Sud Sardegna,Sardegna
111059,Samassi,SU,Sud Sardegna,Sardegna
111060,Samatzai,SU,Sud Sardegna,Sardegna
111061,San Basilio,SU,Sud Sardegna,Sardegna
111062,San Gavino Monreale,SU,Sud Sardegna,Sardegna
111063,San Giovanni Suergiu,SU,Sud Sardegna,Sardegna
111064,San Nicolò Gerrei,SU,Sud Sardegna,Sardegna
111065,San Sperate,SU,Sud Sardegna,Sardegna
111066,San Vito,SU,Sud Sardegna,Sardegna
111067,Sanluri,SU,Sud Sardegna,Sardegna
111068,Santadi,SU,Sud Sardegna,Sardegna
111069,Sant'Andrea Frius,SU,Sud Sardegna,Sardegna
111070,Sant'Anna Arresi,SU,Sud Sardegna,Sardegna
111071,Sant'Antioco,SU,Sud Sardegna,Sardegna
111072,Sardara,SU,Sud Sardegna,Sardegna
111073,Segariu,SU,Sud Sardegna,Sardegna
111074,Selegas,SU,Sud Sardegna,Sardegna
111075,Senorbì,SU,Sud Sardegna,Sardegna
111076,Serdiana,SU,Sud Sardegna,Sardegna
111077,Serramanna,SU,Sud Sardegna,Sardegna
111078,Serrenti,SU,Sud Sardegna,Sardegna
111079,Serri,SU,Sud Sardegna,Sardegna
111080,Setzu,SU,Sud Sardegna,Sardegna
111081,Seui,SU,Sud Sardegna,Sardegna
111082,Seulo,SU,Sud Sardegna,Sardegna
111083,Siddi,SU,Sud Sardegna,Sardegna
111084,Siliqua,SU,Sud Sardegna,Sardegna
111085,Silius,SU,Sud Sardegna,Sardegna
111086,Siurgus Donigala,SU,Sud Sardegna,Sardegna
111087,Soleminis,SU,Sud Sardegna,Sardegna
111088,Suelli,SU,Sud Sardegna,Sardegna
111089,Teulada,SU,Sud Sardegna,Sardegna
111090,Tratalias,SU,Sud Sardegna,Sardegna
111091,Tuili,SU,Sud Sardegna,Sardegna
111092,Turri,SU,Sud Sardegna,Sardegna
111093,Ussana,SU,Sud Sardegna,Sardegna
111094,Ussaramanna,SU,Sud Sardegna,Sardegna
111095,Vallermosa,SU,Sud Sardegna,Sardegna
111096,Villacidro,SU,Sud Sardegna,Sardegna
111097,Villamar,SU,Sud Sardegna,Sardegna
111098,Villamassargia,SU,Sud Sardegna,Sardegna
111099,Villanova Tulo,SU,Sud Sardegna,Sardegna
111100,Villanovaforru,SU,Sud Sardegna,Sardegna
111101,Villanovafranca,SU,Sud Sardegna,Sardegna
111102,Villaperuccio,SU,Sud Sardegna,Sardegna
111103,Villaputzu,SU,Sud Sardegna,Sardegna
111104,Villasalto,SU,Sud Sardegna,Sardegna
111105,Villasimius,SU,Sud Sardegna,Sardegna
111106,Villasor,SU,Sud Sardegna,Sardegna
111107,Villaspeciosa,SU,Sud Sardegna,Sardegna
