comune,cig,numero_gara,oggetto,tipo_scelta,data_pubblicazione,data_scadenza_offerta,importo_lotto,esito,cancellato,cpv,file
Arcisate,BC79E340E8,250810124001,SERVIZI TECNICI FRANA MONTE RHO,AFFIDAMENTO DIRETTO,2026-07-22,2026-07-21,79432.82,AGGIUDICATA,,71300000-1,20260801
Arcisate,BC9B51DCE1,222746781,FORNITURA BARRIERE MANIFESTAZIONI,AFFIDAMENTO DIRETTO,2026-08-12,2026-08-03,10398.0,AGGIUDICATA,,34928300-1,20260901
Arosio,BC916FF164,SEGRE_200726_1,CAVALLERIA RUSTICANA E PAGLIACCI,AFFIDAMENTO DIRETTO,2026-07-30,2026-07-29,18000.0,AGGIUDICATA,,79952000-2,20260801
Arosio,BCA056F530,AROSIO-LLPP-M-011_26,"RICHIESTA OFFERTA PER INCARICO PROFESSIONALE DEI SERVIZI TECNICI RELATIVI AI RILIEVI, ALLA PROGETTAZIONE ESECUTIVA, DL, CONTABILITÀ, CRE DEI LAVORI PER L'ADEGUAMENTO IMPIANTO ELETTRICO DEL CENTRO CIVI",AFFIDAMENTO DIRETTO,2026-08-05,2026-08-04,12454.13,AGGIUDICATA,,71300000-1,20260901
Arosio,BCB3385F36,AROSIO-LLPP-M-013_26,LAVORI DI EFFICIENTAMENTO ENERGETICO INERENTI - INTERVENTO A - DI RELAMPING + BA SU EDIFICIO SCOLASTICO,AFFIDAMENTO DIRETTO,2026-08-13,2026-08-12,146020.0,AGGIUDICATA,,45300000-0,20261001
Arosio,BCD3C731BB,SEGRE_140826_1,RIORDINO E CENSIMENTO ARCHIVIO COMUNALE,AFFIDAMENTO DIRETTO,2026-09-02,2026-09-01,39000.0,AGGIUDICATA,,92512000-3,20261001
Bernareggio,BC50F6C932,SETTORE 3 - SINTEL 47,PROSIEGUO INSERIMENTO DELLA PERSONA DISABILE PRESSO LO SFA/CSE IL BRUGO GESTITO DA IL BRUGO SOCIETÀ COOPERATIVA SOCIALE PER IL PERIODO 01/09/2026 - 31/07/2027 ,AFFIDAMENTO DIRETTO,2026-07-08,2026-07-07,5390.0,AGGIUDICATA,,85311200-4,20260801
Bernareggio,BC511EC957,SETTORE 3 - SINTEL 49,PROSEGUIMENTO INSERIMENTO PERSONA DISABILE PRESSO CSE IL ROSETO GESTITO DA COOPERATIVA SOCIALE LA ROSA BLU ONLUS PER IL PERIODO 01/09/2026 - 31/12/2026 ,AFFIDAMENTO DIRETTO,2026-07-08,2026-07-07,5600.0,AGGIUDICATA,,85311200-4,20260801
Bernareggio,BC5114D622,SETTORE 3 - SINTEL 48,PROSEGUO INSERIMENTO SOGGETTO DISABILE ADULTO PRESSO IL LABORATORIO CREATIVO DELLA COOPERATIVA BRUGO PER IL PERIODO 01/09/2026 - 31/07/2027 ,AFFIDAMENTO DIRETTO,2026-07-08,2026-07-07,11946.0,AGGIUDICATA,,85311200-4,20260801
Bernareggio,BC7CFC6904,CONSIP_ORDINE_9139479,ADESIONE CONVENZIONE CONSIP PER LA FORNITURA DI ENERGIA ELETTRICA ID2880 - LOTTO 3,AFFIDAMENTO DIRETTO,2026-07-22,2026-07-22,730000.0,AGGIUDICATA,,09310000-5,20260801
Bernareggio,BC86E8BE53,CONSIP_ORDINE_9155658,ADESIONE CONVENZIONE CONSIP PER LA FORNITURA DI ENERGIA ELETTRICA ID2880 - LOTTO 3,AFFIDAMENTO DIRETTO,2026-07-27,2026-07-27,730000.0,AGGIUDICATA,,09310000-5,20260801
Bernareggio,BC88B9336B,CONSIP_ORDINE_9156336,LICENZE MICROSOFT 365 PER IL PERIODO 01/09/2026 - 31/08/2027,AFFIDAMENTO DIRETTO,2026-07-28,2026-07-27,9831.0,AGGIUDICATA,,48771000-3,20260801
Bernareggio,BC957F08C4,CONSIP_ORI_9157551,ADESIONE ALLA CONVENZIONE DELLA CITTÀ METROPOLITANA DI MILANO PER IL SERVIZIO DI PULIZIA IMMOBILI COMUNALI 01/09/2026 - 31/08/2029,AFFIDAMENTO DIRETTO,2026-07-30,2026-07-30,264794.4,AGGIUDICATA,,90911200-8,20260801
Bonate Sotto,BC1A419210,60_2026Bon1,ASSISTENZA TECNICO-ECONOMICA PER LA VALIDAZIONE DEL PIANO ECONOMICO FINANZIARIO (PEF) DEL SERVIZIO RIFIUTI 2026-2029 E SUPPORTO AGLI ADEMPIMENTI ARERA ,AFFIDAMENTO DIRETTO,2026-06-22,2026-06-19,9000.0,AGGIUDICATA,,71356200-0,20261001
Bonate Sotto,BC4EC65167,CONSIP_ORDINE_9137342,FORNITURA N. 10 CESTINI PER PARCO BROLO,AFFIDAMENTO DIRETTO,2026-07-08,2026-07-07,9922.0,AGGIUDICATA,,34928400-2,20260801
Bonate Sotto,BC5D89CFA2,67_2026Bon1,"AFFIDAMENTO DIRETTO DEL SERVIZIO DI PULIZIA, SPURGO, LAVAGGIO, TRASPORTO E SMALTIMENTO DEI REFLUI E DEI MATERIALI DEPOSITATI PRESSO GLI IMPIANTI DI RACCOLTA E SMALTIMENTO DELLE ACQUE METEORICHE DEL CE",AFFIDAMENTO DIRETTO,2026-07-13,2026-07-10,6000.0,AGGIUDICATA,,90470000-2,20260801
Bonate Sotto,BCB3E0F1B0,78_2026Bon1,"MANUTENZIONE STRAORDINARIA DEL MANTO STRADALE CON REALIZZAZIONE CORSIE CICLABILI E PEDONALI IN VIA BERNINI, VIA CANOVA, VIA ROMA, VIA VILLA, VIA MANZONI NEL TERRITORIO DEL COMUNE DI BONATE SOTTO",PROCEDURA NEGOZIATA SENZA PREVIA PUBBLICAZIONE,2026-08-13,,328742.59,,,45233220-7,20260901
Bonate Sotto,BCC7EDBC8B,79_2026Bon1,"LAVORI DI EFFICIENTAMENTO ENERGETICO CENTRALE TERMICA A SERVIZIO DEL CENTRO SOCIO-CULTURALE SITO IN VIA SANTA GIULIA, 3",AFFIDAMENTO DIRETTO,2026-08-27,2026-08-26,108966.07,AGGIUDICATA,,45331000-6,20260901
Bonate Sotto,B894F7DEA3,	TRASPORTO-SCOLASTICO-25/26,SERVIZIO DI TRASPORTO SCOLASTICO ALUNNI SCUOLA SECONDARIA PERIODO NOVEMBRE 2025/MARZO 2026 CON OPZIONE DI RINNOVO NOVEMBRE 2026/MARZO 2027,AFFIDAMENTO DIRETTO,2026-09-25,2025-10-09,16362.0,AGGIUDICATA,,60100000-9,20261001
Borgo Virgilio,BBDD55F364,BV7-GND-2026/14,FORNITURA E POSA DI ARREDO LUDICO NEI PARCHI PUBBLICI ,AFFIDAMENTO DIRETTO,2026-06-01,2026-05-29,13660.0,AGGIUDICATA,,37535200-9,20260901
Borgo Virgilio,BBDEB78FAE,BV7-GND-2026/13,FORNITURA E POSA DI ARREDO LUDICO ED URBANO NEL PARCO YOGHI DI VIA FRATELLI CERVI ,AFFIDAMENTO DIRETTO,2026-06-01,2026-05-29,13627.0,AGGIUDICATA,,37535200-9,20261001
Borgo Virgilio,BBF0456719,BV-2026-7,INTERVENTI DI MANUTENZIONE STRAORDINARIA IMPIANTI IDRICI E TERMOMECCANICI PRESSO LA PISCINA COMUNALE E CASERMA DEI CARABINIERI.,AFFIDAMENTO DIRETTO,2026-06-09,2026-06-08,2550.0,AGGIUDICATA,,45232120-9,20261001
Borgo Virgilio,BBF04577EC,BV-2026-7,INTERVENTI DI MANUTENZIONE STRAORDINARIA IMPIANTI IDRICI E TERMOMECCANICI PRESSO LA PISCINA COMUNALE E CASERMA DEI CARABINIERI.,AFFIDAMENTO DIRETTO,2026-06-09,2026-06-08,4220.0,AGGIUDICATA,,50710000-5,20261001
Borgo Virgilio,BBF45E2E62,BV-2026-5,AFFIDAMENTO DEL SERVIZIO DI PULIZIA IN IMMOBILI COMUNALI,AFFIDAMENTO DIRETTO,2026-06-09,2026-06-08,5055.42,AGGIUDICATA,,90911200-8,20260901
Borgo Virgilio,BBF45E1D8F,BV-2026-5,AFFIDAMENTO DEL SERVIZIO DI PULIZIA IN IMMOBILI COMUNALI,AFFIDAMENTO DIRETTO,2026-06-09,2026-06-08,5200.0,AGGIUDICATA,,90911200-8,20260901
Borgo Virgilio,BC1119055A,BV6-3081,LAVORI DI ASFALTATURA STRADA A SCORRIMENTO PARALLELO NELL'AMBITO DEI LAVORI DI RIQUALIFICAZIONE FUNZIONALE OPERE DI URBANIZZAZIONE E ARREDO URBANO PRESSO LA FRAZIONE DI CAPPELLETTA,AFFIDAMENTO DIRETTO,2026-06-18,2026-06-17,17400.0,AGGIUDICATA,,45232220-0,20260801
Borgo Virgilio,BC5CEF47AF,2026 S2N1,ACQUISTO CANCELLERIA,AFFIDAMENTO DIRETTO,2026-07-10,2026-07-10,717.3377,AGGIUDICATA,,30192700-8,20260801
Borgo Virgilio,BC5CCFA61F,BV6-3080,SERVIZIO DISINFESTAZIONE LARVICIDA ZANZARE AREE PUBBLICHE,AFFIDAMENTO DIRETTO,2026-07-13,2026-07-10,7767.9,AGGIUDICATA,,90923000-3,20260801
Borgo Virgilio,BC76582791,BV6-3087,INCARICO PER SERVIZI TECNICI RELATIVI AI LAVORI DI RIQUALIFICAZIONE DI VIA MICHELANGELO E DEL LIMITROFO PARCHEGGIO VEICOLARE A SERVIZIO DELLE ATTIVITÀ COMMERCIALI,AFFIDAMENTO DIRETTO,2026-07-22,2026-07-21,10810.5,AGGIUDICATA,,71240000-2,20260801
Borgo Virgilio,BC635E4A0A,BV6-3085,AFFIDAMENTO PER LA FORNITURA E POSA IN OPERA AD USO NOLEGGIO DI IMPIANTI ELETTRICI MANIFESTAZIONI ESTIVE 2026 - DITTA BOSI SRL,AFFIDAMENTO DIRETTO,2026-07-22,2026-07-14,6740.0,AGGIUDICATA,,45315000-8,20260801
Borgo Virgilio,BBAC43C910,BV7-GND-2026/12,AFFIDAMENTO SERVIZI CIMITERIALI PER IL PERIODO 01/06/2026 - 30/05/2029,AFFIDAMENTO DIRETTO,2026-07-23,2026-05-15,125937.15,AGGIUDICATA,,98371110-8,20260801
Borgo Virgilio,BC886A1EAB,CONSIP_ORDINE_9155218,FORNITURA E POSA DI DISPOSITIVO PER IL RILIEVO DELLE INFRAZIONI DI VELOCITÀ IN SP 413 ROMANA FUORI CENTRO ABITATO DI PIETOLE,AFFIDAMENTO DIRETTO,2026-07-28,2026-07-27,20000.0,AGGIUDICATA,,34923000-3,20261001
Borgo Virgilio,BCA8893DAB,CONSIP_ORDINE_9161654,ACQUISTO ENERGIA ELETTRICA PER UTENZE COMUNALI PER 24 MESI,AFFIDAMENTO DIRETTO,2026-08-06,2026-08-06,220000.0,AGGIUDICATA,,65310000-9,20260901
Borgo Virgilio,BCA8B25CAB,CONSIP_ORDINE_9166693,ACQUISTO GAS NATURALE PER UTENZE COMUNE DI BORGO VIRGILIO,AFFIDAMENTO DIRETTO,2026-08-06,2026-08-06,220000.0,AGGIUDICATA,,09123000-7,20260901
Borgo Virgilio,BCA5B95CB7,BV-2026-10,FORNITURA E POSA GRUPPO FRIGO PRESSO IL MUSEO VIRGILIANO DI PIETOLE,AFFIDAMENTO DIRETTO,2026-08-07,2026-08-06,8995.0,AGGIUDICATA,,45213210-8,20260901
Borgo Virgilio,BCAFD7B70B,CONSIP_ORDINE_9169016,FORNITURA ENERGIA ELETTRICA,AFFIDAMENTO DIRETTO,2026-08-10,2026-08-10,222000.0,AGGIUDICATA,,65310000-9,20260901
Borgo Virgilio,BCAEB08D7E,CONSIP_ORDINE_9168692,ACQUISTO ENERGIA ELETTRICA UTENZE COMUNALI,AFFIDAMENTO DIRETTO,2026-08-10,2026-08-10,222000.0,AGGIUDICATA,,65310000-9,20260901
Borgo Virgilio,BCAEC3FE23,CONSIP_ORDINE_9168716,ACQUISTO GAS NATURALE PER UTENZE COMUNALI,AFFIDAMENTO DIRETTO,2026-08-10,2026-08-10,220000.0,AGGIUDICATA,,09123000-7,20260901
Borgo Virgilio,BCB1425B00,BV-2026-12,VISITARE LA STORIA - ESPLORA IL MUSEO DIFFUSO DEL RISORGIMENTO 2.0. FORTE CENTRALE DI BORGOFORTE (CUP J22F22000330007 - CUP MASTER G26J23000060009). AFFIDAMENTO OPERE A VERDE,AFFIDAMENTO DIRETTO,2026-08-12,2026-08-11,9000.0,AGGIUDICATA,,45112710-5,20260901
Borgo Virgilio,BCB06D3CFA,BV-2026-11,VISITARE LA STORIA - ESPLORA IL MUSEO DIFFUSO DEL RISORGIMENTO 2.0. FORTE CENTRALE DI BORGOFORTE (CUP J22F22000330007 - CUP MASTER G26J23000060009). AFFIDAMENTO LAVORI DA FABBRO,AFFIDAMENTO DIRETTO,2026-08-12,2026-08-11,6459.0,AGGIUDICATA,,45421100-5,20260901
Borgo Virgilio,BCB5DFDB13,BV7-GND-2026/23,MANUTENZIONE STRAORDINARIA DEL VERDE PUBBLICO PER EVENTI ATMOSFERICI AVVERSI,AFFIDAMENTO DIRETTO,2026-08-18,2026-08-13,11433.0,AGGIUDICATA,,77211300-5,20260901
Borgo Virgilio,BCBBBE270A,BV-2026-16,VISITARE LA STORIA - ESPLORA IL MUSEO DIFFUSO DEL RISORGIMENTO 2.0. FORTE CENTRALE DI BORGOFORTE (CUP J22F22000330007 - CUP MASTER G26J23000060009). AFFIDAMENTO OPERE IDRAULICHE,AFFIDAMENTO DIRETTO,2026-08-20,2026-08-19,11000.0,AGGIUDICATA,,45317100-3,20260901
Borgo Virgilio,BCC867B764,BV-2026-20,AFFIDAMENTO INCARICO PROFESSIONALE PER REDAZIONE DI RELAZIONE GEOLOGICA E GEOTECNICA LAVORI DI RINFORZO ARGINALE VIA VIRGILIANA E DEMOLIZIONE E RICOSTRUZIONE PALATENNIS,AFFIDAMENTO DIRETTO,2026-08-27,2026-08-26,10372.44,AGGIUDICATA,,71351200-5,20260901
Borgo Virgilio,BCC867C837,BV-2026-20,AFFIDAMENTO INCARICO PROFESSIONALE PER REDAZIONE DI RELAZIONE GEOLOGICA E GEOTECNICA LAVORI DI RINFORZO ARGINALE VIA VIRGILIANA E DEMOLIZIONE E RICOSTRUZIONE PALATENNIS,AFFIDAMENTO DIRETTO,2026-08-27,2026-08-26,14943.04,AGGIUDICATA,,71351200-5,20260901
Borgo Virgilio,BCDDE7B81A,BV-2026-21,LAVORI DI MANUTENZIONE STRAORDINARIA PER LA RIQUALIFICAZIONE DI VIA L. GUERRA. AFFIDAMENTO INCARICO PER SERVIZI TECNICI ,AFFIDAMENTO DIRETTO,2026-09-07,2026-09-04,26777.55,AGGIUDICATA,,71300000-1,20261001
Borgo Virgilio,BCE0E43645,BVS9S7202605,SOSTITUZIONE CONTROSOFFITTI E PANNELLI FONOASSORBENTI SCUOLA MATERNA CERESE 2 ,AFFIDAMENTO DIRETTO,2026-09-11,2026-09-07,17790.0,AGGIUDICATA,,45421146-9,20261001
Borgo Virgilio,BD10F1E10E,CONSIP_RDO_6570084,"FORNITURA DI DIVISE, CALZATURE ED ACCESSORI PREVISTI DAL REGOLAMENTO REGIONE LOMBARDIA N. 5/2019 AGLI APPARTENENTI AL CORPO DI POLIZIA LOCALE DEL COMUNE DI BORGO VIRGILIO",AFFIDAMENTO DIRETTO,2026-09-23,2026-09-22,7377.04,AGGIUDICATA,,35811200-4,20261001
Borgo Virgilio,BD1C9AA28D,BVS9S7202606,"LAVORI DI ADEGUAMENTO IMPIANTISTICO ANTICENDIO, PREDISPOSIZIONE ALLACCI CONTATORE PRODUZIONE, ASSITENZA ELETTRICA E FORNITURA E POSA DI 3 CORPI ILLUMINANTI",AFFIDAMENTO DIRETTO,2026-09-29,2026-09-25,7021.75,AGGIUDICATA,,45300000-0,20261001
Brembate di Sopra,BC38D1EF47,CONSIP_RDO_6420108,SERVIZIO DI CARICAMENTO DELLA VARIANTE DI PGT APPROVATA CON DELIBERAZIONE DEL CONSIGLIO COMUNALE N. 37 DEL 22.12.2025,AFFIDAMENTO DIRETTO,2026-07-01,2026-06-30,5000.0,AGGIUDICATA,,72300000-8,20261001
Brembate di Sopra,BC58916FAE,CONSIP_RDO_6455530,"CONCESSIONE DEL SERVIZIO DI SOMMINISTRAZIONE DI BEVANDE CALDE, FREDDE E SNACK MEDIANTE L'INSTALLAZIONE E LA GESTIONE DI DISTRIBUTORI AUTOMATICI PRESSO I LOCALI DI PROPRIETÀ DEL COMUNE DI BREMBATE DI S",PROCEDURA NEGOZIATA SENZA PREVIA PUBBLICAZIONE,2026-07-09,2026-07-24,26400.0,,,42933300-8,20260801
Brembate di Sopra,BC2FF396F3,7949-2026,DIREZIONE LAVORI E COORDINAMENTO SICUREZZA NELL'AMBITO DEI LAVORI DI RIQUALIFICAZIONE DEL CENTRO SPORTIVO COMUNALE DI VIA LOCATELLI,AFFIDAMENTO DIRETTO,2026-07-23,2026-06-25,49807.89,AGGIUDICATA,,71356000-8,20260801
Brembate di Sopra,BCE5CF24CD,CONSIP_UNBOUND_1788859873131,SERVIZI INTEGRATIVI ASSISTENZA SCOLASTICA A.S. 2026-2027,AFFIDAMENTO DIRETTO A SOCIETA' IN HOUSE,2026-09-09,2026-09-08,23806.17,AGGIUDICATA,,80410000-1,20261001
Brembate di Sopra,BD013B697E,CONSIP_RDO_6559018,FORNITURA DI NUOVO DATACENTER,AFFIDAMENTO DIRETTO,2026-09-18,2026-09-17,63828.0,AGGIUDICATA,,48820000-2,20261001
Cabiate,BBF43F8A07,LAV-0166,INTERVENTI DI DIFESA DEL SUOLO PER IL RIPRISTINO DANNI E MONITORAGGIO A SEGUITO DI EVENTO ALLUVIONALE DEL 22 SETTEMBRE 2025,PROCEDURA NEGOZIATA SENZA PREVIA PUBBLICAZIONE,2026-06-09,2026-07-27,398400.0,AGGIUDICATA,,45231300-8,20260901
Cabiate,BC68CDDFB1,LAV-0169,LAVORI DI AMPLIAMENTO DELL'ASILO NIDO COMUNALE PADULLI VIALE BRIANZA N. 55 – CABIATE (CO),AFFIDAMENTO DIRETTO,2026-07-16,2026-07-15,29574.0,AGGIUDICATA,,45262522-6,20260801
Cabiate,BC766ADE4D,SERV-148,INCARICO PROFESSIONALE PER L'ESECUZIONE DI VERIFICHE DIVULNERABILITA' SISMICA SUGLI EDIFICI DI PROPRIETA' COMUNALE:PALAZZETTO DELLO SPORT SARA COLOMBO E SCUOLA INFANZIA E NIDOPADULLI - COMUNE DI CABIA,AFFIDAMENTO DIRETTO,2026-07-22,2026-07-21,40889.51,AGGIUDICATA,,79311200-9,20260801
Cabiate,BC767AE266,SERV-149,INCARICO PROFESSIONALE PER PRATICHE DI PREVENZIONE INCENDISUGLI EDIFICI DI PROPRIETA' COMUNALE: PALAZZETTO DELLO SPORTSARA COLOMBO E SCUOLA INFANZIA E NIDO PADULLI - COMUNE DI CABIATE,AFFIDAMENTO DIRETTO,2026-07-22,2026-07-21,11066.43,AGGIUDICATA,,75251110-4,20260801
Cabiate,BC7EA9CE50,LAV-0172,"INTERVENTI DI RICOSTRUZIONE, RISANAMENTO CONSERVATIVO E RIPRISTINO CONDIZIONI IGIENICO-SANITARIE DEI LOCALI SEMINTERRATI DELLA SEDE COMUNALE ",AFFIDAMENTO DIRETTO,2026-07-24,2026-07-23,19500.0,AGGIUDICATA,,45454000-4,20260801
Cabiate,BC7F11BAAB,SERV-150,INCARICO PROFESSIONALE PROGETTAZIONE INTERVENTO DI DIFESA SPONDALE SUL TORRENTE IN CORRISPONDENZA DELL'EDIFICIO COMUNALE - COMUNE DI CABIATE,AFFIDAMENTO DIRETTO,2026-07-24,2026-07-23,7657.06,AGGIUDICATA,,79314000-8,20260801
Cabiate,BC7E8CF1E6,LAV-0171,"INTERVENTI DI DEMOLIZIONE, RIMOZIONE E SGOMERO DI MATERIALI DAI LOCALI SEMINTERRATI PALAZZO COMUNALE",AFFIDAMENTO DIRETTO,2026-07-24,2026-07-23,15000.0,AGGIUDICATA,,45454000-4,20260801
Cabiate,BC7EDA4EB0,LAV-0170,INTERVENTI PER L'ABBATTIMENTO DELLE BARRIERE ARCHITETTONICHE FINANZIATI CON GLI ONERI DI URBANIZZAZIONE ACCANTONATI EX ART. 15 L.R. 6/1989.,AFFIDAMENTO DIRETTO,2026-07-24,2026-07-23,68500.0,AGGIUDICATA,,45233141-9,20260801
Caronno Pertusella,BB6FDB7034,00440710127/2026/41,PIANO PER L'ADEGUAMENTO ALLA NORMATIVA ANTINCENDIO E PER INTERVENTI URGENTI DI MESSA IN SICUREZZA DEGLI EDIFICI PUBBLICI ADIBITI AD USO SCOLASTICO – PNRR M4-C1-3.3 - AFFIDAMENTO DIRETTO DELLA PROGETTA,AFFIDAMENTO DIRETTO,2026-06-08,2026-04-28,6600.0,AGGIUDICATA,,31625200-5,20261001
Caronno Pertusella,BC02B22D41,00440710127/2026/69,PIANO PER L'ADEGUAMENTO ALLA NORMATIVA ANTINCENDIO E PER INTERVENTI URGENTI DI MESSA IN SICUREZZA DEGLI EDIFICI PUBBLICI ADIBITI AD USO SCOLASTICO – PNRR M4-C1-3.3 - AFFIDAMENTO DIRETTO DELLA PROGETTA,AFFIDAMENTO DIRETTO,2026-06-15,2026-06-11,9366.0,AGGIUDICATA,,71321000-4,20261001
Caronno Pertusella,BC3E8F8BA6,00440710127/2026/81,FORNITURA E MESSA IN OPERA BATTERIE TAMPONE E APPARATI ELETTRICI VARI ASCENSORI IMMOBILI COMUNALI,AFFIDAMENTO DIRETTO,2026-07-02,2026-07-01,4300.0,AGGIUDICATA,,50750000-7,20260801
Caronno Pertusella,BC4C1C43B5,00440710127/2026/80_,SERVIZIO MANUTENZIONE PARCO AUTO DEL COMUNE 24 MESI,AFFIDAMENTO DIRETTO,2026-07-07,2026-07-06,18032.78,AGGIUDICATA,,50100000-6,20260801
Caronno Pertusella,BA72EC6BEA,00440710127/2026/7,SERVIZIO MANUTENZIONE ORDINARIA ATTREZZATURE ANTINCENDIO IMMOBILI COMUNALI ANNO 2026,AFFIDAMENTO DIRETTO,2026-07-07,2026-02-17,15027.95,AGGIUDICATA,,35111000-5,20260801
Caronno Pertusella,BC4A2C1C3A,00440710127/2026/79,SERVIZIO INTERVENTI URGENTI MANUTENZIONE IDRAULICO IMMOBILI COMUNALI,AFFIDAMENTO DIRETTO,2026-07-07,2026-07-06,7950.82,AGGIUDICATA,,50700000-2,20260801
Caronno Pertusella,BC5120D494,00440710127/2026/83,ACCORDO QUADRO PER LAVORI DI SEGNALETICA ORIZZONTALE 36 MESI,PROCEDURA NEGOZIATA SENZA PREVIA PUBBLICAZIONE,2026-07-07,2026-07-13,149000.0,,,45233221-4,20260801
Caronno Pertusella,B8BBEEE98E,00440710127/2025/98,FORNITURA E POSA MONTASCALE PALESTRA VIA CAPO SILE,AFFIDAMENTO DIRETTO,2026-07-10,2025-10-21,34195.0,AGGIUDICATA,,50700000-2,20261001
Caronno Pertusella,BC5427244E,00440710127/2026/82,LAVORI DI REALIZZAZIONE DI PERCORSI PEDONALI IN CONGLOMERATO BITUMINOSO DI COLORE ROSSO,AFFIDAMENTO DIRETTO,2026-07-10,2026-07-08,102500.0,AGGIUDICATA,,45233140-2,20260801
Caronno Pertusella,BC664341EE,00440710127-2026-84,SERVIZIO DI DIGITALIZZAZIONE PRATICHE EDILIZIA PRIVATA E URBANISTICA,AFFIDAMENTO DIRETTO,2026-07-15,2026-07-14,52000.0,AGGIUDICATA,,72512000-7,20260801
Caronno Pertusella,BC6C7D37AA,00440710127/2026/86,ADESIONE AD ACCORDO QUADRO CONSIP PER NOLEGGIO VEICOLO A LUNGO TERMINE,AFFIDAMENTO DIRETTO,2026-07-16,2026-07-16,13541.76,AGGIUDICATA,,60170000-0,20260801
Caronno Pertusella,BC71344941,CONSIP_ORDINE_9147854,ADESIONE ACCORDO QUADRO CONSIP AFFIDAMENTO DIRETTO,AFFIDAMENTO DIRETTO,2026-07-17,2026-07-17,13541.76,AGGIUDICATA,,34100000-8,20260801
Caronno Pertusella,BACEDBDCD5,00440710127/2026/20,"MANUTENZIONE STRAORDINARIA IMPIANTI ASCENSORE: MUNICIPIO, SCUOLA PASCOLI, CASERMA CARABINIERI, VIA ADUA, SCUOLA SANT ALESSANDRO",AFFIDAMENTO DIRETTO,2026-07-23,2026-03-12,18612.0,AGGIUDICATA,,50750000-7,20260801
Caronno Pertusella,BC820C9363,CONSIP_ORDINE_9154417,GREENSPACES 2026-2029,AFFIDAMENTO DIRETTO,2026-07-27,2026-07-23,14454.0,AGGIUDICATA,,72268000-1,20261001
Caronno Pertusella,BC9A706C4A,CARONNO PERTUSELLA 2-2026,AFFIDAMENTO IN CONCESSIONE DEI SERVIZI CIMITERIALI DI POLIZIA MORTUARIA NONCHE' GESTIONE MANUTENZIONE ORDINARIA E DI CONCESSIONE DELLA GESTIONE DELL'ILLUMINAZIONE ELETTRICA VOTIVA DEL COMUNE DI CARONN,PROCEDURA NEGOZIATA SENZA PREVIA PUBBLICAZIONE,2026-08-03,2026-09-03,436831.02,AGGIUDICATA,,98371110-8,20261001
Caronno Pertusella,BCDB44C87C,00440710127/2026/94,VERIFICA TORRI FARO CAMPO SOFTBALL FRANCESCO NESPOLI,AFFIDAMENTO DIRETTO,2026-09-04,2026-09-03,14850.0,AGGIUDICATA,,71356100-9,20261001
Caronno Pertusella,BCDD117B39,00440710127/2026/97,INCARICO VALIDAZIONE PROGETTO DI PARTERNARIATO PER GESTIONE IMPIANTI DI PUBBLICA ILLUMINAZIONE E DEFINIZIONE BANDO GARA,AFFIDAMENTO DIRETTO,2026-09-04,2026-09-03,8442.62,AGGIUDICATA,,71200000-0,20261001
Caronno Pertusella,BCEB0770F7,CONSIP_ORDINE_9188775,TICKET BUONI PASTO,AFFIDAMENTO DIRETTO,2026-09-09,2026-09-09,12180.0,AGGIUDICATA,,30199770-8,20261001
Caronno Pertusella,BCFEB740B9,CARONNO PERTUSELLA 3-2026,AFFIDAMENTO COPERTURA ASSICURATIVA ALL RISKS (DALLE ORE 24.00 DEL 31.12.2026 ALLE ORE 24.00 DEL 30.6.2029) DEL COMUNE DI CARONNO PERTUSELLA,PROCEDURA APERTA,2026-09-17,2026-10-22,180780.0,,,66515100-4,20261001
Casorezzo,BCD32A6B3A,CONSIP_ORDINE_9180075,ACQUISTO APPARATI RADIO RICETRASMITTENTI PL E PC,AFFIDAMENTO DIRETTO,2026-09-02,2026-09-01,7746.5,AGGIUDICATA,,32344100-7,20261001
Casorezzo,BCF426F602,AD3_20260914_1,COLLOCAMENTO MINORE IN COMUNITÀ,AFFIDAMENTO DIRETTO,2026-09-15,2026-09-14,20000.0,AGGIUDICATA,,85312100-0,20261001
Casorezzo,BD08D49D00,CONSIP_UNBOUND_1789737083229,AFFIDAMENTO IN HOUSE PROVIDING DEL SERVIZIO INTEGRATO DI GESTIONE DEI RIFIUTI URBANI SUL TERRITORIO COMUNALE,AFFIDAMENTO DIRETTO A SOCIETA' IN HOUSE,2026-09-21,2026-09-18,12134000,AGGIUDICATA,,90511100-3,20261001
Casorezzo,BD2AD76E6C,CONSIP_ORDINE_9213106,SERVIZI TELEFONIA E CONNETTIVITÀ 2026 - 2029,AFFIDAMENTO DIRETTO,2026-10-01,2026-09-30,27150.0,AGGIUDICATA,,72212216-6,20261001
Cormano,BA2EB027D3,LAVPUB_61,SERVIZI TECNICI PER I LAVORI DI PREVENZIONE ANTINCENDIO DEL PLESSO DI VIA BECCARIA ,AFFIDAMENTO DIRETTO,2026-06-24,2026-01-29,20822.09,AGGIUDICATA,,71240000-2,20260801
Cormano,BA23CC0A7C,LAVPUB_58,SERVIZI TECNICI PER I LAVORI DI PREVENZIONE ANTINCENDIO DELLA SCUOLA PRIMARIA I MAGGIO DI VIA ARIOSTO 22,AFFIDAMENTO DIRETTO,2026-06-24,2026-01-27,16297.29,AGGIUDICATA,,71240000-2,20261001
Cormano,BC69F5B254,LAVPUB26_46,ACCORDO QUADRO CON UNICO OPERATORE PER PRESTAZIONI DA VETRAIO E SERRAMENTISTA – IMPEGNO DI SPESA N.1 ,AFFIDAMENTO DIRETTO,2026-07-15,2026-07-15,7800.0,AGGIUDICATA,,45441000-0,20260801
Cormano,BC91ABD7F3,01086310156_05_34,NOTIFICHE DIGITALI SEND PAGOPA,AFFIDAMENTO DIRETTO,2026-07-31,2026-07-30,35000.0,AGGIUDICATA,,72000000-5,20261001
Cormano,BA234687CE,LAVPUB_60,SERVIZI TECNICI PER I LAVORI DI PREVENZIONE ANTINCENDIO DELLA SCUOLA SECONDARIA A. MANZONI DI VIA ADDA 46 ,AFFIDAMENTO DIRETTO,2026-08-07,2026-01-27,16297.29,AGGIUDICATA,,71240000-2,20260901
Cormano,BCAAE94A4C,NOE_2026,SERVIZIO DI CONSULENZA PER IL PROGETTO DI INTERNI E DI ARREDO DI DUE APPARTAMENTI IN COHOUSING,AFFIDAMENTO DIRETTO,2026-08-10,2026-08-07,8000.0,AGGIUDICATA,,71210000-3,20260901
Cormano,BCB13C294E,LAVPUB26_51,CONTRATTO APPLICATIVO N. 4 – MANUTENZIONE STRAORDINARIA INTERVENTO 4 – VIA V. VENETO,AFFIDAMENTO DIRETTO,2026-08-11,2026-08-11,95091.85,AGGIUDICATA,,45233141-9,20260901
Cormano,BCAF9A8F23,LAVPUB26_49,ACCORDO QUADRO AI SENSI DELL'ART. 59 DEL D.LGS. 36/2023 PER OPERE DA FABBRO,AFFIDAMENTO DIRETTO,2026-08-11,2026-08-10,30000.0,AGGIUDICATA,,98395000-8,20261001
Cormano,BCAFCD1AC0,LAVPUB26_50,L'ACCORDO QUADRO CON UNICO OPERATORE PER IL SERVIZIO DI CAMPIONAMENTI E ANALISI PER LA RICERCA DEL BATTERIO DELLA LEGIONELLA ,AFFIDAMENTO DIRETTO,2026-08-11,2026-08-10,30000.0,AGGIUDICATA,,90711300-7,20260901
Cormano,BCB37A135D,2026_49_postalizzazione,"POSTALIZZAZIONE E ISTRUZIONE DELLE PRATICHE NECESSARIE, CON RIMBORSO SPESE DI CUI AL DECRETO M.E.F. DEL 14 APRILE 2023, AL SUPPORTO ALLA RISCOSSIONE COATTIVA DELLE ENTRATE COMUNALI",AFFIDAMENTO DIRETTO,2026-08-13,2026-08-12,130000.0,AGGIUDICATA,,64110000-0,20260901
Cormano,BCB368BDF0,2026_riscossione coattiva Imu_Tari e violazioni CDS,AFFIDAMENTO SERVIZIO DI SUPPORTO ALLA RISCOSSIONE COATTIVA DEGLI ACCERTAMENTI IMU E TARI NOTIFICATI E INSOLUTI E VIOLAZIONI AL CODICE DELLA STRADA ,AFFIDAMENTO DIRETTO,2026-08-13,2026-08-12,139000.0,AGGIUDICATA,,79940000-5,20260901
Cormano,BCBEE6BAFC,LAVPUB26_53,ACCORDO QUADRO PER CAMPIONAMENTI E ANALISI PER LA RICERCA DEL BATTERIO DELLA LEGIONELLA,AFFIDAMENTO DIRETTO,2026-08-21,2026-08-20,29999.7,AGGIUDICATA,,90711300-7,20260901
Cormano,BCBF30BC0D,LAVPUB26_54,LAVORI DI MESSA IN SICUREZZA TRATTI STRADALI IN MATERIALE LAPIDEO DEI NUCLEI STORICI,AFFIDAMENTO DIRETTO,2026-08-21,2026-08-20,15758.26,AGGIUDICATA,,45233222-1,20260901
Cormano,BCF56378F3,LAVPUB26_56,ACCORDO QUADRO PER INTERVENTI ELETTRICI PRESSO GLI IMMOBILI DI PROPRIETÀ O IN DISPONIBILITÀ DEL COMUNE DI CORMANO ,AFFIDAMENTO DIRETTO,2026-09-15,2026-09-14,29100.0,AGGIUDICATA,,45300000-0,20261001
Cormano,BD0D21B7D7,LAVPUB26_58,1. IMPEGNO DI SPESA DELL' ACCORDO QUADRO AI SENSI DELL'ART. 59 DEL D.LGS. 36/2023 PER OPERE DA FABBRO,AFFIDAMENTO DIRETTO,2026-09-21,2026-09-21,4000.0,AGGIUDICATA,,98395000-8,20261001
Cormano,BD16F59A7D,LAVPUB26_61,INTERVENTI ELETTRICI PRESSO GLI IMMOBILI DI PROPRIETÀ O IN DISPONIBILITÀ DEL COMUNE DI CORMANO – IMPEGNO DI SPESA N. 1,AFFIDAMENTO DIRETTO,2026-09-23,2026-09-23,5000.0,AGGIUDICATA,,45310000-3,20261001
Cormano,BD147B541A,LAVPUB26_59,ACCORDO QUADRO PER CAMPIONAMENTI E ANALISI PER LA RICERCA DEL BATTERIO DELLA LEGIONELLA – IMPEGNO DI SPESA N. 1 ,AFFIDAMENTO DIRETTO,2026-09-23,2026-09-23,7000.0,AGGIUDICATA,,90711300-7,20261001
Cornate d'Adda,BBF095EDFB,02846660153_LLPP_80,LAVORI DI RIFACIMENTO COPERTURA SCUOLA PRIMARIA ,AFFIDAMENTO DIRETTO,2026-06-09,2026-06-08,147230.27,AGGIUDICATA,,45261210-9,20261001
Cornate d'Adda,BC47B5DAA6,02846660153_LLPP_82,LAVORI DI RIFACIMENTO IMPIANTO DISTRIBUZIONE TERMICA ,AFFIDAMENTO DIRETTO,2026-07-06,2026-07-03,110917.03,AGGIUDICATA,,45331000-6,20261001
Cornate d'Adda,BC4477443A,CONSIP_ORDINE_9134367,AUTO DI SERVIZIO DELLA PL,AFFIDAMENTO DIRETTO,2026-07-07,2026-07-02,31424.78,AGGIUDICATA,,34110000-1,20260801
Cornate d'Adda,BC7F60F111,02846660153_LLPP_83,"INCARICO PROFESSIONALE DIREZIONE LAVORI, COORDINAMENTO SICUREZZA IN FASE DI ESECUZIONE, CONTABILITA' E REDAZIONE C.R.E. PER LAVORI DI REALIZZAZIONE CAMPO SINTETICO PRESSO CENTRO SPORTIVO COMUNALE ",AFFIDAMENTO DIRETTO,2026-07-24,2026-07-23,25000.0,AGGIUDICATA,,71300000-1,20260801
Cornate d'Adda,BC83BA1A55,02846660153_LLPP_84,LAVORI DI MANUTENZIONE STRAORDINARIA E ADEGUAMENTO NORMATIVO IMMOBILE DI VIA DE AMICIS 26 ,AFFIDAMENTO DIRETTO,2026-07-27,2026-07-24,16000.0,AGGIUDICATA,,45262500-6,20260801
Cornate d'Adda,BC93116911,02846660153_LLPP_85,INTERVENTO SOSTITUZIONE CENTRALE TERMICA ,AFFIDAMENTO DIRETTO,2026-07-31,2026-07-30,102499.48,AGGIUDICATA,,45232141-2,20260801
Cornate d'Adda,BCD4157AE7,02846660153_LLPP_86,LAVORI DI POSA IN OPERA DI CARTONGESSO A COPERTURA DELLE TUBAZIONI DELLA RETE DI DISTRIBUZIONE ,AFFIDAMENTO DIRETTO,2026-09-02,2026-09-01,13456.8,AGGIUDICATA,,45324000-4,20261001
Cornate d'Adda,BCB7EE639D,CONSIP_RDO_6486689,RICHIESTA D'OFFERTA PER LA FORNITURA AGGIUNTIVA DI ARREDI PER GLI UFFICI COMUNALI.,AFFIDAMENTO DIRETTO,2026-09-03,2026-08-14,13899.0,AGGIUDICATA,,39100000-3,20261001
Cornate d'Adda,BCE7EFBAFD,02846660153_LLPP_88,RIFACIMENTO SEGNALETICA ORIZZONALE IN ALCUNE VIE DEL TERRITORIO COMUNALE ,AFFIDAMENTO DIRETTO,2026-09-09,2026-09-08,16300.0,AGGIUDICATA,,45233221-4,20261001
Cornate d'Adda,BCFA21B971,02846660153_LLPP_87,LAVORI DI RIFACIMENTO ASFALTATURE E SEGNALETICA STRADALE,AFFIDAMENTO DIRETTO,2026-09-16,2026-09-15,48900.0,AGGIUDICATA,,45233141-9,20261001
Cornate d'Adda,BD053786D6,CONSIP_ORDINE_9198632,FORNITURA VESTIARIO GRUPPO PROTEZIONE CIVILE COMUNALE,AFFIDAMENTO DIRETTO,2026-09-23,2026-09-17,1426.33,AGGIUDICATA,,35811300-5,20261001
Cuggiono,BC4C5BB94E,CONSIP_ORDINE_9135903,NOLEGGIO LUNGO TERMINE AUTO UFFICIO TECNICO 2026-2031,AFFIDAMENTO DIRETTO,2026-07-06,2026-07-06,13650.0,AGGIUDICATA,,34110000-1,20260801
Cuggiono,BCB77182D0,INCARICO CONSIGLIO DI STATO,INCARICO LEGALE PER ASSISTENZA AVANTI AL CONSIGLIO DI STATO,AFFIDAMENTO DIRETTO,2026-08-17,2026-08-14,9416.0,AGGIUDICATA,,79100000-5,20260901
Cuggiono,BCC8FBB986,ASCLEPIAS SYRIACA,INTERVENTI PRIORITARI PER IL CONTENIMENTO DELLA SPECIE ESOTICA INVASIVA ASCLEPIAS SYRIACA L. NEL PARCO STORICO DI VILLA ANNONI,AFFIDAMENTO DIRETTO,2026-08-27,2026-08-26,31355.39,AGGIUDICATA,,77310000-6,20260901
Cuggiono,BCCC73D7FD,CONSIP_ORDINE_9177729,CABLAGGI ARMADI CED,AFFIDAMENTO DIRETTO,2026-08-31,2026-08-28,15490.89,AGGIUDICATA,,72500000-0,20260901
Gerenzano,B6157A04DF,LL.PP_001_2025,RIFACIMENTO COPERTURA COLOMBARI SECONDO LOTTO,AFFIDAMENTO DIRETTO,2026-07-07,2025-03-17,112693.35,AGGIUDICATA,,45262500-6,20260801
Gerenzano,BA9719951A,MS_017_2026,SERVIZIO MANUTENZIONE E REPERIBILITA IMPIANTI ELEVATORI COMUNALI,AFFIDAMENTO DIRETTO,2026-07-08,2026-02-25,19881.0,AGGIUDICATA,,50750000-7,20260801
Gerenzano,B913D50F01,MS_5000_2025,FORNITURA ARREDI BIBLIOTECA ,AFFIDAMENTO DIRETTO,2026-07-08,2025-11-12,26635.24,AGGIUDICATA,,39155000-3,20260801
Gerenzano,B9D01ABED8,MS_3034_2025,LAVORI SISTEMAZIONE INTONACI VETRATE COLOMBARI,AFFIDAMENTO DIRETTO,2026-07-08,2025-12-29,36104.42,AGGIUDICATA,,45340000-2,20260801
Gerenzano,B6B7C553B4,LL.PP_008_2025,III LOTTO CIMITERO,AFFIDAMENTO DIRETTO,2026-07-08,2025-05-05,146569.31,AGGIUDICATA,,45262000-1,20260801
Gerenzano,BA3B9156A1,EP_001_2026,CONFERIMENTO INCARICO PROFESSIONALE PER ISTRUTTORIA PRATICHE EVENTI CALAMITOSI,AFFIDAMENTO DIRETTO,2026-07-08,2026-02-02,14275.0,AGGIUDICATA,,71500000-3,20260801
Gerenzano,B9BE457909,MS_3027_2025,SOSTITUZIONE PANNELLI FOTOVOLTAICI MUNICIPIO,AFFIDAMENTO DIRETTO,2026-07-08,2025-12-22,13874.0,AGGIUDICATA,,09331000-8,20260801
Gerenzano,B9ACFE8A42,MS_3024_2025,LAVORI DI MANUTENZIONE STRAORDINARIA CENTRALE TERMICA PALAZZETTO SPORT,AFFIDAMENTO DIRETTO,2026-07-08,2025-12-17,5984.0,AGGIUDICATA,,45232141-2,20260801
Gerenzano,B9D8675398,AD_SEGNALETICA,SEGNALETICA STRADALE,AFFIDAMENTO DIRETTO,2026-07-08,2025-12-30,23840.15,AGGIUDICATA,,34992200-9,20260801
Gerenzano,B9C59B9715,MS_3030_2025,MANUTENZIONE STRAORDINARIA LOCULI INTERRATI CIMITERO COMUNALE,AFFIDAMENTO DIRETTO,2026-07-08,2025-12-23,23862.0,AGGIUDICATA,,45400000-1,20260801
Gerenzano,B9B07CB8C5,MA_3025_2025,LAVORI INTEGRAZIONE IMPIANTO ELETTRICO,AFFIDAMENTO DIRETTO,2026-07-08,2025-12-18,10704.28,AGGIUDICATA,,45311100-1,20260801
Gerenzano,BA98B497C9,MS_014_2026,SERVIZIO DI PULIZIA EDIFICI COMUNALI,AFFIDAMENTO DIRETTO,2026-07-08,2026-02-26,39268.47,AGGIUDICATA,,90919200-4,20260801
Gerenzano,B62FBFEABF,LL.PP_002_2025,SECONDO LOTTO INTERVENTI EDILI PALAZZO FAGNANI,ALTRA PROCEDURA A FASE UNICA,2026-07-08,2025-03-24,166339.41,AGGIUDICATA,,45210000-2,20261001
Gerenzano,B9C523535A,URB_050_2025,INCARICO REDAZIONE PGT E VAS,AFFIDAMENTO DIRETTO,2026-07-08,2025-12-23,37605.0,AGGIUDICATA,,71240000-2,20260801
Gerenzano,B9D4A60EC7,MS_5127_2025,SOSTITUZIONE PANNELLI IMPIANTO FOTOVOLTAICO SCUOLA G.P. CLERICI,AFFIDAMENTO DIRETTO,2026-07-08,2026-12-30,51740.0,AGGIUDICATA,,09331000-8,20261001
Gerenzano,B9D07C68AE,MS_3031-2025,RECUPERO CONSERVATIVO CORTILE INTERNO EX PALAZZO FAGNANI-CLERICI,AFFIDAMENTO DIRETTO,2026-07-08,2025-12-29,17114.0,AGGIUDICATA,,45400000-1,20260801
Gerenzano,BC75725D34,MS_058_2026,RIQUALIFICAZIONE PAVIMENTAZIONE CAMPO PALAZZETTO SPORT,AFFIDAMENTO DIRETTO,2026-07-21,2026-07-20,138728.58,AGGIUDICATA,,45262321-7,20260801
Gerenzano,BCA8227103,CONSIP_RDO_6511923,RIPRISTINI E INTEGRAZIONI PER IMPIANTO TVCC COMUNALE,AFFIDAMENTO DIRETTO,2026-08-07,2026-08-06,37942.0,AGGIUDICATA,,32323500-8,20260901
Gerenzano,BCBD61FE13,MS_059_2026,"FORNITURA, POSA, MANUTENZIONE E RIMOZIONE ATTREZZATURA DA GIOCO PARCO DEGLI AIRONI",AFFIDAMENTO DIRETTO,2026-08-20,2026-08-19,25028.6,AGGIUDICATA,,50870000-4,20260901
Gerenzano,BCBD6F812A,MS_0680_2026,INCARICO PROFESSIONALE PER ISTRUTTORIA PRATICHE ANTINCENDIO,AFFIDAMENTO DIRETTO,2026-08-20,2026-08-19,29405.16,AGGIUDICATA,,71300000-1,20260901
Gerenzano,BCEC707F74,MS_0690_2026,RIPRISTINO PALO PASSAGGIO PEDONALE INCIDENTATO,AFFIDAMENTO DIRETTO,2026-09-11,2026-09-10,8540.0,AGGIUDICATA,,50232000-0,20261001
Gerenzano,BD1EC3B8F8,CONSIP_ORDINE_9208530,IMPEGNO DI SPESA PER AFFIDAMENTO DI INSTALLAZIONE DI N. 3 POSTAZIONI DI TELECAMERE DI VIDEOSORVEGLIANZA.,AFFIDAMENTO DIRETTO,2026-09-28,2026-09-25,14550.0,AGGIUDICATA,,32323500-8,20261001
Gerenzano,BD2615184C,2026FARMACIA,SUPPORTO LEGALE AL RUP SERVIZIO FARMACIA,AFFIDAMENTO DIRETTO,2026-09-30,2026-09-29,10000.0,AGGIUDICATA,,79100000-5,20261001
Giussano,BC42ADA9EA,UFFICIOTECNICO_2026_63,MANUTENZIONI STRAORDINARIE PRESSO IL CENTRO ANZIANI CA' VERA,PROCEDURA NEGOZIATA SENZA PREVIA PUBBLICAZIONE,2026-07-02,2026-07-10,18000.0,,,45421000-4,20260801
Giussano,BC42ADBABD,UFFICIOTECNICO_2026_63,MANUTENZIONI STRAORDINARIE PRESSO IL CENTRO ANZIANI CA' VERA,PROCEDURA NEGOZIATA SENZA PREVIA PUBBLICAZIONE,2026-07-02,2026-07-10,17500.0,,,45262522-6,20260801
Giussano,BC51E7C745,CONSIP_ORDINE_9123044,CONVENZIONE,AFFIDAMENTO DIRETTO,2026-07-07,2026-07-07,647400.0,AGGIUDICATA,,09310000-5,20260801
Giussano,BB08D917D8,UFFICIOTECNICO_2026_31,ACCORDO QUADRO SERVIZI DI MANUTENZIONE EDILE DA ESEGUIRSI SU IMMOBILI COMUNALI,AFFIDAMENTO DIRETTO,2026-07-15,2026-03-27,96365.21,AGGIUDICATA,,50000000-5,20260801
Giussano,BC5024C471,UFFICIOTECNICO_2026_62,FORNITURA E POSA DI MODULI BATTERIE PER VENEZIANE SCREENLINE E NUOVE VETRATE CON TENDA INTEGRATA PRESSO LA SCUOLA DELL'INFANZIA PICCOLE TRACCE. ,AFFIDAMENTO DIRETTO,2026-07-15,2026-07-07,5959.02,AGGIUDICATA,,44221000-5,20260801
Giussano,BC1B28699D,UFFICIOTECNICO_2026_54,FORNITURA POSA E MANUTENZIONE IMPIANTI ANTINTRUSIONE PRESSO IMMOBILI DI PROPRIETA' COMUNALE,AFFIDAMENTO DIRETTO,2026-07-15,2026-06-19,28976.4,AGGIUDICATA,,35121700-5,20260801
Giussano,BB444B1C7E,UFFICIOTECNICO_2026_35,A.Q. SERVIZI DI MANUTENZIONE EDILE DA ESEGUIRSI SU IMMOBILI COMUNALI,AFFIDAMENTO DIRETTO,2026-07-15,2026-04-15,96365.21,AGGIUDICATA,,50800000-3,20260801
Giussano,BAF5D0FE29,UFFICIOTECNICO_2026_22,ACCORDO QUADRO LAVORI DI MANUTENZIONE STRAORDINARIA PER LA MESSA IN SICUREZZA STRADE 2025(CUP E57H24001480004). AFFIDAMENTO DEL SERVIZIO DI DIREZIONE LAVORI E COORDINAMENTO DELLA SICUREZZA IN FASE DI ,AFFIDAMENTO DIRETTO,2026-07-15,2026-03-23,15880.0,AGGIUDICATA,,71250000-5,20260801
Giussano,BAD2B8F0E0,UFFICIOTECNICO_2026_23,LAVORI DI MANUTENZIONE STRAORDINARIA PER SOSTITUZIONE CALDAIA E BOILER PRESSO CENTRO SPORTIVO BORGONOVO,AFFIDAMENTO DIRETTO,2026-07-15,2026-03-12,7232.46,AGGIUDICATA,,45331110-0,20260801
Giussano,BC4F6435EB,UFFICIOTECNICO_2026_66,PALAZZO COMUNALE: FORNITURA E POSA IN OPERA DI PARETE DIVISORIA A SERVIZIO DELL'UFFICIO TECNICO,AFFIDAMENTO DIRETTO,2026-07-15,2026-07-07,9962.1,AGGIUDICATA,,44112310-4,20260801
Giussano,BC4CAA6844,UFFICIOTECNICO_2026_65,LAVORI COPERTURA SCUOLA GABRIO PIOLA - LOTTO 2 - PALESTRA E MENSA,AFFIDAMENTO DIRETTO,2026-07-15,2026-07-06,76935.28,AGGIUDICATA,,45261210-9,20260801
Giussano,BAF0C4B7CB,UFFICIOTECNICO_2026_28,ACCORDO QUADRO INTERVENTI ELETTRICI DI MANUTENZIONE SU IMMOBILI COMUNALI,AFFIDAMENTO DIRETTO,2026-07-15,2026-03-20,114700.0,AGGIUDICATA,,50710000-5,20260801
Giussano,BC4BA1D317,UFFICIOTECNICO_2026_64,LAVORI COPERTURA SCUOLA GABRIO PIOLA - LOTTO 1 - STRUTTURE IN LEGNO,AFFIDAMENTO DIRETTO,2026-07-15,2026-07-06,137984.98,AGGIUDICATA,,45261100-5,20260801
Giussano,BC371F98CA,UFFICIOTECNICO_2026_58,INTERVENTI DI RIFACIMENTO VESPAIO E PAVIMENTAZIONE PIANO TERRA EDIFICIO LA STAZIONE IN GIUSSANO ,AFFIDAMENTO DIRETTO,2026-07-15,2026-06-29,75111.22,AGGIUDICATA,,45262500-6,20260801
Giussano,BBE153B62F,UFFICIOTECNICO_2026_46,FORNITURA E POSA IN OPERA DI PORTE INTERNE DEGLI SPOGIATOI DEL CENTRO SPORTIVO STEFANO BORGONOVO,AFFIDAMENTO DIRETTO,2026-07-15,2026-06-01,54460.0,AGGIUDICATA,,44221200-7,20260801
Giussano,BBF1A74787,UFFICIOTECNICO_2026_49,"INCARICO PROGETTAZIONE , DL E CRE COPERTURA SCUOLA GABRIO PIOLA",AFFIDAMENTO DIRETTO,2026-07-15,2026-06-08,15000.0,AGGIUDICATA,,71220000-6,20260801
Giussano,BC6B5C7320,tender://sua_mbcmm/id/604,"PROCEDURA APERTA, PER L'AFFIDAMENTO, IN MODALITA' ACCORDO QUADRO CON UN UNICO OPERATORE ECONOMICO, DEI LAVORI DI MANUTENZIONE STRAORDINARIA DELLE STRADE DI COMPETENZA DEL COMUNE DI GIUSSANO, ESPLETATA",PROCEDURA APERTA,2026-07-17,2026-08-31,622195.0,,,45233141-9,20260801
Giussano,BC8CC28EDE,UTC/EDI/000150726,SERVIZIO DI DEMATERIALIZZAZIONE/DIGITALIZZAZIONE DOCUMENTI CARTACEI DELLE PRATICHE DI EDILIZIA PRIVATA/URBANISTICA GIACENTI IN ARCHIVIO COMUNALE ,AFFIDAMENTO DIRETTO,2026-07-29,2026-07-28,77300.0,AGGIUDICATA,,79999000-3,20260801
Giussano,BCD5BFA620,CONSIP_ORDINE_9180296,CONVENZIONE,AFFIDAMENTO DIRETTO,2026-09-01,2026-09-01,1000.0,AGGIUDICATA,,09310000-5,20261001
Giussano,BCDA214F9F,UFFICIOTECNICO_2026_78,ACCORDO QUADRO MANUTENZIONE STRAORDINARIA STRADE 2025 - SECONDO CONTRATTO APPLICATIVO ,AFFIDAMENTO DIRETTO,2026-09-03,2026-09-03,232649.46,AGGIUDICATA,,45233141-9,20261001
Giussano,BCDD12BBBA,CONSIP_ORDINE_9183555,CONVENZIONE,AFFIDAMENTO DIRETTO,2026-09-03,2026-09-03,1000.0,AGGIUDICATA,,09310000-5,20261001
Giussano,BD0BFBBDF8,UFFICIOTECNICO_2026_83,ACCORDO QUADRO OPERE DI PITTURAZIONE EDIFICI SCOLASTICI - CONTRATTO APPLICATIVO UNICO,AFFIDAMENTO DIRETTO,2026-09-21,2026-09-21,56350.0,AGGIUDICATA,,45442000-7,20261001
Grumello del Monte,BC7EE65DF5,CONSIP_ORDINE_9153147,RINNOVO CANONI CONNETTIVITA' E TELEFONIA PER GLI IMMOBILI COMUNALI PER 29 MESI FINO AL 31 DICEMBRE 2028,AFFIDAMENTO DIRETTO,2026-07-24,2026-07-23,26012.5,AGGIUDICATA,,64210000-1,20260801
Grumello del Monte,BCCBE01927,CONSIP_ORDINE_9177484,ATTIVAZIONE NUOVO CONTATORE PIATTAFORMA ECOLOGICA,AFFIDAMENTO DIRETTO,2026-08-27,2026-08-27,3000.0,AGGIUDICATA,,65310000-9,20260901
Grumello del Monte,BCD58694B2,CONSIP_ORDINE_9180935,ATTIVAZIONE NUOVA FORNITURA PIATTAFORMA ECOLOGICA,AFFIDAMENTO DIRETTO,2026-09-01,2026-09-01,3050.0,AGGIUDICATA,,09310000-5,20261001
Grumello del Monte,BCF6490004,CONSIP_RDO_6541618,DIGITALIZZAZIONE ARCHIVIO PRATICHE EDILIZIE LOTTO 2,AFFIDAMENTO DIRETTO,2026-09-15,2026-09-14,85250.0,AGGIUDICATA,,72512000-7,20261001
Grumello del Monte,BD18F03BC5,CONSIP_RDO_6592029,FORNITURA ARREDI DIDATTICI INNOVATIVI ASILO NIDO COMUNALE IL MAGO DI OZ,AFFIDAMENTO DIRETTO,2026-09-25,2026-09-24,32786.86,AGGIUDICATA,,39161000-8,20261001
Ispra,BC480B6464,51T-2026,INTERVENTI DI MANUTENZIONE STRAORDINARIA PRESSO IL CIMITERO COMUNALE,AFFIDAMENTO DIRETTO,2026-07-06,2026-07-03,9960.0,AGGIUDICATA,,45210000-2,20260801
Ispra,BC48A7A375,52T-2026,INTERVENTI DI MANUTENZIONE STRAORDINARIA PER RIPRISTINO E SISTEMAZIONE VIE DI ACCESSO A LAGO,AFFIDAMENTO DIRETTO,2026-07-06,2026-07-03,10500.0,AGGIUDICATA,,45210000-2,20260801
Ispra,BC62443DCA,57T-2026,RIPRISTINO SCALE DI ACCESSO ALLE SPIAGGE DEL LUNGOLAGO A. VESPUCCI,AFFIDAMENTO DIRETTO,2026-07-14,2026-07-13,7290.0,AGGIUDICATA,,44113200-7,20260801
Ispra,BCAFA30F5E,59T-2026,INCARICO PROFESSIONALE PER LA PROGETTAZIONE (PFTE + PE) DIREZIONE LAVORI (DL) E COORDINAMENTO DELLA SICUREZZA IN FASE DI ESECUZIONE (CSE) RELATIVI AI LAVORI DI RIQUALIFICAZIONE DEL PARCO DI SAN BERNAR,AFFIDAMENTO DIRETTO,2026-08-11,2026-08-10,8511.52,AGGIUDICATA,,71220000-6,20260901
Ispra,BCBD97B3C8,61T-2026,"INCARICO PROFESSIONALE PER LA REDAZIONE DI PROGETTO DI FATTIBILITÀ TECNICO ECONOMICA, PER LA PROGETTAZIONE ESECUTIVA, IL COORDINAMENTO DELLA SICUREZZA IN FASE DI PROGETTAZIONE, LA DIREZIONE LAVORI, IL",AFFIDAMENTO DIRETTO,2026-08-20,2026-08-19,28926.44,AGGIUDICATA,,71240000-2,20260901
Ispra,BCC56604BC,67T-2026,"INCARICO PROFESSIONALE PER LA REDAZIONE DI PROGETTO DI FATTIBILITÀ TECNICO ECONOMICA, PER LA PROGETTAZIONE ESECUTIVA E PER IL COORDINAMENTO DELLA SICUREZZA IN FASE DI PROGETTAZIONE– LAVORI DI NUOVA CO",AFFIDAMENTO DIRETTO,2026-08-26,2026-08-25,72481.4,AGGIUDICATA,,71220000-6,20260901
Ispra,BCC8062F34,68t-2026,SERVIZIO DI GESTIONE N° 2 D.A.E. PER N° 7 ANNI COMPRESA FORNITRUA DEI DEFIBRILLATORI,AFFIDAMENTO DIRETTO,2026-08-27,2026-08-26,6400.0,AGGIUDICATA,,33182100-0,20260901
Ispra,BCCDFDC963,SEGRETERIA 29-2026,AFFIDAMENTO SERVIZIO TRASPORTO SCOLASTICO A.S. 2026-2027,AFFIDAMENTO DIRETTO,2026-08-31,2026-08-28,56000.0,AGGIUDICATA,,60130000-8,20260901
Ispra,BCE2AB3DE8,tender://provincia_va/id/962,COMUNE DI ISPRA - SERVIZIO REFEZIONE SCOLASTICA PER GLI ALUNNI DELLE SCUOLE PRIMARIE E SECONDARIA DI PRIMO GRADO - AA.SS 2026/2029 CON FACOLTÀ DI RINNOVO PER L'ANNO SCOLASTICO 2029/2030,PROCEDURA NEGOZIATA SENZA PREVIA PUBBLICAZIONE,2026-09-07,2026-09-18,659808.8,,,55523100-3,20261001
Ispra,BCF4A90B4C,73T-2026,SOSTITUZIONE DI N° 12 CENTRI LUMINOSI RELATIVAMENTE AGLI IMPIANTI DI ILLUMINAZIONE PUBBLICA DI VARIE VIE COMUNALE,AFFIDAMENTO DIRETTO,2026-09-15,2026-09-14,7041.56,AGGIUDICATA,,34928530-2,20261001
Ispra,BCF980FEF4,CONSIP_ORDINE_9193966,ORDINATIVO DIRETTO FORNITURA BUONI CARBURANTE,AFFIDAMENTO DIRETTO,2026-09-15,2026-09-15,1800.0,AGGIUDICATA,,09130000-9,20261001
Ispra,BD1A3717B5,79T-2029,INTERVENTI DI RIFACIMENTO SEGNALETICA ORIZZONTALE E FORNITURA DI SEGNALETICA VERTICALE,AFFIDAMENTO DIRETTO,2026-09-25,2026-09-24,24640.27,AGGIUDICATA,,34992200-9,20261001
Ispra,BD19C62487,77T-2026,LAVORI DI ASFALTATURA DI ALCUNI TRATTI DI STRADE COMUNALI E DOSSI RALLETATORI,AFFIDAMENTO DIRETTO,2026-09-25,2026-09-24,122837.21,AGGIUDICATA,,45233222-1,20261001
Leno,BBE2DF912C,G00074-bfd8dcb9-2bf7-4a48-bc87-ea54cc9b1f89,"APPALTO PER FORNITURA DI APPARATI RADIO E IMPIANTI DI VIDEOSORVEGLIANZA E VARCHI LETTURA TARGHE PER I COMUNI DI LENO, PAVONE DEL MELLA, PRALBOINO, MILZANO, CIGOLE, SAN GERVASIO B.NO E SENIGA (CORPO IN",AFFIDAMENTO DIRETTO,2026-06-09,2026-06-03,57969.0,AGGIUDICATA,,32323500-8,20261001
Leno,BC56D2E846,88001410179_05_09072026,AFFIDAMENTO DIRETTO A SEGUITO DI RISOLUZIONE CONTRATTUALE LAVORI DITTA PMM S.R.L. PER INCARICO PROFESSIONALE DI REDAZIONE PROGETTO ESECUTIVO PER OPERE DI COMPLETAMENTO NELL'AMBITO DEI LAVORI DI AMPLIA,AFFIDAMENTO DIRETTO,2026-07-10,2026-07-09,17575.0,AGGIUDICATA,,71200000-0,20260801
Leno,BC61B20399,G00114-f936c06c-d257-4d88-ac69-a34711da5e23,"OPERE RESIDUALI DI COMPLETAMENTO NELLAMBITO DEI LAVORI DI AMPLIAMENTO DELLA MENSA DELLA SCUOLA PRIMARIA DI LENO, SITA IN VIA F.LLI DE GIULI 1 - PNRR M4C1I1.2 PIANO DI ESTENSIONE DEL TEMPO PIENO E MENS",PROCEDURA NEGOZIATA SENZA PREVIA PUBBLICAZIONE,2026-07-13,2026-07-15,180000.0,AGGIUDICATA,,45212422-0,20260801
Leno,BC799EEA19,G00119-c3ad3a59-9ce9-4010-a7a3-a7cb4d54741e,RICHIESTA DOFFERTA PER AFFIDAMENTO DIRETTO SERVIZIO DI PULIZIA CADITOIE ACQUE METEORICHE SUL TERRITORIO DEL COMUNE DI LENO,AFFIDAMENTO DIRETTO,2026-07-22,2026-07-21,5737.7,AGGIUDICATA,,90470000-2,20260801
Leno,BC47579E34,G00104-ec24513e-c85b-4a4c-a2d2-0d860522ce18,NUOVO ASILO NIDO IN VIA ERMOALDO_FORNITURA DI ARREDI PER ASILI E SCUOLA INFANZIA FINANZIATI PNRR - M4C1I1.1,AFFIDAMENTO DIRETTO,2026-07-22,2026-07-03,58266.88,AGGIUDICATA,,44115800-7,20260801
Leno,BCB719566A,G00150-748359d6-f334-49bf-847f-9a9f10bfa8a1,LAVORI EXTRA PRESSO NUOVO ASILO NIDO FASCIA 0-2 ANNI SITO IN VIA ERMOALDO,AFFIDAMENTO DIRETTO,2026-08-17,2026-08-14,24972.08,AGGIUDICATA,,45400000-1,20260901
Leno,BCC7BCB593,G00154-4a793e86-6cc9-497d-9d50-8cec0218122f,CONCESSIONE DEL SERVIZIO DI SOMMINISTRAZIONE DI ALIMENTI E BEVANDE MEDIANTE DISTRIBUTORI AUTOMATICI PER UN PERIODO DI TRE ANNI,PROCEDURA NEGOZIATA PREVIA PUBBLICAZIONE,2026-08-27,2026-10-12,29436.0,,,42933000-5,20261001
Leno,BCD177285B,G00136-317342ea-793c-4555-bc62-39fbb0072276,ASPETTANDO LIBRIXIA INCONTRO CON AUTORE CONCITA DE GREGORIO,AFFIDAMENTO DIRETTO,2026-09-01,2026-08-31,5200.0,AGGIUDICATA,,92500000-6,20261001
Leno,BCD76BBA18,G00123-1d6a68a8-168d-4341-8c86-66728a451ba5,RICHIESTA DOFFERTA PER AFFIDAMENTO DIRETTO SERVIZIO DI GESTIONE DEL CENTRALINO TELEFONICO,AFFIDAMENTO DIRETTO,2026-09-03,2026-09-02,19161.6,AGGIUDICATA,,50330000-7,20261001
Leno,BCF0156D9B,G00168-d92705b2-1ed0-4e69-9f03-01ad828dbb6b,MANUTENZIONE VERDE PUBBLICO PISTA CICLABILE MIRABELLA,AFFIDAMENTO DIRETTO,2026-09-11,2026-09-10,5682.9,AGGIUDICATA,,77310000-6,20261001
Leno,BCFA148B51,G00177-cba04d7f-f17d-4715-a9e9-cbe274bb86f5,STAGIONE TEATRALE 2026-2027,AFFIDAMENTO DIRETTO,2026-09-16,2026-09-15,7500.0,AGGIUDICATA,,92500000-6,20261001
Locate di Triulzi,BC40C44C64,221263873,GESTIONE PIATTAFORMA ECOLOGICA SECONDO SEMESTRE 2026,AFFIDAMENTO DIRETTO,2026-07-09,2026-07-01,29879.3,AGGIUDICATA,,90530000-1,20260801
Locate di Triulzi,BC6A372257,CONSIP_RDO_6452030,IMPIANTO VIDEOSORVEGLIANZA AREE CASCINA MORAZZANO E FRAZIONE GNIGNANO,AFFIDAMENTO DIRETTO,2026-07-16,2026-07-15,17650.0,AGGIUDICATA,,32260000-3,20260801
Locate di Triulzi,BC6D9AF49A,CONSIP_ORDINE_9147993,ORE FORMAZIONE ED ASSITENZA GESTIONALI NEXT,AFFIDAMENTO DIRETTO,2026-07-17,2026-07-16,10800.0,AGGIUDICATA,,72000000-5,20260801
Locate di Triulzi,BAA2C05C2F,2002202613001,LAVORI ASFALTATURA STRADE COMUNALI,AFFIDAMENTO DIRETTO,2026-09-03,2026-03-02,76311.0,AGGIUDICATA,,45233222-1,20261001
Locate di Triulzi,BBC43973EF,14052026950,AFFIDAMENTO INCARICO SUPPORTO RUP PER REVISIONE EQUILIBRIO ECONOMICO-FINANZIARIO CONCESSIONE SERVIZIO GAS,AFFIDAMENTO DIRETTO,2026-09-03,2026-05-22,8300.0,AGGIUDICATA,,79998000-6,20261001
Locate di Triulzi,BCC279FF97,050820261030,MANUTENZIONE CAMPO VIA TOGLIATTI CON INSTALLAZIONE IRRIGAZIONE AUTOMATICA,AFFIDAMENTO DIRETTO,2026-09-03,2026-08-24,7435.0,AGGIUDICATA,,45236250-7,20261001
Locate di Triulzi,BB8C1835D9,290420261000,SEGNALETICA ORIZZONTALE,AFFIDAMENTO DIRETTO,2026-09-03,2026-05-06,8878.0,AGGIUDICATA,,34928470-3,20261001
Locate di Triulzi,BC9D5D7E9F,222294870,MANUTENZIONE VERDE CAMPI DA CALCIO CENTRO SPORTIVO,AFFIDAMENTO DIRETTO,2026-09-03,2026-08-03,11390.0,AGGIUDICATA,,50800000-3,20261001
Locate di Triulzi,BC408CCF96,221266166,PULIZIE IMMOBILI COMUNALI II SEMESTRE 2026,AFFIDAMENTO DIRETTO,2026-09-03,2026-07-01,20490.0,AGGIUDICATA,,92110000-5,20261001
Locate di Triulzi,BC40B66533,221264946,SERVIZIO DI APERTURA E CHIUSURA CENTRO DEL RIUTILIZZO II SEMESTRE 2026,AFFIDAMENTO DIRETTO,2026-09-03,2026-07-01,6003.9,AGGIUDICATA,,98341130-5,20261001
Locate di Triulzi,BADCCFA5B0,216298170,MANUTENZIONE STRAORDINARIA VERDE PUBBLICO POTATURE PIAZZA GRAMSCI VIA FONTANA PARCO DONATORI DEL SANGUE,AFFIDAMENTO DIRETTO,2026-09-03,2026-03-16,7400.0,AGGIUDICATA,,45236250-7,20261001
Locate di Triulzi,BB36FA195D,010420261610,FORNITURA SACCHI RACCOLTA DIFFERENZIATA,AFFIDAMENTO DIRETTO,2026-09-03,2026-04-13,13131.0,AGGIUDICATA,,37432000-5,20261001
Locate di Triulzi,BADC908436,2702202612001,SOSTITUZIONE ASCENSORE CIMITERO COMUNALE,AFFIDAMENTO DIRETTO,2026-09-03,2026-03-16,51500.0,AGGIUDICATA,,50700000-2,20261001
Locate di Triulzi,BC789CC9EA,CONSIP_ORDINE_9151422,LICENZE OFFICE 2026,AFFIDAMENTO DIRETTO,2026-09-03,2026-07-21,10712.0,AGGIUDICATA,,48771000-3,20261001
Locate di Triulzi,BBE93F16DE,290520261145,MANUTENZIONE FOGNATURA CASA COMUNALE VIA FONTANA,AFFIDAMENTO DIRETTO,2026-09-03,2026-06-04,8950.0,AGGIUDICATA,,42122200-2,20261001
Locate di Triulzi,BA63A58639,213540504,MANUTENZIONE E SANIFICAZIONE ASCENSORI EDIFICI COMUNALI,AFFIDAMENTO DIRETTO,2026-09-03,2026-02-12,3624.0,AGGIUDICATA,,42416100-6,20261001
Locate di Triulzi,BB4D40C978,217703990,FORNITURA SCALE PER CIMITERO COMUNALE,AFFIDAMENTO DIRETTO,2026-09-03,2026-04-17,5060.0,AGGIUDICATA,,44233000-2,20261001
Locate di Triulzi,BA630B740B,09022026945,"MANUTENZIONE VERDE PUBBLICO, ABBATTIMENTI CEPPAIE E RIPIANTUMAZIONI",AFFIDAMENTO DIRETTO,2026-09-03,2026-02-12,6660.0,AGGIUDICATA,,45236250-7,20261001
Locate di Triulzi,BBE9897CE1,1304202+1500,"INCARICO PROFESSIONALE PE DIAGNOSI ENERGETICA PE VALUTAZIONE DI EFFICIENTAMENTO ENERGETICO CONTO TERMICO 3,0",AFFIDAMENTO DIRETTO,2026-09-03,2026-06-04,10000.0,AGGIUDICATA,,71241000-9,20261001
Locate di Triulzi,BCFED374E5,CONSIP_ORDINE_9189978,MANUTENZIONE BIENNALE SOFTWARE GESTIONALI 2026-2027,AFFIDAMENTO DIRETTO,2026-09-17,2026-09-16,120000.0,AGGIUDICATA,,72267100-0,20261001
Locate di Triulzi,BD0141798A,224156544,INCARICO DI SUPPORTO AL RUP SETTORE PIANIFICAZIONE E GESTIONE DEL TERRITORIO,AFFIDAMENTO DIRETTO,2026-09-18,2026-09-17,62500.0,AGGIUDICATA,,79980000-7,20261001
Locate di Triulzi,BD2A5742B9,PCP-20260930-01298,PROCEDIMENTO TAR LOMBARDIA - FER ITALIA,ALTRA PROCEDURA A FASE UNICA,2026-09-30,,10802.27,,,79112000-2,20261001
Lodi Vecchio,BC619569A3,marciapiede Via Papa Giovanni XXIII,MESSA IN SICUREZZA DEI MARCIAPIEDI E DI PARTI DI CARREGGIATA DI VIA PAPA GIOVANNI XXIII,AFFIDAMENTO DIRETTO,2026-07-14,2026-07-13,17900.0,AGGIUDICATA,,45233141-9,20260801
Lodi Vecchio,BC95A63E2D,"pavimenti centro socio-sanitario, municipio",RIFACIMENTO DELLA PAVIMENTAZIONE DEL PIANO RIALZATO DEL CENTRO SOCIOSANITARIO E DEL PIANO TERRA DEL PALAZZO MUNICIPALE,AFFIDAMENTO DIRETTO,2026-07-31,2026-07-30,73500.69,AGGIUDICATA,,45432112-2,20260801
Lodi Vecchio,BCA4624B0D,ACCERTAMENTI RISCOSSIONE COTTIVA IMU E TARI ANNI DIVERSI,ACCERTAMENTI RISCOSSIONE COTTIVA IMU E TARI ANNI DIVERSI,AFFIDAMENTO DIRETTO,2026-08-06,2026-08-05,23770.0,AGGIUDICATA,,75100000-7,20260901
Lodi Vecchio,BCB5115489,CONSIP_ORDINE_9170649,GESTIONE RILEVATORE INFRAZIONI SEMAFORICHE,AFFIDAMENTO DIRETTO,2026-08-14,2026-08-13,7200.0,AGGIUDICATA,,63712710-3,20260901
Lodi Vecchio,BCB9BF7020,incarico centro riuso,"PROGETTAZIONE ESECUTIVA, DL E SICUREZZA RELATIVI ALLA COSTRUZIONE DEL CENTRO DEL RIUSO COMUNALE",AFFIDAMENTO DIRETTO,2026-08-19,2026-08-17,23600.0,AGGIUDICATA,,71200000-0,20260901
Lodi Vecchio,BCE2DAE391,strada Gallinazza,MESSA IN SICUREZZA DEL TRATTO COMUNALE DELLA STRADA PER LA CASCINA GALLINAZZA,AFFIDAMENTO DIRETTO,2026-09-08,2026-09-07,13500.0,AGGIUDICATA,,45233141-9,20261001
Lodi Vecchio,BD0E38243A,conduzione impianti termici 2026-2027,SERVIZIO DI CONDUZIONE E MANUTENZIONE IMPIANTI TERMICI E DI CLIMATIZZAZIONE DEGLI EDIFICI COMUNALI,AFFIDAMENTO DIRETTO,2026-09-23,2026-09-22,44032.0,AGGIUDICATA,,50720000-8,20261001
Lodi Vecchio,BD18A6083B,CONSIP_ORDINE_9206203,ACQUISTO SCUOLABUS,AFFIDAMENTO DIRETTO,2026-09-25,2026-09-24,32600.0,AGGIUDICATA,,34120000-4,20261001
Lodi Vecchio,BD246F57AC,scavi var3,INTERVENTI DI SCAVO ARCHEOLOGICO NELL'AMBITO DEL PARCO ARCHEOLOGICO - LOTTO 1,AFFIDAMENTO DIRETTO,2026-09-29,2026-09-28,25374.6,AGGIUDICATA,,45112450-4,20261001
Lurago d'Erba,BC5DF0168A,LE2026_40a,SERVIZIO DI NOLEGGIO CARRELLO ELEVATORE – PERIODO 2027/2030 CON POSSIBILITA' DI PROROGA PERIODO 2031/2034,AFFIDAMENTO DIRETTO,2026-07-13,2026-07-10,24960.0,AGGIUDICATA,,42415100-9,20260801
Lurago d'Erba,BC69420DCA,CONSIP_ORDINE_9146496,SERVIZIO DI RESPONSABILE DELLA PROTEZIONE DEI DATI PERSONALI (RPD/DPO) PERIODO 01.08.2026-31.07.2031,AFFIDAMENTO DIRETTO,2026-07-16,2026-07-15,20000.0,AGGIUDICATA,,79000000-4,20260801
Lurago d'Erba,BCA54C5D85,CONSIP_ORDINE_9161152,"FORNITURA SERVIZIO SAAS COMPRENSIVO DI SERVIZIO DI MANUTENZIONE, AGGIORNAMENTO E SERVIZIO HELPDESK ASSISTENZA - ANNI 2026-2027-2028",AFFIDAMENTO DIRETTO,2026-08-10,2026-08-05,83070.0,AGGIUDICATA,,72267100-0,20260901
Lurago d'Erba,BCC97CAFF5,CONSIP_ORI_9117187,SERVIZIO DI PULIZIA IMMOBILI DEL COMUNE DI LURAGO D'ERBA - 01.09.2026 - 30.06.2029,AFFIDAMENTO DIRETTO,2026-08-27,2026-08-27,136812.11,AGGIUDICATA,,90919200-4,20261001
Magenta,BBDE615DB2,Lavori Manutenzione Marciapiedi,LAVORI DI MANUTENZIONE MARCIAPIEDI ,AFFIDAMENTO DIRETTO,2026-06-01,2026-05-29,47186.22,AGGIUDICATA,,45233141-9,20260901
Magenta,BBEDD99F52,STRADE 2026 - 1° intervento,LAVORI DI MANUTENZIONE STRAORDINARIA STRADE 2026 – 1° INTERVENTO ,PROCEDURA NEGOZIATA SENZA PREVIA PUBBLICAZIONE,2026-06-08,2026-07-13,276609.97,AGGIUDICATA,,45233220-7,20260901
Magenta,BC0D60FAAD,SEGNALETICA STRADALE 2026 - 2° INTERVENTO,LAVORI DI MANUTENZIONE STRAORDINARIA SEGNALETICA STRADALE ANNO 2026 – 2° INTERVENTO,AFFIDAMENTO DIRETTO,2026-06-17,2026-06-16,34864.0,AGGIUDICATA,,45233294-6,20260901
Magenta,BC3D2F40B0,CONSIP_RDO_6413616,AFFIDAMENTO DIRETTO AI SENSI DELL ART 50 COMMA 1 LETT B DEL DLGS 31 MARZO 2023 N 36 SU PIATTAFORMA MEPA ACQUISTINRETEPA DEL SERVIZIO DI DPO DATA PROTECTION OFFICER PER L ATTUAZIONE DELLE DISPOSIZIONI ,AFFIDAMENTO DIRETTO,2026-07-02,2026-07-01,23760.0,AGGIUDICATA,,79140000-7,20260801
Magenta,BC403AB414,PR_2026_014,LAVORI DI MANUTENZIONE STRAORDINARIA PORZIONE DI MURO ALL'INTERNO DEL PARCO DI CASA GIACOBBE,AFFIDAMENTO DIRETTO,2026-07-02,2026-07-01,15843.2,AGGIUDICATA,,45332200-5,20260801
Magenta,BC3F734AC6,PROGETTO ESECUTIVO AMPLIAMENTO PONTE VIA GALLIANO,"SERVIZI TECNICI PER PROGETTO ESECUTIVO, COORDINAMENTO SICUREZZA IN FASE DI PROGETTAZIONE, DIREZIONE LAVORI, COORDINAMENTO SICUREZZA IN FASE DI ESECUZIONE E C.R.E., PER AMPLIAMENTO PONTE CARRAIO VIA GA",AFFIDAMENTO DIRETTO,2026-07-02,2026-07-01,8544.0,AGGIUDICATA,,71300000-1,20260801
Magenta,BC5D90FE89,Tinteggiatura Santa Caterina,LAVORI DI RIQUALIFICAZIONE E MANUTENZIONE STRAORDINARIA DELLE SUPERFICI MURALI INTERNE DELLA SCUOLA PRIMARIA SANTA CATERINA,AFFIDAMENTO DIRETTO,2026-07-13,2026-07-10,93050.0,AGGIUDICATA,,45442100-8,20260801
Magenta,BC0852B9E5,CENSIMENTO PONTI DM204_01/07/2022,"SERVIZIO SPECIALISTICO PER CENSIMENTO, ISPEZIONE VISIVA SECONDO IL METODO DI VALUTAZIONE NUMERICA(MVN), CALCOLO DELLE CDA COME DA D.M. 204 DEL 01/07/2022 E D.M. 430 DEL 08/01/2019 (AINOP) DEI PONTI PR",AFFIDAMENTO DIRETTO,2026-07-13,2026-06-15,8100.0,AGGIUDICATA,,71700000-5,20260901
Magenta,BC6EBEB0C3,PR_2026_018,LAVORI PER SOSTITUZIONE DI PARTE DELLA LATTONERIA SULLA COPERTURA DEL CIMITERO DEL COMUNE DI MAGENTA (MI).,AFFIDAMENTO DIRETTO,2026-07-17,2026-07-16,9883.24,AGGIUDICATA,,45261900-3,20260801
Magenta,BC711FEC3A,SOC20_2026,ACCOGLIENZA DI D. M. IN COMUNITA' IL BIVIO LUGLIO - SETTEMBRE 2026,AFFIDAMENTO DIRETTO,2026-07-20,2026-07-17,9200.0,AGGIUDICATA,,85311000-2,20260801
Magenta,BC79ED234A,soc25_2026,ACCOGLIENZA DI MINORE L.N.R. IN COMUNITA' FAMILIARE PER IL PERIODO LUGLIO - SETTEMBRE 2026,AFFIDAMENTO DIRETTO,2026-07-22,2026-07-21,11040.0,AGGIUDICATA,,85311000-2,20260801
Magenta,BC795AC69B,SOC21_2026,INSERIMENTO DEI MINORI A.M. E A.E. IN STRUTTURA RESIDENZIALE PER IL PERIODO LUGLIO – SETTEMBRE 2026,AFFIDAMENTO DIRETTO,2026-07-22,2026-07-21,19320.0,AGGIUDICATA,,85311000-2,20260801
Magenta,BC79B3BCE5,SOC25_2026,ACCOGLIENZA DI MINORE G.G.L. IN STRUTTURA RESIDENZIALE PER IL PERIODO 1 LUGLIO – 15 SETTEMBRE 2026 ,AFFIDAMENTO DIRETTO,2026-07-22,2026-07-21,7980.0,AGGIUDICATA,,85311000-2,20260801
Magenta,BC79871FAE,SOC24_2026,ACCOGLIENZA DI MINORE DISABILE F.K. IN R.S.D. PER IL PERIODO LUGLIO – SETTEMBRE 2026 ,AFFIDAMENTO DIRETTO,2026-07-22,2026-07-21,8280.0,AGGIUDICATA,,85311000-2,20260801
Magenta,BC79333C3B,SOC23_2026,ACCOGLIENZA DI MINORE L.S. IN STRUTTURA RESIDENZIALE PER IL PERIODO LUGLIO – SETTEMBRE 2026,AFFIDAMENTO DIRETTO,2026-07-22,2026-07-21,13524.0,AGGIUDICATA,,85311000-2,20260801
Magenta,BC716D9DFB,SOC22_2026,ACCOGLIENZA DI B.SH. IN ALLOGGIO PER L'AUTONOMIA LUGLIO - SETTEMBRE 2026,AFFIDAMENTO DIRETTO,2026-07-22,2026-07-17,7360.0,AGGIUDICATA,,85311000-2,20260801
Magenta,BC7E620AF5,RIPRISTINO N. 4 PORTALI LUMINOSI DI ATTRAVERSAMENTO STRADALE,RIPRISTINO N. 4 PORTALI LUMINOSI DI ATTRAVERSAMENTO STRADALE,AFFIDAMENTO DIRETTO,2026-07-24,2026-07-23,11500.0,AGGIUDICATA,,45100000-8,20260901
Magenta,BC8252D2F1,SOC27_2026,ACCOGLIENZA DI MINORE S.A.A. IN COMUNITA' EDUCATIVA PER IL PERIODO LUGLIO – SETTEMBRE 2026,AFFIDAMENTO DIRETTO,2026-07-27,2026-07-24,9200.0,AGGIUDICATA,,85311000-2,20260801
Magenta,BC82637E70,SOC28_2026,ACCOGLIENZA DI NUCLEO FAMILIARE B.J./B.H. IN COMUNITA' MAMMA – BAMBINO PER IL PERIODO LUGLIO - SETTEMBRE 2026,AFFIDAMENTO DIRETTO,2026-07-27,2026-07-24,10880.0,AGGIUDICATA,,85311000-2,20260801
Magenta,BC82BB56B7,Nidi01_2026,AFFIDAMENTO GESTIONE SERVIZI EDUCATIVI PER LA PRIMA INFANZIA,AFFIDAMENTO DIRETTO A SOCIETA' IN HOUSE,2026-07-27,2026-07-24,2356926.85,AGGIUDICATA,,80110000-8,20260801
Magenta,BC8291E398,UDP24072026,GESTIONE INTERVENTI LEPS DIMISSIONI PROTETTE E PIPPI,AFFIDAMENTO DIRETTO A SOCIETA' IN HOUSE,2026-07-27,2026-07-24,49091.41,AGGIUDICATA,,85300000-2,20260801
Magenta,BC8D68A056,SOC30_2026,ACCOGLIENZA DI MINORE N.G. IN STRUTTURA RESIDENZIALE PER IL PERIODO LUGLIO - SETTEMBRE 2026,AFFIDAMENTO DIRETTO,2026-07-29,2026-07-28,15480.0,AGGIUDICATA,,85311000-2,20260801
Magenta,BC9725727A,soc23_2026,ACCOGLIENZA DI MINORI F.C.A. F.B IN COMUNITA' EDUCATIVA PER IL PERIODO LUGLIO – SETTEMBRE 2026,AFFIDAMENTO DIRETTO,2026-08-03,2026-07-31,14720.0,AGGIUDICATA,,85311000-2,20260901
Magenta,BC9843D7A8,CONSIP_ORDINE_9161704,PROGETTO INNOVAZIONE MS365 PRIMA FASE CLOUD,AFFIDAMENTO DIRETTO,2026-08-03,2026-07-31,21610.0,AGGIUDICATA,,48900000-7,20260901
Magenta,BCAB3F6B75,SOC31_2026,AFFIDAMENTO DIRETTO DEL SERVIZIO DI TRASPORTO DISABILI PER SERVIZI DIURNI (CDD) PER IL PERIODO 01 SETTEMBRE 2026 – 31 AGOSTO 2027,AFFIDAMENTO DIRETTO,2026-08-10,2026-08-07,33150.0,AGGIUDICATA,,85320000-8,20260901
Magenta,BCC9B135FC,PR_2026_016,SERVIZIO PER LA MANUTENZIONE DEL GRUPPO DI PRESSURIZZAZIONE ED ELETTROPOMPA DI RILANCIO PRESENTE NELL'EDIFICIO SCOLASTICO DI PIAZZA F. CERVI,AFFIDAMENTO DIRETTO,2026-08-28,2026-08-27,7850.0,AGGIUDICATA,,50511100-1,20260901
Magenta,BCCD19C6F7,SOC29_2026,ACCOGLIENZA DI MINORI M.H.A.A. E M.C. IN COMUNITA' PER IL PERIODO LUGLIO - SETTEMBRE 2026,AFFIDAMENTO DIRETTO,2026-08-31,2026-08-28,21436.0,AGGIUDICATA,,85311000-2,20260901
Magenta,BCDDA5293C,COLLEGAMENTI ELETTRICI PORTALI LUMINOSI,COLLEGAMENTI ELETTRICI PORTALI LUMINOSI,AFFIDAMENTO DIRETTO,2026-09-07,2026-09-04,6160.0,AGGIUDICATA,,45300000-0,20261001
Magenta,BCF5165E9D,PULIZIA AREA EX VIA FUCINI,PULIZIA AREA EX VIA FUCINI,AFFIDAMENTO DIRETTO,2026-09-15,2026-09-14,6000.0,AGGIUDICATA,,45100000-8,20261001
Magenta,BD079A796B,LAVORI COMPLEMENTARI  IMPIANTO ELETTRICO CENTRO SPORTIVO PV,LAVORI COMPLEMENTARI DI ADEGUAMENTO IMPIANTO ELETTRICO CENTRO SPORTIVO PONTE VECCHIO,AFFIDAMENTO DIRETTO,2026-09-21,2026-09-18,7740.0,AGGIUDICATA,,45300000-0,20261001
Magenta,BD0BF176A4,MESSA IN SICUREZZA TETTO VILLA CASTIGLIONI,MESSA IN SICUREZZA TETTO VILLA CASTIGLIONI,AFFIDAMENTO DIRETTO,2026-09-22,2026-09-21,37895.0,AGGIUDICATA,,45200000-9,20261001
Magenta,BD2679A816,CONSIP_RDO_6556424,SERVIZIO DI REDAZIONE DEL RAPPORTO PRELIMINARE PER LA VERIFICA DI ASSOGGETTABILITA' A VAS NELL'AMBITO DEL NUOVO PGTU COMUNE DI MAGENTA,AFFIDAMENTO DIRETTO,2026-09-30,2026-09-29,5200.0,AGGIUDICATA,,71410000-5,20261001
Mazzano,BBF66BFD03,CRE 2026-2027-2028 MAZZANO,"SERVIZIO DI PROGETTAZIONE E GESTIONE DEL CENTRO RICREATIVO ESTIVO DEL COMUNE DI MAZZANO, AI SENSI DELL'ARTICOLO 50, COMMA 1, LETT. B), DEL D. LGS. 31/03/2023, N. 36. ANNUALITA' 2026 – 2027 - 2028.",AFFIDAMENTO DIRETTO,2026-06-10,2026-06-09,93000.0,AGGIUDICATA,,92300000-4,20261001
Mazzano,BC0A912A8C,16_S_2026_AD,CONTRATTO ATTUATIVO N. 2 DI TIPO A) RELATIVO ALL'ACCORDO QUADRO CON PIU' OPERATORI ECONOMICI PER SERVIZIO DI MANUTENZIONE ORDINARIA E CONTROLLO DEI DISPOSITIVI ATTIVI E PASSIVI ANTINCENDIO UBICATI NEG,AFFIDAMENTO DIRETTO,2026-06-16,2026-06-15,19670.97,AGGIUDICATA,,50413200-5,20260801
Mazzano,BC2141C16C,Mazzano_2026_3,TRASPORTO DISABILI,AFFIDAMENTO DIRETTO,2026-06-22,2026-06-22,1978.11,AGGIUDICATA,,60130000-8,20261001
Mazzano,BC3A2AC8E2,Servizio pannelli luminosi,SERVIZIO PANNELLI LUMINOSI,AFFIDAMENTO DIRETTO,2026-07-01,2026-06-30,11250.0,AGGIUDICATA,,35261000-1,20260801
Mazzano,BC461311A5,19_S_2026_AD,IMPEGNO DI SPESA PER LA FORNITURA DI ENERGIA ELETTRICA E DEI SERVIZI CONNESSI PER 2 MESI COMUNE DI MAZZANO (DAL 01/05/2026 AL 30/06/2026) ,AFFIDAMENTO DIRETTO,2026-07-06,2026-07-03,40062.28,AGGIUDICATA,,09310000-5,20260801
Mazzano,BC512398E2,CONSIP_ORDINE_9135769,SERVIZIO DI CONNETTIVITÀ INTERNET DELLA DURATA DI 36 MESI PER LA SCUOLA SECONDARIA DI PRIMO GRADO DEL COMUNE DI MAZZANO,AFFIDAMENTO DIRETTO,2026-07-08,2026-07-07,13249.0,AGGIUDICATA,,72400000-4,20260801
Mazzano,BC63A9AD42,20_S_2026_AD,CONTRATTO ATTUATIVO N. 2 DI TIPO B) RELATIVO ALL'ACCORDO QUADRO CON PIU' OPERATORI ECONOMICI DEL SERVIZIO DI MANUTENZIONE IMPIANTI IDROTERMOSANITARI IMMOBILI COMUNALI E AREE ESTERNE PER MANITENZIONE S,AFFIDAMENTO DIRETTO,2026-07-14,2026-07-14,8260.0,AGGIUDICATA,,42500000-1,20260801
Mazzano,BC92D01AB4,MAZZ.CONTRATT02PL2,"CONCESSIONE DEL SERVIZIO DI RISCOSSIONE COATTIVA DELLE ENTRATE TRIBUTARIE, EXTRATRIBUTARIE E PATRIMONIALI",AFFIDAMENTO DIRETTO,2026-07-30,2026-07-30,55737.7,AGGIUDICATA,,79940000-5,20260801
Mazzano,BC9EF47C7F,PRE-POST-SORV 26/27,"SERVIZI DI ENTRATA ANTICIPATA, USCITA POSTICIPATA, SORVEGLIANZA BUS, SORVEGLIANZA MENSA E SPAZIO COMPITI. A.S. 2026/27.",AFFIDAMENTO DIRETTO,2026-08-05,2026-08-04,122343.34,AGGIUDICATA,,80100000-5,20261001
Mazzano,BCB7DBDE82,23_S_2026_AQ,MANUTENZIONI EDILI DI IMMOBILI E STRADE DEI COMUNI DELL'AGGREGAZIONE,AFFIDAMENTO DIRETTO,2026-08-14,2026-08-14,7513.66,AGGIUDICATA,,50800000-3,20260901
Mazzano,BCB8C4E3CA,25_S_2026_AQ,SERVIZIO DI MANUTENZIONE IMPIANTI IDROTERMOSANITARI IMMOBILI COMUNALI E AREE ESTERNE – APPROVAZIONE CONTRATTO ATTUATIVO DI TIPO A) N.4 ALLA DITTA IDROMAFRA SRL,AFFIDAMENTO DIRETTO,2026-08-17,2026-08-17,1639.35,AGGIUDICATA,,50700000-2,20260901
Mazzano,BCB87186EF,24_S_2026_AQ,SERVIZIO DI MANUTENZIONE IMPIANTI IDROTERMOSANITARI IMMOBILI COMUNALI E AREE ESTERNE – APPROVAZIONE CONTRATTO ATTUATIVO DI TIPO A) N.4 ALLA DITTA IDROMAFRA SRL,AFFIDAMENTO DIRETTO,2026-08-17,2026-08-17,1639.35,AGGIUDICATA,,50700000-2,20260901
Mazzano,BCBB5CB085,ELETTRICISTA_C.A. tipo a)_n.3,SERVIZIO DI MANUTENZIONE IMPIANTI ELETTRICI IMMOBILI COMUNALI E AREE ESTERNE DELL'AGGREGAZIONE DELLA DURATA DI 4 ANNI 2024/2028,AFFIDAMENTO DIRETTO,2026-08-18,2026-08-18,30327.87,AGGIUDICATA,,50711000-2,20260901
Mazzano,BCBC406ECD,C.A. n.5_tipo a_idraulico,SERVIZIO DI MANUTENZIONE IMPIANTI IDROTERMOSANITARI IMMOBILI COMUNALI E AREE ESTERNE – APPROVAZIONE CONTRATTO ATTUATIVO DI TIPO A) N.5 ALLA DITTA IDROMAFRA SRL,AFFIDAMENTO DIRETTO,2026-08-19,2026-08-19,19836.07,AGGIUDICATA,,50700000-2,20260901
Mazzano,BCBDEB973B,C.A.tipo a)_N.5_EDILE,ACCORDO QUADRO CON PIU' OPERATORI ECONOMICI PER SERVIZIO DI MANUTENZIONE EDILE E STRADALE IMMOBILI COMUNALI E AREE ESTERNE DURATA 4 ANNI-CONTRATTO ATTUATIVO TIPO A) N.5,AFFIDAMENTO DIRETTO,2026-08-20,2026-08-20,60655.72,AGGIUDICATA,,50800000-3,20260901
Mazzano,BCC1EEF44D,C.A. n.5_tipo a)_idraulico,SERVIZIO DI MANUTENZIONE IMPIANTI IDROTERMOSANITARI IMMOBILI COMUNALI E AREE ESTERNE – APPROVAZIONE CONTRATTO ATTUATIVO DI TIPO A) N.5 ALLA DITTA IDROMAFRA SRL,AFFIDAMENTO DIRETTO,2026-08-24,2026-08-24,19836.07,AGGIUDICATA,,50700000-2,20260901
Mazzano,BCC4A9F1A2,d3587e3f-5fa9-42b7-ae93-be615433ed5f,AFFIDAMENTO DIRETTO D'IMPORTO INFERIORE A 20.000 EURO DEI LAVORI DI TINTEGGIATURE DELLA AULE DELLA SCUOLA PRIMARIA C.ABBA – LOTTO 1,AFFIDAMENTO DIRETTO,2026-08-26,2026-08-25,6500.0,AGGIUDICATA,,45442100-8,20260901
Mazzano,BD0BB7DDC6,26_S_2026_AD,"SERVIZIO TECNICO DI REDAZIONE DEL PROGETTO DI FATTIBILITA' TECNICO - ECONOMICA E DEL PROGETTO ESECUTIVO PER INTERVENTI DI RIQUALIFICAZIONE ENERGETICA, SISMICA E ADEGUAMENTO DISTRIBUTIVO DELLA SCUOLA D",AFFIDAMENTO DIRETTO,2026-09-22,2026-09-21,126002.08,AGGIUDICATA,,71220000-6,20261001
Mazzano,BD0EFEC2CC,bf70c61d-730f-47c1-998d-cb2ad3fad58b,ESERCIZIO DELL'OPZIONE DI RINNOVO DELL'INCARICO PER PRESTAZIONE DI SERVIZIO DI SUPPORTO PRESSO LA CENTRALE DI COMMITTENZA DELL'UFFICIO UNICO INTERCOMUNALE LAVORI PUBBLICI DEI COMUNI DI MAZZANO E NUVOL,AFFIDAMENTO DIRETTO,2026-09-23,2026-09-22,49920.0,AGGIUDICATA,,71356300-1,20261001
Mazzano,BD167F61FF,bd0cb53b-d571-4d3e-8fce-028caa417fe5,AFFIDAMENTO DIRETTO DEL SERVIZIO DI TRASLOCO E MOVIMENTAZIONE DI ARREDI E MATERIALE VARIO PROVENIENTI DALLA SCUOLA DISMESSA FLEMING DI MAZZANO_CUP: J53H19000730009,AFFIDAMENTO DIRETTO,2026-09-24,2026-09-23,14000.0,AGGIUDICATA,,98392000-7,20261001
Mortara,BCBD37F389,AD3_2026_19_08_01,AVVISO UNICO CULTURA 2026. AFFIDAMENTO PER IL PROGETTO D'ARCHIVIO DEL COMUNE DI MORTARA1926-1936,AFFIDAMENTO DIRETTO,2026-08-20,2026-08-19,6967.21,AGGIUDICATA,,92510000-9,20260901
Mortara,BCE7A8C25E,CONSIP_ORDINE_9179334,APP MUNICIPIUM,AFFIDAMENTO DIRETTO,2026-09-09,2026-09-08,8700.0,AGGIUDICATA,,72250000-2,20261001
Mortara,BD0DD048B2,CONSIP_ORDINE_9187559,SERVIZIO MANUTENZIONE E ASSISTENZA CLOUD HALLEY ANNUALITÀ 2026,AFFIDAMENTO DIRETTO,2026-09-23,2026-09-21,25000.0,AGGIUDICATA,,72500000-0,20261001
Mortara,BD1A39556B,P72_2026_24_09_01,FORNITURA DI LIBRI PER LA BIBLIOTECA DEL COMUNE DI MORTARA ANNI 2027 E 2028,PROCEDURA NEGOZIATA SENZA PREVIA PUBBLICAZIONE,2026-09-24,2026-10-22,16000.0,,,22113000-5,20261001
Olgiate Comasco,BC41757FE7,tender://olgiate_comasco/id/111,SERVIZIO PER L'EROGAZIONE DEL CORSO DI LINGUA INGLESE DA DESTINARSI ALLE SCUOLE PRIMARIE DEL COMUNE DI OLGIATE COMASCO PER L'ANNO SCOLASTICO 2026/2027,AFFIDAMENTO DIRETTO,2026-07-03,2026-07-02,50.0,AGGIUDICATA,,80580000-3,20260801
Olgiate Comasco,BC46BA4120,tender://olgiate_comasco/id/117,FORNITURA E POSA IN OPERA DI ATTREZZATURE LUDICHE PRESSO IL PARCO COMUNALE DI VIA EINSTEIN,AFFIDAMENTO DIRETTO,2026-07-06,2026-07-03,80306.57,AGGIUDICATA,,37535200-9,20260801
Olgiate Comasco,BC4693B3F5,tender://olgiate_comasco/id/115,INTERVENTI DI MANUTENZIONE STRADALE VIALE TRIESTE E VIA DELL'ISOLA,AFFIDAMENTO DIRETTO,2026-07-06,2026-07-03,142791.08,AGGIUDICATA,,45233140-2,20260801
Olgiate Comasco,BC4CF652EC,tender://olgiate_comasco/id/119,LAVORI DI FACCHINAGGIO INTERNO- SMONTAGGIO DI PARETI MOBILI E ARREDI-REALIZZAZIONE NUOVE STRUTTURE DIVISORIEPRESSO GLI UFFICI COMUNALI,AFFIDAMENTO DIRETTO,2026-07-07,2026-07-06,22990.76,AGGIUDICATA,,39000000-2,20260801
Olgiate Comasco,BC4D170284,tender://olgiate_comasco/id/118,RIFACIMENTO E ADEGUAMENTO ALLE BARRIERE ARCHITETTONICHE DEI BAGNI DEL MERCATO -VIA MAESTRI COMACINI – OLGIATE COMASCO,AFFIDAMENTO DIRETTO,2026-07-07,2026-07-06,32392.0,AGGIUDICATA,,45454000-4,20260801
Olgiate Comasco,BC576436ED,CONSIP_ORDINE_9140319,"ACQUISTO SERVIZIO DDD POLICE,",AFFIDAMENTO DIRETTO,2026-07-10,2026-07-09,6900.0,AGGIUDICATA,,72000000-5,20260801
Olgiate Comasco,BC6C87E4C8,tender://olgiate_comasco/id/126,[SERVIZIO DI RISTORAZIONE SCOLASTICA DELLE SCUOLE PRIMARIE DI OLGIATE COMASCO PER IL PERIODO SETTEMBRE 2026 /AGOSTO 2027 CON ULTERIORE OPZIONE PER L'ANNO SCOLASTICO A.S. 27-28,PROCEDURA APERTA,2026-07-17,2026-08-18,488800.0,,,55523100-3,20260801
Olgiate Comasco,BC6AEE229A,CONSIP_ORDINE_9144314,FORNITURA ARREDI SCUOLE INFANZIA,AFFIDAMENTO DIRETTO,2026-07-17,2026-07-16,3324.58,AGGIUDICATA,,39161000-8,20260801
Olgiate Comasco,BC89E7ACAD,tender://olgiate_comasco/id/127.1,AFFIDAMENTO DIRETTO MANUTENZIONE SEGNALETICA STRADALE VERTICALE E ORIZZONTALE PERIODO 2026/2028,AFFIDAMENTO DIRETTO,2026-07-29,2026-07-28,114754.0,AGGIUDICATA,,34928470-3,20260801
Olgiate Comasco,BCBF321E34,tender://olgiate_comasco/id/129,"SECONDA PUBBLICAZIONE - FORNITURA GENERI DI PULIZIA E VARI PER MENSE SCUOLA INFANZIA, ASILO NIDO E CENTRI ESTIVI PERIODO SETTEMBRE 2026 / AGOSTO 2028, CON OPZIONE PER L'ULTERIORE PERIODO DI 1 ANNO SCO",PROCEDURA APERTA,2026-08-21,2026-09-21,33000.0,,,39830000-9,20260901
Olgiate Comasco,BCC0194AB8,tender://olgiate_comasco/id/133,SERVIZIO DI PULIZIA DELLA PALESTRA DI VIA TARCHINI E DEI BAGNI PUBBLICI SUL TERRITORIO COMUNALE,PROCEDURA NEGOZIATA SENZA PREVIA PUBBLICAZIONE,2026-08-21,2026-08-28,55641.2,,,90911200-8,20260901
Olgiate Comasco,BCD1F3D6AF,tender://olgiate_comasco/id/132,"AFFIDAMENTO DIRETTO DEL SERVIZIO DI SUPPORTO EDUCATIVO PRESSO L'ASILO NIDO COMUNALEDALLE ORE 16,30 ALLE ORE 18,30PERIODO: SETTEMBRE 2026 – LUGLIO 2027CON OPZIONE PER UN ULTERIORE ANNO SCOLASTICO.",AFFIDAMENTO DIRETTO,2026-09-01,2026-08-31,26.4,AGGIUDICATA,,80410000-1,20261001
Olgiate Comasco,BCD73D01A9,CONSIP_ORDINE_9181568,ACQUISTO PRESIDI SANITARI PER SCUOLA ELEMENTARE VIA SAN GERARDO,AFFIDAMENTO DIRETTO,2026-09-03,2026-09-02,7561.15,AGGIUDICATA,,33192160-1,20261001
Olgiate Comasco,BCF62FE445,CONSIP_ORDINE_9192770,CORSI AL PERSONALE DIPENDENTE PER QUALIFICAZIONE STAZIONE APPALTANTE,AFFIDAMENTO DIRETTO,2026-09-15,2026-09-14,7500.0,AGGIUDICATA,,80530000-8,20261001
Olgiate Comasco,BCF7C54CAD,tender://olgiate_comasco/id/134,SERVIZIO TRASPORTO SCOLASTICO DISABILIPERIODO SETTEMBRE 2026 - GIUGNO 2027,AFFIDAMENTO DIRETTO,2026-09-15,2026-09-14,35.0,AGGIUDICATA,,85143000-3,20261001
Ospitaletto,BC08DEE4E2,2026_FATTIBILITÀ TECNICO-ECONOMICA _DISTRETTI COM,INCARICO PROFESSIONALE PER PREDISPOSIZIONE DEL PROGETTO DI FATTIBILITÀ TECNICO-ECONOMICA (PFTE) DA ALLEGARE AL BANDO A FAVORE DEI DISTRETTI DEL COMMERCIO 2026 – DGR N. XII/5702/2026 DI REGIONE LOMBARD,AFFIDAMENTO DIRETTO,2026-06-16,2026-06-15,15912.0,AGGIUDICATA,,71241000-9,20260901
Ospitaletto,BC2C4DCD3D,CUCBSVT-37-2026,"AFFIDAMENTO DELLA GESTIONE IN CONCESSIONE DEI SERVIZI 0-6 (N. 3 ASILI NIDO, N. 1 SEZIONE PRIMAVERA E N. 1 SCUOLA DELL'INFANZIA BILINGUE) DAL 1° SETTEMBRE 2026 AL 31 AGOSTO 2029 – COMUNE DI OSPITALETTO",PROCEDURA NEGOZIATA SENZA PREVIA PUBBLICAZIONE,2026-06-26,2026-07-20,2979632.48,AGGIUDICATA,,85312110-3,20260801
Ospitaletto,BC587FA554,2025_MURATORE - 4° CONTRATTO APPLICATIVO -,"AFFIDAMENTO DIRETTO, MEDIANTE ACCORDO QUADRO OPERE DA MURATORE MARZO 2025 – MARZO 2027",AFFIDAMENTO DIRETTO,2026-07-09,2026-07-09,20491.8,AGGIUDICATA,,45400000-1,20260901
Ospitaletto,BC57BE2A6C,2026_IDRAULICO,"AFFIDAMENTO DIRETTO, MEDIANTE ACCORDO QUADRO CON UN UNICO OPERATORE, MANUTENZIONE ORDINARIA E STRAORDINARIA PRESSO GLI IMMOBILI COMUNALI – OPERE DA IDRAULICO PERIODO LUGLIO 2026 – DICEMBRE 2028 ",AFFIDAMENTO DIRETTO,2026-07-10,2026-07-09,141550.0,AGGIUDICATA,,45330000-9,20260801
Ospitaletto,BC6EA47629,2026_STUDIO WED,"AFFIDAMENTO DIRETTO, TRAMITE PORTALE SINTEL, INCARICO PROFESSIONALE PER PRESTAZIONI TECNICHE RELATIVE ALL'ADEGUAMENTO DEGLI IMPIANTI RILEVAZIONE INCENDIO DELLA SCUOLA PRIMARIA CANOSSI DI VIA ZANARDELL",AFFIDAMENTO DIRETTO,2026-07-17,2026-07-16,13655.0,AGGIUDICATA,,71300000-1,20260801
Ospitaletto,BC77F022A6,2026_ELETTRICISTA,"AFFIDAMENTO DIRETTO, MEDIANTE ACCORDO QUADRO CON UN UNICO OPERATORE ECONOMICO, DEI LAVORI DI MANUTENZIONE PRESSO GLI IMMOBILI COMUNALI – OPERE DA ELETTRICISTA PERIODO LUGLIO 2026 – DICEMBRE 2028 ",AFFIDAMENTO DIRETTO,2026-07-22,2026-07-21,143040.0,AGGIUDICATA,,45310000-3,20260801
Ospitaletto,BC783969CE,2026_VARIANTE PGT,INCARICO PROFESSIONALE PER LA REDAZIONE DEGLI ELABORATI TECNICI RELATIVI ALLA VARIANTE AL PIANO DI GOVERNO DEL TERRITORIO (P.G.T.) E RELATIVA VALUTAZIONE AMBIENTALE STRATEGICA (V.A.S).,AFFIDAMENTO DIRETTO,2026-07-22,2026-07-21,57200.0,AGGIUDICATA,,71410000-5,20260801
Ospitaletto,BC7735F84B,2026_COLLAUDATORE ESSELUNGA,"INCARICO PROFESSIONALE PER IL COLLAUDO TECNICO AMMINISTRATIVO DELLE OPERE DI URBANIZZAZIONE OGGETTO DELLA CONVENZIONE URBANISTICA STIPULATA CON IL COMUNE DI OSPITALETTO, REP. N. 21.277, RACC. N. 7.351",AFFIDAMENTO DIRETTO,2026-07-22,2026-07-21,45760.0,AGGIUDICATA,,71632000-7,20260801
Ospitaletto,BC80FAC412,2026_ARREDI REV,"AFF DIR FORNITURA POSA ARREDI SCOLASTICI ASILO NIDO VIA IV NOVEMBRE, ASILO NIDO PIAZZA MERCATO E POLO INFANZIA DI VIA SERLINI",AFFIDAMENTO DIRETTO,2026-07-24,2026-07-23,108667.4,AGGIUDICATA,,39160000-1,20260801
Ospitaletto,BC838562AD,2026_CONDIZIONATORE,"AFFIDAMENTO DIRETTO, TRAMITE PORTALE SINTEL, FORNITURA ED INSTALLAZIONE IMPIANTO DI CLIMATIZZAZIONE PRESSO LA SALA POLIFUNZIONALE DEL CENTRO CIVICO SOCIALE BERGAMINI SITO IN VIA MARTIRI DELLA LIBERTA'",AFFIDAMENTO DIRETTO,2026-07-28,2026-07-24,11000.0,AGGIUDICATA,,42512200-0,20260801
Ospitaletto,BC904A9FC3,2026_TELERISCALDAMENTO,FORNITURA E POSA IN OPERA TUBAZIONI ESTENSIONE RETE TELERISCALDAMENTO DALLA CENTRALE TERMICA DELLA SCUOLA MATERNA CHIZZOLINI AL POLO DELL'INFANZIA DI VIA SERLINI,AFFIDAMENTO DIRETTO,2026-07-30,2026-07-29,7980.0,AGGIUDICATA,,44163120-7,20260801
Ospitaletto,BC95FB849F,2026_INTERNET E FONIA REV,"AFF DIRETTO SERVIZIO CONNETTIVITA' INTERNET E FONIA PER 36 MESI ASILO NIDO SANT'ANTONIO, IV NOVEMBRE E POLO INFANZIA",AFFIDAMENTO DIRETTO,2026-07-31,2026-07-30,6381.0,AGGIUDICATA,,64210000-1,20260801
Ospitaletto,BC95B15115,2026_PULIZIE DEF,"AFF DIRETTO SERV PULIZIA STRAORDINARIA POLO INFANZIA VIA SERLINI, ASILO NIDO VIA SANT'ANTONIO E ASILO NIDO VIA IV NOVEMBRE",AFFIDAMENTO DIRETTO,2026-07-31,2026-07-30,14700.0,AGGIUDICATA,,90919000-2,20260801
Ospitaletto,BC9979F66E,CONSIP_ORDINE_9162050,SERVIZIO MANUTENZIONE SISTEMA INTEGRATO VIDEO SORVEGLIANZA E LETTORI TARGHE,AFFIDAMENTO DIRETTO,2026-08-03,2026-07-31,24000.0,AGGIUDICATA,,32323500-8,20260901
Ospitaletto,BC9860D690,2026_TENDE,AFF DIR FORNITURA E POSA TENDE A RULLO ASILO NIDO SANT'ANTONIO ASILO NIDO IV NOVEMBRE,AFFIDAMENTO DIRETTO,2026-08-03,2026-07-31,12357.63,AGGIUDICATA,,39515000-5,20260901
Ospitaletto,BCB34DEBEB,2026_TRASPORTO SCOLASTICO,AFFIDAMENTO DEL SERVIZIO DI TRASPORTO SCOLASTICO E SERVIZI SUPPLEMENTARI ANNI SCOLASTICI 2026/2027 E 2027/2028,AFFIDAMENTO DIRETTO,2026-08-13,2026-08-12,115150.0,AGGIUDICATA,,60130000-8,20260901
Ospitaletto,BCCD84ED65,2026_GESTIONE MUSEO,"SERVIZIO DI VALORIZZAZIONE CULTURALE, PROMOZIONE E GESTIONE DELLE ATTIVITÀ PRESSO IL MUSEO GHIDONI E GLI SPAZI CULTURALI DI VILLA PRESTI 01/09/2026 - 31/08/2028",AFFIDAMENTO DIRETTO,2026-09-01,2026-08-28,24000.0,AGGIUDICATA,,79952100-3,20261001
Ospitaletto,BCD36F0555,2026_ELETTRICISTA_1 CONTRATTO APPLICATIVO,"AFFIDAMENTO DIRETTO, MEDIANTE ACCORDO QUADRO CON UN UNICO OPERATORE ECONOMICO, DEI LAVORI DI MANUTENZIONE PRESSO GLI IMMOBILI COMUNALI – OPERE DA ELETTRICISTA PERIODO LUGLIO 2026 – DICEMBRE 2028 ",AFFIDAMENTO DIRETTO,2026-09-01,2026-09-01,36885.24,AGGIUDICATA,,45310000-3,20261001
Ospitaletto,BCF962BF8B,2026_BSE,"AFFIDAMENTO DIRETTO, TRAMITE PORTALE SINTEL, LAVORI DI RIPRISTINO SISTEMA SICUREZZA ANTINTRUSIONE PRESSO LA SEDE DELLA POLIZIA LOCALE E IL POLO SCOLASTICO DI VIA ZANARDELLI ",AFFIDAMENTO DIRETTO,2026-09-16,2026-09-15,9800.0,AGGIUDICATA,,45300000-0,20261001
Ospitaletto,BD0F4A6950,2025_fabbro_utc_ 1° CONTRATTO APPLICATIVO,"AFFIDAMENTO DIRETTO, MEDIANTE ACCORDO QUADRO CON UN UNICO OPERATORE, DEI LAVORI DI MANUTENZIONE PRESSO GLI IMMOBILI COMUNALI – OPERE DA FABBRO PERIODO MARZO 2025 – MARZO 2027 – COMAS SNC DI CAPPELLI D",AFFIDAMENTO DIRETTO,2026-09-22,2026-09-22,16393.44,AGGIUDICATA,,45453100-8,20261001
Ospitaletto,BD0E6CA969,2025_MURATORE - 5° CONTRATTO APPLICATIVO -,"AFFIDAMENTO DIRETTO, MEDIANTE ACCORDO QUADRO OPERE DA MURATORE MARZO 2025 – MARZO 2027",AFFIDAMENTO DIRETTO,2026-09-22,2026-09-22,11700.0,AGGIUDICATA,,45400000-1,20261001
Ospitaletto,BD0EA4CE75,2026_PITTORE_SECONDO CONTRATTO APPLICATIVO,"AFFIDAMENTO DIRETTO, MEDIANTE ACCORDO QUADRO CON UN UNICO OPERATORE, MANUTENZIONE ORDINARIA E STRAORDINARIA PRESSO GLI IMMOBILI COMUNALI – OPERE DA PITTORE PERIODO FEBBRAIO 2026 – NOVEMBRE 2028 ",AFFIDAMENTO DIRETTO,2026-09-22,2026-09-22,11700.0,AGGIUDICATA,,45442100-8,20261001
Ospitaletto,BD0F1994D1,2026_IDRAULICO_ 1° CONTRATTO APPLICATIVO,"AFFIDAMENTO DIRETTO, MEDIANTE ACCORDO QUADRO CON UN UNICO OPERATORE, MANUTENZIONE ORDINARIA E STRAORDINARIA PRESSO GLI IMMOBILI COMUNALI – OPERE DA IDRAULICO PERIODO LUGLIO 2026 – DICEMBRE 2028 ",AFFIDAMENTO DIRETTO,2026-09-22,2026-09-22,8196.72,AGGIUDICATA,,45330000-9,20261001
Ospitaletto,BD27897CFD,2026_FOTOVOLTAICI_1° CONTRATTO APPLICATIVO,"AFFIDAMENTO DIRETTO, MEDIANTE ACCORDO QUADRO CON UN UNICO OPERATORE, GESTIONE E MANUTENZIONE ORDINARIA N. 10 IMPIANTI FOTOVOLTAICI, GENNAIO 2026 - NOVEMBRE 2028 – GS SERVICE SRL - PRIMO CONTRATTO APPL",AFFIDAMENTO DIRETTO,2026-09-29,2026-09-29,9016.39,AGGIUDICATA,,50710000-5,20261001
Ospitaletto,BD270EC913,2026_MYO PER SERVIZI SOCIALI ,"AFFIDAMENTO DIRETTO PROGETTAZIONE E FORNITURA PARETE VETRATA, PORTE E ARREDI PER FRONT OFFICE UFFICIO SERVIZI SOCIALI ",AFFIDAMENTO DIRETTO,2026-09-30,2026-09-29,11744.4,AGGIUDICATA,,44115800-7,20261001
Pandino,BBE42137C7,CUCBS2026_90,PROCEDURA APERTA PER L'AFFIDAMENTO IN CONCESSIONE DELLA GESTIONE DELL'ASILO NIDO IL GIRASOLE IN FAVORE DEL COMUNE DI PANDINO (CR),PROCEDURA APERTA,2026-06-04,2026-06-24,1923422.0,,,80110000-8,20260901
Pandino,BC8BAE4F5E,Segr26_03,AFFIDAMENTO INCARICO PER SERVIZI A CANONE - SERVIZI SOFTWARE HOUSE ANNO 2026,AFFIDAMENTO DIRETTO,2026-07-29,2026-07-28,6877.0,AGGIUDICATA,,72250000-2,20260801
Pandino,BC8AC0D05A,Segr26_02,AFFIDAMENTO INCARICO PER SERVIZI A CANONE - SERVIZI CONOSORZIO.IT ANNO 2026,AFFIDAMENTO DIRETTO,2026-07-29,2026-07-28,17800.0,AGGIUDICATA,,72250000-2,20261001
Pandino,BCA0138AC3,OP_2026_48,SERVIZIO DI VERIFICA STRUTTURALE DEI FUSTI IN ACCIAIO E DELLE RELATIVE FONDAZIONI DI N. 4 TORRI FARO UBICATE PRESSO IL CAMPO DA CALCIO GARBELLI DI VIA STADIO IN PANDINO,AFFIDAMENTO DIRETTO,2026-08-05,2026-08-04,13425.0,AGGIUDICATA,,71315400-3,20260901
Pandino,BCA97F92B9,OP_2026_50,SERVIZIO DI CONSULENZA E ASSISTENZA TECNICO-GIURIDICA AL RUP PER LA PROCEDURA DI CESSIONE CONGIUNTA CON ASM PANDINO DELLA FARMACIA COMUNALE DI PANDINO,AFFIDAMENTO DIRETTO,2026-08-07,2026-08-06,18000.0,AGGIUDICATA,,71356300-1,20261001
Pandino,BCA9773424,OP_2026_49,SERVIZIO DI REDAZIONE DELLA PERIZIA DI STIMA DEL VALORE ECONOMICO DEL RAMO D'AZIENDA FARMACIA COMUNALE DELL'AZIENDA SPECIALE MULTISERVIZI PANDINO,AFFIDAMENTO DIRETTO,2026-08-07,2026-08-06,12000.0,AGGIUDICATA,,71324000-5,20260901
Pandino,BB5A85F0A5,OP_2026_29,"SERVIZIO DI MANUTENZIONE, ALLESTIMENTI E GESTIONE ORDINARIA CIMITERIALE NEL TERRITORIO COMUNALE DI PANDINO PER IL TRIENNIO 2026-2027-2028",AFFIDAMENTO DIRETTO,2026-08-07,2026-04-21,138000.0,AGGIUDICATA,,50800000-3,20260901
Pandino,BCBB9243BC,OP_2026_57,"POC PER LA SCUOLA / PNRR - AFFIDAMENTO DELLA FORNITURA, TRASPORTO E POSA IN OPERA DI ARREDI E ATTREZZATURE PER L'ALLESTAMENTO DEL GIARDINO STEM PRESSO LA NUOVA SCUOLA DELL'INFANZIA DI VIA BARACCA ",AFFIDAMENTO DIRETTO,2026-08-19,2026-08-18,70000.0,AGGIUDICATA,,39160000-1,20260901
Pandino,BCBB919AA6,OP_2026_56,"POC PER LA SCUOLA / PNRR - AFFIDAMENTO DELLA FORNITURA, TRASPORTO E POSA IN OPERA DI ARREDI E ATTREZZATURE PER L'ALLESTAMENTO DELLE AULE VERDI PRESSO LA NUOVA SCUOLA DELL'INFANZIA DI VIA BARACCA - CUP",AFFIDAMENTO DIRETTO,2026-08-19,2026-08-18,66019.02,AGGIUDICATA,,39161000-8,20260901
Pandino,BCB99FDE8B,OP_2026_55,SERVIZIO DI VERIFICA E CONTROLLO IN MATERIA DI EDILIZIA STRUTTURALE E ANTISISMICA ,AFFIDAMENTO DIRETTO,2026-08-19,2026-08-17,11100.0,AGGIUDICATA,,71352100-1,20260901
Pandino,BC2B250F10,OP_2026_42,GESTIONE SERVIZIO DIGITAL DELIVERY ATTRAVERSO PORTALE IN PRATICA DA SETTEMBRE 2026 A SETTEMBRE 2035 ,AFFIDAMENTO DIRETTO,2026-08-19,2026-06-24,139500.0,AGGIUDICATA,,79999100-4,20260901
Pandino,BCBB957DCF,OP_2026_59,"OGGETTO: POC PER LA SCUOLA / PNRR – AFFIDAMENTO INTEGRATO DEL LAYOUT D'INTERNI, DELLA FORNITURA, TRASPORTO, CUSTODIA E POSA IN OPERA DI ARREDI E ATTREZZATURE DIDATTICHE PER LA NUOVA SCUOLA DELL'INFANZ",AFFIDAMENTO DIRETTO,2026-08-19,2026-08-18,139167.14,AGGIUDICATA,,39161000-8,20260901
Pandino,BCBB34074A,OP_2026_58,"POC PER LA SCUOLA / PNRR - AFFIDAMENTO DELLA FORNITURA, TRASPORTO, MONTAGGIO, CONFIGURAZIONE E POSA IN OPERA DI DOTAZIONI TECNOLOGICHE, DISPLAY INTERATTIVI, ROBOT DA CODING, KIT SCIENTIFICO-SENSORIALI",AFFIDAMENTO DIRETTO,2026-08-19,2026-08-18,28326.91,AGGIUDICATA,,32322000-6,20260901
Pandino,B66BE13A29,PCP-20250409-04913,AFFIDAMENTO INCARICO PER SERVIZI A CANONE - SERVIZI SOFTWARE HOUSE ANNO 2025,AFFIDAMENTO DIRETTO A SOCIETA' IN HOUSE,2026-08-28,2025-04-09,28710.0,AGGIUDICATA,,72500000-0,20261001
Pandino,B2377CE5F6,ARCHIVIO PANDINO 2024,AFFIDAMENTO SERVIZIO DEPOSITO/CUSTODIA ARCHIVIO COMUNALE 01/07/2024 - 30/06/2026,PROCEDURA NEGOZIATA SENZA PREVIA PUBBLICAZIONE,2026-09-04,2024-06-24,15500.0,AGGIUDICATA,,92512000-3,20261001
Pandino,BD0E46D627,OP_2026_61,APPALTO DI LAVORI DI REALIZZAZIONE DEL GIARDINO DELLA NUOVA SCUOLA DELL'INFANZIA IN VIA BARACCA,AFFIDAMENTO DIRETTO,2026-09-23,2026-09-22,22500.0,AGGIUDICATA,,45236230-1,20261001
Pandino,BD23CF67EB,OP_2026-08,FORNITURA BANCHI PER SCUOLA SECONDARIA DI PRIMO GRADO PANDINO,AFFIDAMENTO DIRETTO,2026-09-29,2026-09-28,12079.79,AGGIUDICATA,,39160000-1,20261001
Pandino,BD24ECAE3E,Segr-09.2026,AFFIDAMENTO DIRETTO PER SUPPORTO UFFICIO ANAGRAFE,AFFIDAMENTO DIRETTO,2026-09-30,2026-09-29,10550.0,AGGIUDICATA,,72300000-8,20261001
Pieve Emanuele,BC135D5394,80104290152CIVICA2026,AFFIDAMENTO DEL SERVIZIO DI GESTIONE DELLE ATTIVITA' DELLA SCUOLA CIVICA DI MUSICA AS 26/27 E 27/28,PROCEDURA APERTA,2026-06-18,2026-07-20,621000.0,AGGIUDICATA,,80000000-4,20260901
Pieve Emanuele,B7A710C1E6,80104290152TEGOLEASILO,MIGLIORAMENTO SISMICO DELL'EDIFICO POLIFUNZIONALE DI VIA GILI PER REALIZZAZIONE ASILO NIDO IN QUARTIERE VIA ROSE ,AFFIDAMENTO DIRETTO,2026-06-23,2025-07-15,10676.75,AGGIUDICATA,,45000000-7,20260801
Pieve Emanuele,BA53C11023,80104290152vialeking,MESSA IN SICUREZZA : LAVORI DI ILLUMINAZIONE ESTERNA EDIFICIO SCOLASTICO KING.COLLODI,AFFIDAMENTO DIRETTO,2026-06-29,2026-02-09,17385.0,AGGIUDICATA,,45215144-8,20260801
Pieve Emanuele,BAB685862D,80104290152fmazzola,SERVIZIO DI COLLAUDO PER OMOLOGAZIONE DELLA PISTA ATLETICA LEGGERA PER L'INTERVENTO DI RISTRUTTURAZIONE EDILIZIA DI IMMOBILI DESTINATI ALLE ATTIVITÀ SPORTIVE DI VIA DEI PINI E VIA MOLISE,AFFIDAMENTO DIRETTO,2026-06-30,2026-03-05,7500.0,AGGIUDICATA,,75000000-6,20260801
Pieve Emanuele,B879A1F163,80104290152opere edili ,LAVORI DI MANUTENZIONE EDILI SUL PATRIMONIO COMUNALE ,AFFIDAMENTO DIRETTO,2026-06-30,2025-10-02,128050.0,AGGIUDICATA,,45000000-7,20260801
Pieve Emanuele,B6CDF908EF,80104290152pulizierifuticampomazzola ,SERVIZIO DI TRASPORTO E SMALTIMENTO RIFIUTI CAMPO SPORTIVO MAZZOLA VIA PINI ,AFFIDAMENTO DIRETTO,2026-06-30,2025-05-12,6098.4,AGGIUDICATA,,35000000-4,20260801
Pieve Emanuele,BC3E086385,CONSIP_ORDINE_9130533,"DETERMINAZIONE A CONTRARRE PER ACQUISTO SULLA PIATTAFORMA MEPA DEL RINNOVO DEI CANONI DI ASSISTENZA, SOFTWARE ANNO 2026, RELATIVO AL SOFTWARE SICRAWEB EVO: J-CITYGOV, PORTALE PAGAMENTI SPONTANEI PAGOP",AFFIDAMENTO DIRETTO,2026-07-02,2026-07-01,10592.0,AGGIUDICATA,,72267100-0,20260801
Pieve Emanuele,BC45558AB9,02_07_26_Smaltimento_King_2,SMALTIMENTO MATERIALE DA ESEGUIRE PRESSO LA SCUOLA PRIMARIA M.L. KING DI VIA DEI PINI ALL'INTERNO DELL'INTERVENTO DI RISTRUTTURAZIONE EDILIZIA DI IMMOBILI PUBBLICI DESTINATI AI SERVIZI EDUCATIVI SCOLA,AFFIDAMENTO DIRETTO,2026-07-06,2026-07-02,23555.0,AGGIUDICATA,,90500000-2,20261001
Pieve Emanuele,B7C164A0A2,80104290152PANZA,SERVIZIO PER COLLAUDO DELLE STRUTTRE E TECNICO AMMINISTRATIVO PER I LAVORI DI RISTRUTTRAZIONE SCUOLE M.L.KING E COLLODI ,AFFIDAMENTO DIRETTO,2026-07-06,2025-07-24,18053.73,AGGIUDICATA,,70000000-1,20260801
Pieve Emanuele,B8FA9FC8C4,80104290152PROVE460,SERVIZIO DI AFFIDAMENTO PROVE PALI E MATERIALI PRESSO IL CANTIERE PER L' INTERVENTO DI REALIZZAZIONE PASSARELLA CICLOPEDONALE DEL COLLEGAMENTO DEL CENTRO CITTADINO ID 460 PINQUA - COMUNE DI PIEVE EMAN,AFFIDAMENTO DIRETTO,2026-07-07,2025-11-06,17948.64,AGGIUDICATA,,71315400-3,20261001
Pieve Emanuele,BC4A32706A,RETTIFICA_SIVIS_IMPIANTISPORTIVI,SERVIZIO DI PRESIDIO NON ARMATO C/O CAMPO SPORTIVO V.MAZZOLA ,AFFIDAMENTO DIRETTO,2026-07-07,2026-07-06,14912.23,AGGIUDICATA,,79900000-3,20260801
Pieve Emanuele,B9ECFD2030,80104290152illpontepedonale,LAVORI DI REALIZZAZIONE PUBBLICA ILLUMINAZIONE SUL PONTE PEDONALE IN COMUNE DI PIEVE EMANUELE ,AFFIDAMENTO DIRETTO,2026-07-08,2026-01-12,9870.3,AGGIUDICATA,,45316110-9,20260801
Pieve Emanuele,BA3B2AAAC7,80104290152asilo,PRESTAZIONI TECNICHE PER COLLAUDO FUNZIONALE DEGLI IMPIANTI REALIZAZIONE ASILO NIDO IN QUARTIERE ROSE IN COPMUNE DI PIEVE EMANUELE ,AFFIDAMENTO DIRETTO,2026-07-08,2026-02-02,10030.27,AGGIUDICATA,,73000000-2,20260801
Pieve Emanuele,BA3B3B571E,80104290152COLLAUDO,SERVIZIO COLLAUDO TECNICO FUNZIONALE DEGLI IMPIANTI PER AMPLIMANTO CENTRO DI FORMAZIONE PROFESSIONALE E CO WORKING ,AFFIDAMENTO DIRETTO,2026-07-08,2026-02-02,10197.77,AGGIUDICATA,,70000000-1,20260801
Pieve Emanuele,BB1897A9D9,80104290152statico,AFFIDAMENTO COLLAUDO STATICO PER ASILO NIDO E CENTRO DI FORMAZIONE PROFESSIONALE CO WORKING ,AFFIDAMENTO DIRETTO,2026-07-08,2026-04-01,13200.3,AGGIUDICATA,,75000000-6,20260801
Pieve Emanuele,BB6C55DF79,80104290152energia,SERVIZIO DI FORNITURA DI ENERGIA ELETTRICA PRESSO ASILO NIDO AFOL CO WORKING VIA GIGLI ,AFFIDAMENTO DIRETTO,2026-07-17,2026-04-27,14420.61,,,70000000-1,20260801
Pieve Emanuele,BC7331F2FB,20_07_26_Incendi_AFOL,REDAZIONE E PRESENTAZIONE DELLE PRATICHE DI PREVENZIONE INCENDI PER ATTIVITÀ SOGGETTE A CONTROLLO VVF - AFOL,AFFIDAMENTO DIRETTO,2026-07-21,2026-07-20,8090.0,AGGIUDICATA,,72500000-0,20261001
Pieve Emanuele,BC7344BA8A,20_07_26_Incendi_ASILO,REDAZIONE E PRESENTAZIONE DELLE PRATICHE DI PREVENZIONE INCENDI PER ATTIVITÀ SOGGETTE A CONTROLLO VVF - ASILO,AFFIDAMENTO DIRETTO,2026-07-21,2026-07-20,6230.0,AGGIUDICATA,,75251110-4,20261001
Pieve Emanuele,BC7B3E7907,CONSIP_ORDINE_9152167,INSTALLAZIONE CONFIGURAZIONE STRAORDINARIA UFFICI VIA DEI GIGLI E SCUOLE,AFFIDAMENTO DIRETTO,2026-07-28,2026-07-22,23000.0,AGGIUDICATA,,64227000-3,20260801
Pieve Emanuele,BC93D8D25F,CONSIP_ORDINE_9160172,ACQUISTO CARD BENZINA PER AUTOMEZZI COMUNALI,AFFIDAMENTO DIRETTO,2026-07-30,2026-07-30,6300.0,AGGIUDICATA,,30163100-0,20260801
Pieve Emanuele,BC91E41EA5,ASCENSORI_CONVENZIONE_NECA,SERVIZIO DI MANUTENZIONE IMPIANTI DI TRASPORTO E SOLLEVAMENTO INSTALLATI NEGLI EDIFICI DI PROPRIETÀ O IN USO A PUBBLICHE AMMINISTRAZIONI AVENTI SEDE NEL TERRITORIO DELLA REGIONE LOMBARDIA PER 24 MESI ,AFFIDAMENTO DIRETTO,2026-07-30,2026-07-30,12150.25,AGGIUDICATA,,50750000-7,20261001
Pieve Emanuele,BC9D9DAE21,03_08_2026_Campo_Vecchione,FORNITURA E POSA DI PALI E APPARECCHI ILLUMINANTI PER MANUTENZIONE STRAORDINARIA DELL'IMPIANTO DI ILLUMINAZIONE DEL CAMPO SPORTIVO VECCHIONE DI VIA MOLISE FIZZONASCO DI PIEVE EMANUELE,AFFIDAMENTO DIRETTO,2026-08-06,2026-08-03,47178.0,AGGIUDICATA,,45316000-5,20261001
Pieve Emanuele,BCA8DFB3CB,CONSIP_ORDINE_9166539,ATTIVAZIONE N.3 CONTATORI IN VIA GIGLI,AFFIDAMENTO DIRETTO,2026-08-06,2026-08-06,15000.0,AGGIUDICATA,,09310000-5,20260901
Pieve Emanuele,BCAEED6147,CONSIP_ORDINE_9168764,2026_08_CONVENZIONE_3CONTATORI,AFFIDAMENTO DIRETTO,2026-08-10,2026-08-10,15000.0,AGGIUDICATA,,65500000-8,20260901
Pieve Emanuele,BCB4C5BE00,CONSIP_ORDINE_9169503,ATTREZZATURE PER IL MONITORAGGIO,AFFIDAMENTO DIRETTO,2026-08-13,2026-08-12,16280.0,AGGIUDICATA,,32240000-7,20261001
Pieve Emanuele,BCB6D72C7E,2026_08_13_SERVIZI_MARCIAPIEDI,"SERVIZI TECNICI DI PROGETTAZIONE E DIREZIONE LAVORI PER INTERVENTI EDILIZI, COMPRENSIVI DI ELABORATI PROGETTUALI, COMPUTO METRICO ESTIMATIVO, QUADRO ECONOMICO, ELENCO PREZZI E CONTABILITÀ DEI LAVORI M",AFFIDAMENTO DIRETTO,2026-08-14,2026-08-13,8800.0,AGGIUDICATA,,71320000-7,20261001
Pieve Emanuele,BCBF8C66AA,CONSIP_ORDINE_9173205,ACQUISTO SERVIZI DI REMOTE BACK OFFICE SERVIZIO TRIBUTI,AFFIDAMENTO DIRETTO,2026-08-21,2026-08-20,11934.0,AGGIUDICATA,,72000000-5,20260901
Pieve Emanuele,BCC64E2D9D,CONSIP_RDO_6524820,INSTALLAZIONE TELECAMERE PADIS 2026,AFFIDAMENTO DIRETTO,2026-08-26,2026-08-25,19800.0,AGGIUDICATA,,32323500-8,20260901
Pieve Emanuele,BCD57CC323,CONSIP_RDO_6518530,FORNITURA DUE VEICOLI DA ADIBIRE AI SERVIZI DI POLIZIA LOCALE,AFFIDAMENTO DIRETTO,2026-09-02,2026-09-01,61109.56,AGGIUDICATA,,34144000-8,20261001
Pieve Emanuele,B7F4D3ACA7,80104290152antincendio,SERVIZIO DI MANUTENZIONE E DI CONTROLLO PERIODICO DEI DISPOSITIVI ATTIVI E PASSIVI ANTINCENDIO UBICATI NEGLI EDIFICI COMUNALI DI PIEVE EMANUELE ,AFFIDAMENTO DIRETTO,2026-09-04,2025-08-11,49368.08,AGGIUDICATA,,70000000-1,20261001
Pieve Emanuele,BCDD19EAA1,1 80104290152 GARA FARMACI ,GARA FORNITURA FARMACI E ALTRI GENERI VENDIBILI PRESSO LE FARMACIE COMUNALI,PROCEDURA APERTA,2026-09-07,2026-10-05,4500000.0,,,33600000-6,20261001
Pieve Emanuele,BCDD8C0D7D,CONSIP_ORDINE_9183721,BOLLETTAZIONE TARI,AFFIDAMENTO DIRETTO,2026-09-07,2026-09-04,13396.0,AGGIUDICATA,,72000000-5,20261001
Pieve Emanuele,BCDD19FB74,1 80104290152 GARA FARMACI ,GARA FORNITURA FARMACI E ALTRI GENERI VENDIBILI PRESSO LE FARMACIE COMUNALI,PROCEDURA APERTA,2026-09-07,2026-10-05,2250000.0,,,33600000-6,20261001
Pieve Emanuele,BCEFB78620,CONSIP_ORDINE_9189237,PROGRAMMA DI MANUTENZIONE TEAS TOTALCARE PER SISTEMI VARCHI DI LETTURA TARGHE E VIDEOSORVEGLIANZA URBANA/CITTADINA.,AFFIDAMENTO DIRETTO,2026-09-11,2026-09-10,19800.0,AGGIUDICATA,,34923000-3,20261001
Poggio Rusco,BC46C5FB6E,POGGIO RUSCO_2026_023,"PROCEDURA APERTA TELEMATICA AI SENSI DELL'ART. 71 DEL D.LGS 36/2023 PER L'APPALTO DEL SERVIZIO DI TESORERIA COMUNALE NEL QUINQUENNIO 2026-2031, CON POSSIBILITA' DI PROROGA LIMITATA AL TRIENNIO SUCCESS",PROCEDURA APERTA,2026-07-07,2026-08-20,72250.0,,,66600000-6,20260801
Poggio Rusco,BCAFFE65DC,POGGIO RUSCO_2026_024,"MIGLIORAMENTO SISMICO E RECUPERO FUNZIONALE EX SCUOLA PRIMARIA DI VIA MATTEOTTI N. 1. (CUP = E92E20000210002). RICHIESTA PREVENTIVO PER INCARICO PROFESSIONALE PER LA PROGETTAZIONE ESECUTIVA, DIREZIONE",AFFIDAMENTO DIRETTO,2026-08-12,2026-08-11,39532.71,AGGIUDICATA,,71300000-1,20260901
Poggio Rusco,BCB18FC975,POGGIO RUSCO_2026_025,"REALIZZAZIONE, ADEGUAMENTO E SISTEMAZIONE RETE PISTE CICLABILI, TRATTO S.S. 12 - S.P. EX S.S. 496. (CUP = E91B19000310002). RICHIESTA PREVENTIVO PER INCARICO PROFESSIONALE PER LA PROGETTAZIONE ESECUTI",AFFIDAMENTO DIRETTO,2026-08-12,2026-08-11,21157.15,AGGIUDICATA,,71300000-1,20260901
Poggio Rusco,BCCBED8A93,POGGIO RUSCO_2026_027,MESSA IN SICUREZZA DEL TRATTO VIARIO DI VIA CANTABOA AL SERVIZIO DELLE AREE RURALI,AFFIDAMENTO DIRETTO,2026-08-28,2026-08-27,62159.79,AGGIUDICATA,,45230000-8,20260901
Poggio Rusco,BCCDD9DEE0,POGGIO RUSCO_2026_029,"MESSA IN SICUREZZA AREE COMUNALI DEL CENTRO ABITATO - CAPOLUOGO. (CUP = E98H250067001). RICHIESTA PREVENTIVO PER INCARICO PROFESSIONALE PER LA REDAZIONE DELLE RELAZIONI GEOLOGICA, IDROLOGICA, IDRAULIC",AFFIDAMENTO DIRETTO,2026-08-31,2026-08-28,16307.16,AGGIUDICATA,,71350000-6,20260901
Poggio Rusco,BCD5082F40,POGGIO RUSCO_2026_031,RIFUNZIONALIZZAZIONE E MESSA IN SICUREZZA VIABILITA' DEL TERRITORIO COMUNALE-AREE EXTRAURBANE. (CUP: E98H25000680001) RICHIESTA PREVENTIVO PER INCARICO PROFESSIONALE PER LA REDAZIONE DELLE RELAZIONI G,AFFIDAMENTO DIRETTO,2026-09-02,2026-09-01,15758.47,AGGIUDICATA,,71350000-6,20261001
Poggio Rusco,BCD71F7B51,POGGIO RUSCO_2026_030,"RIFUNZIONALIZZAZIONE E MESSA IN SICUREZZA VIABILITA' DEL TERRITORIO COMUNALE-AREE EXTRAURBANE. (CUP: E98H25000680001) RICHIESTA PREVENTIVO PER INCARICO PROFESSIONALE PER LA PROGETTAZIONE ESECUTIVA, DL",AFFIDAMENTO DIRETTO,2026-09-03,2026-09-02,128915.32,AGGIUDICATA,,71300000-1,20261001
Poggio Rusco,BD1E6C6821,POGGIO RUSCO_2026_033,INTERVENTO DI RECUPERO DEL CIMITERO DI QUATTROCASE- FASE 1 RIMOZIONE VEGETAZIONE. CUP: E92F25000440005. RICHIESTA DI PREVENTIVO PER LA REALIZZAZIONE DELL'INTERVENTO,AFFIDAMENTO DIRETTO,2026-09-28,2026-09-25,48815.65,AGGIUDICATA,,77211400-6,20261001
Poggio Rusco,BD20050B74,POGGIO RUSCO_2026_034,INTERVENTO DI RECUPERO DEL CIMITERO DI QUATTROCASE- FASE 1 MODIFICA PERCORSO CICLOPEDONALE ESISTENTE. CUP: E92F25000440005. RICHIESTA DI PREVENTIVO PER LA REALIZZAZIONE DELL'INTERVENTO,AFFIDAMENTO DIRETTO,2026-09-29,2026-09-27,43350.46,AGGIUDICATA,,45230000-8,20261001
Robecco sul Naviglio,BCA4DA6D22,CONSIP_ORDINE_9165620,SVILUPPO DEL SISTEMA INFORMATIVO ANNO 2026,AFFIDAMENTO DIRETTO,2026-08-06,2026-08-05,5525.0,AGGIUDICATA,,72600000-6,20260901
Robecco sul Naviglio,BCA4CADFA6,CONSIP_ORDINE_9165606,SERVIZIO MANUTENZIONE ED ASSISTENZA,AFFIDAMENTO DIRETTO,2026-08-06,2026-08-05,13900.0,AGGIUDICATA,,72600000-6,20260901
Robecco sul Naviglio,BCC60734FE,CONSIP_ORDINE_9175437,ACQUISTO AUTOVETTURA ALLESTITA PER POLIZIA LOCALE_PEUGEOT 3008 PLUG-IN HYBRID ALLURE,AFFIDAMENTO DIRETTO,2026-08-26,2026-08-25,40700.0,AGGIUDICATA,,34923000-3,20260901
Robecco sul Naviglio,BCCFC536D0,CONSIP_ORDINE_9178916,FORNITURA E POSA DI SEGNALETICA VERTICALE E REALIZZAZIONE DI SEGNALETICA ORIZZONTALE,AFFIDAMENTO DIRETTO,2026-09-01,2026-08-31,19600.0,AGGIUDICATA,,34928470-3,20261001
Rodigo,BBE71130E8,CONSIP_ORDINE_9103864,CANONE DI ASSISTENZA COMCLOUD SAAS 2026 AI SOFTWARE GESTIONALI,AFFIDAMENTO DIRETTO,2026-06-05,2026-06-04,21531.55,AGGIUDICATA,,72268000-1,20261001
Rodigo,BCDA31213F,RODIGO TESORERIA,AFFIDAMENTO DEL SERVIZIO DI TESORERIA COMUNALE ,PROCEDURA NEGOZIATA SENZA PREVIA PUBBLICAZIONE,2026-09-04,,105000.0,,,66600000-6,20261001
Rodigo,BD04065941,CONSIP_RDO_6482018,INSTALLAZIONE DI SISTEMA LETTURA TARGHE NEL COMUNE DI PIUBEGA A SEGUITO DI AMMISSIONE AL COFINANZIAMENTO REGIONALE PER L'ACQUISTO DOTAZIONI E STRUMENTI PER IL POTENZIAMENTO DELLA GESTIONE ASSOCIATA DI,AFFIDAMENTO DIRETTO,2026-09-18,2026-09-17,15608.68,AGGIUDICATA,,32240000-7,20261001
San Colombano al Lambro,BC39E5A82F,tender://sua_mbcmm/id/596,PROCEDURA APERTA AI SENSI DELL'ART. 71 DEL D.LGS. 36/2023 PER L'AFFIDAMENTO DEL SERVIZIO DI RISTORAZIONE SCOLASTICA E PRODUZIONE E CONSEGNA PASTI PER L'ASILO NIDO COMUNALE A RIDOTTO IMPATTO AMBIENTALE,PROCEDURA APERTA,2026-07-01,2026-08-03,2256780.96,AGGIUDICATA,,55300000-3,20261001
San Colombano al Lambro,BC3E16076A,CONSIP_ORDINE_9132050,ACQUISTO FOTORIPRODUTTORE RIGENERATO E CANONE MENSILE PER GESTIONE STAMPE E SUPPORTO ON-SITE PER ASSISTENZA E PARTI DI RICAMBIO PER L'UFFICIO DI POLIZIA LOCALE,AFFIDAMENTO DIRETTO,2026-07-02,2026-07-01,5450.0,AGGIUDICATA,,72500000-0,20260801
San Colombano al Lambro,BC3DFA168A,175-1213,AFFIDAMENTO IN CONCESSIONE DELLA GESTIONE DELL'IMPIANTO TENNISTICO SITO IN VIALE MILANO N. 20 DI PROPRIETÀ DEL COMUNE DI SAN COLOMBANO AL LAMBRO (MI) PER LA DURATA DI CINQUE ANNI,PROCEDURA APERTA,2026-07-02,2026-08-06,533500.0,,,92610000-0,20260801
San Colombano al Lambro,BC49CBF709,H803-2026-0027,COORDINAMENTO SICUREZZA PER I LAVORI DI «MANUTENZIONE STRAORDINARIA ALL'IMPIANTO DI RISCALDAMENTO DELLA PALESTRA POLIUSO DI VIA DON COLOMBANO BARUFFO N. 27» ,AFFIDAMENTO DIRETTO,2026-07-07,2026-07-06,4000.0,AGGIUDICATA,,71220000-6,20260801
San Colombano al Lambro,BC6785B345,CONSIP_ORDINE_9145774,FORNITURA ENERGIA ASILO EX ROSALINDA PERIODO 12 MESI DA OTTOBRE 2026 - SETTEMBRE 2026,AFFIDAMENTO DIRETTO,2026-07-15,2026-07-15,6000.0,AGGIUDICATA,,65310000-9,20260801
San Colombano al Lambro,BC72A400E5,H803202607,"AFFIDAMENTO DIRETTO, AI SENSI DELL'ART. 50, COMMA 1, LETT. B) DEL D.LGS. 36/2023, DELLA FORNITURA, INSTALLAZIONE, MESSA IN ESERCIZIO E GESTIONE QUINQUENNALE (01.01.2027 – 31.12.2031) DI SISTEMI AUTOMA",AFFIDAMENTO DIRETTO,2026-07-21,2026-07-20,100320.0,AGGIUDICATA,,34923000-3,20260801
San Colombano al Lambro,BC7C66D242,CONSIP_ORDINE_9152559,FORNITURA GAS DA RISCALDAMENTO PER ASILO EX ROSALINDA PERIODO 12 MESI DA OTTOBRE 2026 - SETTEMBRE 2027,AFFIDAMENTO DIRETTO,2026-07-22,2026-07-22,15000.0,AGGIUDICATA,,65210000-8,20260801
San Colombano al Lambro,BC7EB5BBEF,CONSIP_ORDINE_9153345,FORNITURA DI CARBURANTE SERVIZIO MANUTENTIVO,AFFIDAMENTO DIRETTO,2026-07-23,2026-07-23,2700.0,AGGIUDICATA,,30163100-0,20260801
San Colombano al Lambro,BC82C09C07,CONSIP_ORDINE_9154628,FORNITURA CARBURANTE AUTOMEZZI SERVIZI SOCIALI,AFFIDAMENTO DIRETTO,2026-07-24,2026-07-24,3000.0,AGGIUDICATA,,09130000-9,20260801
San Colombano al Lambro,BC8878392D,H803-2026-0032,FORNITURA E MONTAGGIO DI ATTREZZATURE PER LA RISTORAZIONE PER «RISTRUTTURAZIONE CON ADEGUAMENTO NORMATIVO ED EFFICIENTAMENTO ENERGETICO DELL'ASILO NIDO DI VA DALCERRI TOSI N.43» CODICE CUP B49H2500004,AFFIDAMENTO DIRETTO,2026-07-28,2026-07-27,11148.0,AGGIUDICATA,,39220000-0,20260801
San Colombano al Lambro,BCCA07CCEA,H803-004-2026,SERVIZIO DI TRASPORTO DEGLI ALUNNI ANNI 2026/2027 E 2027/2028,AFFIDAMENTO DIRETTO,2026-08-28,2026-08-27,138000.0,AGGIUDICATA,,60130000-8,20260901
San Colombano al Lambro,B2A1ECE224,H80320240044,INCARICO PROFESSIONALE PROGETTAZIONE COORDINAMENTO SICUREZZA E DIREZIONE LAVORI,AFFIDAMENTO DIRETTO,2026-09-11,2024-07-30,125000.0,AGGIUDICATA,,71223000-7,20261001
San Colombano al Lambro,BCEC832635,2026A0033B,MANUTENZIONE STRAORDINARIA PER SOSTITUZIONE IMPIANTO DI RISCALDAMENTO DELLA PALESTRA POLIUSO DI VIA DON COLOMBANO BARUFFO 27,AFFIDAMENTO DIRETTO,2026-09-11,2026-09-10,107419.98,AGGIUDICATA,,45331000-6,20261001
San Colombano al Lambro,BC6DBF2269,2026A0033C,MANUTENZIONE STRAORDINARIA PER SOSTITUZIONE IMPIANTO DI RISCALDAMENTO DELLA PALESTRA POLIUSO DI VIA DON COLOMBANO BARUFFO 27,AFFIDAMENTO DIRETTO,2026-09-11,2026-07-16,118940.9,AGGIUDICATA,,45331000-6,20261001
San Colombano al Lambro,B4882C4C35,845038201552024A0081,INCARICO PROFESSIONALE PER AMPLIAMENTO E AMMODERNAMENTO DELLA MENSA DELLA SCUOLA SECONDARIA DI PRIMO GRADO DON GNOCCHI DI VIA OTTAVIO STEFFENINI N. 96B,AFFIDAMENTO DIRETTO,2026-09-14,2024-11-29,8500.0,AGGIUDICATA,,71220000-6,20261001
San Colombano al Lambro,BCF409D574,H803-2026-0054,"PROGETTAZIONE ESECUTIVA, DIREZIONE LAVORI E COLLAUDI DELLE OPERE DI «ADEGUAMENTO DEGLI IMPIANTI ELETTRICI DEL CENTRO SPORTIVO FRANCO RICCARDI DI VIA MILANO N.20»",AFFIDAMENTO DIRETTO,2026-09-15,2026-09-13,8384.35,AGGIUDICATA,,71323100-9,20261001
San Fermo della Battaglia,BC6B31BEA8,CONSIP_ORDINE_9147087,ACQUISTO BUONI BENZINA E GASOLIO,AFFIDAMENTO DIRETTO,2026-07-16,2026-07-16,14050.0,AGGIUDICATA,,30163100-0,20260801
San Fermo della Battaglia,BC9B92F8C5,59cinquantanove2026,MANUTENZIONE STRAORDINARIA STRADE – ASFALTI 2026,PROCEDURA NEGOZIATA SENZA PREVIA PUBBLICAZIONE,2026-08-03,2026-08-21,208062.4,AGGIUDICATA,,03000000-1,20260901
San Fermo della Battaglia,BCDF249002,Assistente Sociale per attività operative e di coordinamento,ASSISTENTE SOCIALE PER ATTIVITÀ OPERATIVE E DI COORDINAMENTO,AFFIDAMENTO DIRETTO,2026-09-22,2026-09-04,11625.0,AGGIUDICATA,,85300000-2,20261001
San Fermo della Battaglia,BD0C0746A5,operatore nell’ambito del progetto “INTEGRA”,OPERATORE NELL'AMBITO DEL PROGETTO INTEGRA,AFFIDAMENTO DIRETTO,2026-09-22,2026-09-21,49998.0,AGGIUDICATA,,85300000-2,20261001
San Fermo della Battaglia,BD0B256049,FORNITURA DI KIT E BENI MATERIALI,FORNITURA DI KIT E BENI MATERIALI,AFFIDAMENTO DIRETTO,2026-09-22,2026-09-21,139790.0,AGGIUDICATA,,18000000-9,20261001
San Fermo della Battaglia,B97EC526E7,GESTIONE PRONTO INTERVENTO SOCIALE ,GESTIONE PRONTO INTERVENTO SOCIALE ,AFFIDAMENTO DIRETTO,2026-09-22,2025-12-09,139905.37,AGGIUDICATA,,85300000-2,20261001
San Fermo della Battaglia,BD111A02D9,CONSIP_RDO_6570584,COPIA DI FORNITURA MATERIALE IGIENICO,AFFIDAMENTO DIRETTO,2026-09-23,2026-09-22,7286.0,AGGIUDICATA,,90900000-6,20261001
San Fermo della Battaglia,BD1ADD1782,incarico di psicologo dedicato a progetti d’Ambito,INCARICO DI PSICOLOGO DEDICATO A PROGETTI D'AMBITO,AFFIDAMENTO DIRETTO,2026-09-25,2026-09-24,28825.0,AGGIUDICATA,,85300000-2,20261001
Sarezzo,BC139B4560,SAR-46-26-MAN- VII CONTRATTO FABBRO,ACCORDO QUADRO CON UN UNICO OPERATORE DEL SERVIZIO DA FABBRO SU EDIFICI E AREE COMUNALI ANNI 2023-2024-2025-2026 (CIG 9534741D2C),AFFIDAMENTO DIRETTO,2026-06-17,2026-06-17,8196.72,AGGIUDICATA,,98395000-8,20260901
Sarezzo,BC138ABAAF,SAR-45-26 MAN- II CONTRATTO ELETTRICISTA ,ACCORDO QUADRO PER L'AFFIDAMENTO DEL SERVIZIO DI MANUTENZIONE DA ELETTRICISTA ANNI 2026-2027-2028-2029 CIG: B9BF879641,AFFIDAMENTO DIRETTO,2026-06-17,2026-06-17,6557.37,AGGIUDICATA,,50711000-2,20260901
Sarezzo,BC18CA35C0,SAR-44-26 RIQUALIFICAZIONE PARCO NOBOLI,FORNITURA E POSA DI STRUTTURE RICREATIVE C/O AREA VERDE PARCO GIOCHI IN VIA F.LLI CAPPONI IN LOCALITA' NOBOLI A SAREZZO,AFFIDAMENTO DIRETTO,2026-06-19,2026-06-18,18950.0,AGGIUDICATA,,37535200-9,20260901
Sarezzo,BC41EAFF54,SAR-48-26 MAN RIO ZUCCONE MAN LAVORI,INTERVENTO DI MITIGAZIONE DEL RISCHIO IDRAULICO DEL TORRENTE ZUCCONE CHE INTERESSA L'ABITATO E L'AREA INDUSTRIALE/ARTIGIANALE DI SAREZZO A SEGUITO DELL'EVENTO DI COLATA DETRITICA DEL 9 E 10 GIUGNO 202,PROCEDURA NEGOZIATA SENZA PREVIA PUBBLICAZIONE,2026-07-03,2026-08-17,749268.06,AGGIUDICATA,,45222000-9,20261001
Sarezzo,BC41476FB6,LLPP2026 lavori sistemi mon. RIM,LAVORI DI REALIZZAZIONE DI SISTEMI DI MONITORAGGIO ED IMPIANTI DI ALLERTA SUI PRINCIPALI TORRENTI DEL RETICOLO IDRICO MINORE ,AFFIDAMENTO DIRETTO,2026-07-03,2026-07-02,117001.4,AGGIUDICATA,,45314000-1,20260801
Sarezzo,BC44C8635F,01_TRASPORTO,SERVIZIO TRASPORTO SCOLASTICO A.S. 2026/2027,AFFIDAMENTO DIRETTO,2026-07-03,2026-07-02,139500.0,AGGIUDICATA,,60130000-8,20260801
Sarezzo,BC45EF37F5,SAR-49-26 MAN-II AQ IDRAULICO,ACCORDO QUADRO PER L'AFFIDAMENTO DEL SERVIZIO DI MANUTENZIONE DA IDRAULICO PERIODO 2026-2029 CIG: B9DA201F13- AFFIDAMENTO 2° CONTRATTO ATTUATIVO,AFFIDAMENTO DIRETTO,2026-07-03,2026-07-03,9426.23,AGGIUDICATA,,50700000-2,20260901
Sarezzo,BC6012D99D,CONSIP_ORDINE_9143164,ACQUISTO PROGRAMMA SCHOOL.NET,AFFIDAMENTO DIRETTO,2026-07-14,2026-07-13,25894.33,AGGIUDICATA,,48770000-6,20260801
Sarezzo,BC69B5612C,SAR-50-26 MAN FERRAMENTA 7° CONTRATTO ATTUATIVO,ACCORDO QUADRO CON UN UNICO OPERATORE DELLA FORNITURA DI MATERIALE DA FERRAMENTA ANNI 2023-2024-2025-2026 (CIG 95366650EC) - AFFIDAMENTO 7° CONTRATTO ATTUATIVO FORNITURA MATERIALE DA FERRAMENTA ,AFFIDAMENTO DIRETTO,2026-07-15,2026-07-15,6557.37,AGGIUDICATA,,44316000-8,20260901
Sarezzo,BC975D4367,LLPP2026 arredo sala studio,FORNITURA ARREDO NUOVA SALA STUDIO PRESSO L'EX SCUOLA PRIMARIA PINTOSSI,AFFIDAMENTO DIRETTO,2026-08-03,2026-07-31,8500.0,AGGIUDICATA,,39130000-2,20260901
Sarezzo,BCA249F1CC,LLPP26 imp-accessie vds sala studio,FORNITURA E POSA IN OPERA DEL SISTEMA DI CONTROLLO ACCESSI E DI VIDEOSORVEGLIANZA PER LA NUOVA SALA STUDIO PRESSO L'EX SCUOLA PRIMARIA PINTOSSI.,AFFIDAMENTO DIRETTO,2026-08-06,2026-08-05,8488.04,AGGIUDICATA,,35120000-1,20260901
Sarezzo,BD17C63D17,CONSIP_ORDINE_9205443,FORNITURA DI GAS NATURALE ALLE UTENZE COMUNALI PER IL PERIODO DAL 01/12/2026 AL 30/11/2027,AFFIDAMENTO DIRETTO,2026-09-24,2026-09-24,38220.0,AGGIUDICATA,,09123000-7,20261001
Sarezzo,BD2C3D5481,RSAS30092026,NONO CONTRATTO APPLICATIVO,AFFIDAMENTO DIRETTO,2026-09-30,2026-09-30,192906.96,AGGIUDICATA,,85300000-2,20261001
Seveso,BC07A20CFA,tender://sua_mbcmm/id/573,"PROCEDURA APERTA, AI SENSI DELL'ART. 71 DEL D.LGS. 36/2023, PER L'AFFIDAMENTO DEI SERVIZI EDUCATIVI, ASSISTENZIALI E DI SUPPORTO IN AMBITO SCOLASTICO E DOMICILIARE - PERIODO 01/09/2026 – 31/08/2029 DE",PROCEDURA APERTA,2026-06-16,2026-07-17,7110680.71,AGGIUDICATA,,85312000-9,20261001
Seveso,BC44E01C1F,CONSIP_RDO_6421942,FORNITURA LICENZE MICROSOFT 365,AFFIDAMENTO DIRETTO,2026-07-07,2026-07-02,24738.0,AGGIUDICATA,,48920000-3,20260801
Seveso,BC44C6DEBA,CONSIP_RDO_6419577,AFFIDAMENTO ATTIVITÀ DI STARTUP E MIGRAZIONE A MICROSOFT 365,AFFIDAMENTO DIRETTO,2026-07-07,2026-07-02,9591.14,AGGIUDICATA,,72500000-0,20260801
Seveso,BC74BD24E2,lavori scavo ,REALIZZAZIONE INFRASTRUTTURA PER CAVO OTTICO IN P.ZA ROMA ,AFFIDAMENTO DIRETTO,2026-07-21,2026-07-20,14581.74,AGGIUDICATA,,45314310-7,20260801
Seveso,BC79DC6620,SEMAFORO_RIQUALIFICAZIONE ,RIQUALIFICAZIONE TECNOLOGICA SEMAFORO P.ROMA ,AFFIDAMENTO DIRETTO,2026-07-22,2026-07-21,23230.0,AGGIUDICATA,,45316212-4,20260801
Seveso,BC93FAC278,033_2026,FORNITURA E POSA IN OPERA SCHERMATURE ESTERNE PRESSO IL CDD,AFFIDAMENTO DIRETTO,2026-07-31,2026-07-30,7168.0,AGGIUDICATA,,39515000-5,20260801
Seveso,BC9C2A35D2,01_Sponde_Certesa,01_SPONDE_CERTESA,PROCEDURA APERTA,2026-08-04,2026-08-19,255181.44,,,45246200-5,20260901
Seveso,BCA29C2EF4,tender://sua_mbcmm/id/647,"PROCEDURA APERTA PER L'AFFIDAMENTO DELLA PROGETTAZIONE ESECUTIVA, CSP E L'ESECUZIONE DEI LAVORI PER LA REALIZZAZIONE DEL NUOVO EDIFICIO SCOLASTICO DELL'INFANZIA SCUOLA G. RODARI IN VIA E. FERMI A SEVE",PROCEDURA APERTA,2026-08-06,2026-10-08,3573743.37,,,45214200-2,20261001
Seveso,BCAC842B55,035_2026,MANUTENZIONE STRAORDINARIA PAVIMENTAZIONE SCUOLA DON GIUSSANI,AFFIDAMENTO DIRETTO,2026-08-10,2026-08-07,16507.5,AGGIUDICATA,,45262522-6,20260901
Seveso,BCD7E3231C,tender://sua_mbcmm/id/635,"GARA EUROPEA A PROCEDURA APERTA TELEMATICA, L'AFFIDAMENTO DEL SERVIZIO DI GESTIONE INTEGRATA PLURIENNALE DEL VERDE PUBBLICO DI PERTINENZA DEL COMUNE DI SEVESO (MB), PER LA DURATA DI MESI 36 (3 ANNI),O",PROCEDURA APERTA,2026-09-03,2026-10-05,2131630.2,,,77313000-7,20261001
Seveso,BCDADAF362,037bis_2026,INSTALLAZIONE FILTRI DEFANGATORE E SOSTITUZIONE ADDOLCITORI ,AFFIDAMENTO DIRETTO,2026-09-04,2026-09-03,41749.0,AGGIUDICATA,,45240000-1,20261001
Seveso,BCFF191C30,CONSIP_RDO_6550944,NOMINA PERITO DI PARTE PER DANNI ALLUVIONE DEL 17/07/2026,AFFIDAMENTO DIRETTO,2026-09-17,2026-09-16,20491.81,AGGIUDICATA,,79419000-4,20261001
Seveso,BD05902901,RAGIO_03_2026,RICHIESTA PARERE SULLA FATTIBILITÀ DELL'OPERAZIONE BEA-BRIANZACQUE,AFFIDAMENTO DIRETTO,2026-09-21,2026-09-18,12500.0,AGGIUDICATA,,79200000-6,20261001
Seveso,BCFB9D3C36,CONSIP_RDO_6555751,NOMINA COMPUTISTA PER DANNI EVENTO ATMOSFERICO DEL 17/07/2026,AFFIDAMENTO DIRETTO,2026-09-21,2026-09-15,20490.0,AGGIUDICATA,,71318000-0,20261001
Sirmione,B593ADD895,Cultura-2025-Assistenza-Eventi,SERVIZIO DI ASSISTENZA EVENTI ,AFFIDAMENTO DIRETTO A SOCIETA' IN HOUSE,2026-06-19,2025-02-10,80000.0,AGGIUDICATA,,79952000-2,20260801
Sirmione,B70CABB016,Cultura-2025-Organizzazione-Festa-Sport-2025,ORGANIZZAZIONE E GESTIONE FESTA DELLO SPORT 2025,AFFIDAMENTO DIRETTO,2026-06-19,2025-05-28,13340.0,AGGIUDICATA,,92622000-7,20261001
Sirmione,B94ED06564,Cultura-2025-Sirmione-Servizi,ASSISTENZA EVENTI SIRMIONE SERVIZI,AFFIDAMENTO DIRETTO A SOCIETA' IN HOUSE,2026-06-19,2025-11-28,57377.05,AGGIUDICATA,,79952000-2,20261001
Sirmione,BC4010B985,MO_2024_20 AQ LATTONIERE ATT.6,AQ LATTONIERE ATTUATIVO N.6,AFFIDAMENTO DIRETTO,2026-07-01,2026-07-01,6557.4,AGGIUDICATA,,45261420-4,20260801
Sirmione,BC403D2443,MO_2025_002 AQ EDO TINTEGGIATURE,AQ PITTORE ATTUATIVO N.4,AFFIDAMENTO DIRETTO,2026-07-01,2026-07-01,18880.0,AGGIUDICATA,,45442100-8,20260801
Sirmione,BC2EC1C120,FS_2026_35_PANCHINE CAMPO DA CALCIO,FORNITURA PANCHINE CAMPO DA CALCIO,AFFIDAMENTO DIRETTO,2026-07-02,2026-06-25,7850.0,AGGIUDICATA,,39300000-5,20260801
Sirmione,BC6A31A9B6,MO_2025_20 AQ IMPRENDITORE EDILE BIS ATT.4,AQ IMPRENDITORE EDILE BIS BUSSI ATT.4,AFFIDAMENTO DIRETTO,2026-07-15,2026-07-15,4823.5,AGGIUDICATA,,50800000-3,20260801
Sirmione,BC64FB68C9,MO_2026_13 AQ LATTONIERE,AQ LATTONIERE IMMOBILI COMUNALI,AFFIDAMENTO DIRETTO,2026-07-15,2026-07-14,120000.0,AGGIUDICATA,,45261420-4,20260801
Sirmione,BC61F05A57,2026_SIRMIONE_RISTORAZIONE,"PROCEDURA APERTA PER L'AFFIDAMENTO DEL SERVIZIO DI REFEZIONE SCOLASTICA ANNI SCOLASTICI 2026/2027 - 2027/2028-2028/2029 PERIODO 14/09/2026 – 08/06/2029, A FAVORE DEL COMUNE DI SIRMIONE (BS)",PROCEDURA APERTA,2026-07-15,2026-08-13,1075284.12,,,55524000-9,20260801
Sirmione,BC6DF169E2,FS_2026_36 GIOCHI LIONS,INSTALLAZIONE GIOCHI E PAVIMENTAZIONE PARCO GIOCHI VIA TODESCHINO,AFFIDAMENTO DIRETTO,2026-07-17,2026-07-16,8470.0,AGGIUDICATA,,77200000-2,20260801
Sirmione,BC7F4B103D,CONSIP_RDO_6476141,SERVIZIO SUPPORTO CONTABILE TRIENNIO 2027-2029,AFFIDAMENTO DIRETTO,2026-07-24,2026-07-23,44050.0,AGGIUDICATA,,79211000-6,20260801
Sirmione,BC88E2E9D6,ASSISTENZA SCUOLABUS 2026 2028,AFFIDAMENTO SERVIZIO ASSISTENZA SCUOLABUS,PROCEDURA NEGOZIATA SENZA PREVIA PUBBLICAZIONE,2026-07-27,2026-08-30,84672.0,,,80410000-1,20260801
Sirmione,BC88A1F070,ASSISTENZA MENSA 2026 2028,AFFIDAMENTO SERVIZIO ASSISTENZA MENSA,PROCEDURA NEGOZIATA SENZA PREVIA PUBBLICAZIONE,2026-07-27,2026-08-30,43740.0,,,80410000-1,20260801
Sirmione,BC88F99566,LUDOTECA 2026 2028,AFFIDAMENTO SERVIZIO LUDOTECA,PROCEDURA NEGOZIATA SENZA PREVIA PUBBLICAZIONE,2026-07-27,2026-08-30,30452.0,,,80410000-1,20260801
Sirmione,BC890FFCD2,PEDIBUS 2026 2028,AFFIDAMENTO SERVIZIO PEDIBUS,PROCEDURA NEGOZIATA SENZA PREVIA PUBBLICAZIONE,2026-07-27,2026-08-30,31416.0,,,80410000-1,20260801
Sirmione,BC890706D2,PRESCUOLA 2026 2028,AFFIDAMENTO SERVIZIO DI PRESCUOLA,PROCEDURA NEGOZIATA SENZA PREVIA PUBBLICAZIONE,2026-07-27,2026-08-30,22176.0,,,80410000-1,20260801
Sirmione,BC9D50A576,MO_2025_18 AQ IDRAULICO ATT.6,AQ IDRAULICO FILIPPINI-ATTUATIVO N.6,AFFIDAMENTO DIRETTO,2026-08-03,2026-08-03,2950.0,AGGIUDICATA,,50700000-2,20260901
Sirmione,BC9AB0BD72,2026_SIRMIONE_STRADE,PROCEDURA APERTA PER L'AFFIDAMENTO DEI LAVORI DI MANUTENZIONE ED AMPLIAMENTO DI PAVIMENTAZIONI CARRABILI-PEDONALI DISSEMINATE IN VARIE LOCALIZZAZIONI DEL TERRITORIO DEL COMUNE DI SIRMIONE (BS),PROCEDURA APERTA,2026-08-04,2026-09-03,476793.89,,,45233223-8,20260901
Sirmione,BCA92A8F93,CONSIP_ORDINE_9166792,AFFIDAMENTO DIRETTO,AFFIDAMENTO DIRETTO,2026-08-06,2026-08-06,570.0,AGGIUDICATA,,65300000-6,20260901
Sirmione,BCABB3DCDA,MO_2026_12 AQ PISCINA ATT.3,AQ MANUTENZIONE PISCINA ACQUA E PISCINE ATT.3,AFFIDAMENTO DIRETTO,2026-08-07,2026-08-07,20000.0,AGGIUDICATA,,50712000-9,20260901
Sirmione,BCAE037075,CONSIP_ORDINE_9168433,CONVENZIONE ACCORDO QUADRO,AFFIDAMENTO DIRETTO,2026-08-10,2026-08-10,17000.0,AGGIUDICATA,,65300000-6,20260901
Sirmione,BCAFB8264E,2026_SIRMIONE_TRASPORTO_SCOLASTICO,"PROCEDURA APERTA PER L'AFFIDAMENTO DEL SERVIZIO DI TRASPORTO SCOLASTICO PER GLI ANNI SCOLASTICI 2026/2027 –2027/2028 -2028/2029 PERIODO OTTOBRE 2026 – LUGLIO 2029, A FAVORE DEL COMUNE DI SIRMIONE (BS)",PROCEDURA APERTA,2026-08-12,2026-09-11,823060.0,,,60130000-8,20260901
Sirmione,BCB3130291,2026_SIRMIONE_FRANA,LAVORI DI MESSA IN SICUREZZA DEI VERSANTI ROCCIOSI E MITIGAZIONE DEL RISCHIO IDROGEOLOGICO DI UN TRATTO DI VIA PIANA FRA I CIVICI 18 E 32 DEL COMUNE DI SIRMIONE (BS),PROCEDURA APERTA,2026-08-13,2026-09-22,204045.24,,,45262640-9,20260901
Sirmione,BCB58236E4,2026_20_DHARMA TAR BS ,INCARICO A LEGALE PARTE RICORRENTE DHARMA SRL RG 580_2026,AFFIDAMENTO DIRETTO,2026-08-14,2026-08-13,6913.31,AGGIUDICATA,,79100000-5,20260901
Sirmione,BCB5B4B1AE,19_ 20260813CSTENNISTEAM,INCARICO ALEGALE 2026_19_CS TENNISTEAM,AFFIDAMENTO DIRETTO,2026-08-14,2026-08-13,8263.0,AGGIUDICATA,,79100000-5,20260901
Sirmione,BCBD7FB6E4,MO_2026_12 AQ PISCINA ATT.4,AQ MANUTENZIONE PISCINA COMUNALE ATT.4,AFFIDAMENTO DIRETTO,2026-08-19,2026-08-19,2600.0,AGGIUDICATA,,42995000-7,20260901
Sirmione,BCBD87D22D,OP_010_2021 SIRMIONE SERVIZI,ILLUMINAZIONE PUBBLICA AREA VERDE PARCO CALLAS,AFFIDAMENTO DIRETTO A SOCIETA' IN HOUSE,2026-08-20,2026-08-19,27105.43,AGGIUDICATA,,50232100-1,20260901
Sirmione,BC81F89B4E,MO_2026_14 VERDE PONTE,SERVIZIO DI MANUTENZIONE VERDE PONTE,AFFIDAMENTO DIRETTO,2026-08-20,2026-07-23,91792.25,AGGIUDICATA,,77310000-6,20261001
Sirmione,BCC9229AD0,MO_2025_18 AQ IDRAULICO ATT.7,AQ IDRAULICO ATTUATIVO N.7,AFFIDAMENTO DIRETTO,2026-08-26,2026-08-26,10500.0,AGGIUDICATA,,50700000-2,20260901
Sirmione,BCC8B6ECF2,MO_2025_20 AQ BUSSI ATT.5,AQ IMPRENDITORE EDILE BIS ATT.5,AFFIDAMENTO DIRETTO,2026-08-26,2026-08-26,45081.97,AGGIUDICATA,,50800000-3,20260901
Sirmione,BCC821AA4F,MO_2026_14 AQ PONTE VERDE ATTUATIVO 1,AQ PONTE MANUTENZIONE VERDE ATT.1,AFFIDAMENTO DIRETTO,2026-08-26,2026-08-26,52295.08,AGGIUDICATA,,77310000-6,20260901
Sirmione,BCC91FA409,FS_2026_43 LINEACITTA_,FORNITURA BAGNO AUTOMATIZZATO LINEACITTA,AFFIDAMENTO DIRETTO,2026-08-27,2026-08-26,42700.0,AGGIUDICATA,,45215500-2,20260901
Sirmione,BCCE17BFD9,MO_2025_18 AQ IDRAULICO ATT.8_,AQ IDRAULICO ATTUATIVO N.8,AFFIDAMENTO DIRETTO,2026-08-28,2026-08-28,10950.0,AGGIUDICATA,,50700000-2,20260901
Sirmione,BCCA78C0F0,AFFIDAMENTO IN HOUSE ILLUMINAZIONE PUBBLICA,FORNITURA E POSA KIT DANNEGGIATI EVENTO ATMOSFERICO PARK MONTEBALDO,AFFIDAMENTO DIRETTO A SOCIETA' IN HOUSE,2026-08-28,2026-08-27,20042.2,AGGIUDICATA,,31518100-1,20260901
Sirmione,BCCA302206,AFFIDAMENTO IN HOUSE GESTIONE PALESTRA 2026_2028,AFFIDAMENTO IN HOUSE GESTIONE PALESTRA 2026_2028,AFFIDAMENTO DIRETTO A SOCIETA' IN HOUSE,2026-08-28,2026-08-27,143886.74,AGGIUDICATA,,92610000-0,20260901
Sirmione,BCCA541C84,2026_SIRMIONE_PALAZZO_CONGRESSI,PROCEDURA APERTA PER L'AFFIDAMENTO DEI LAVORI DI RIFACIMENTO COPERTURA E INSTALLAZIONE LINEA VITA - PALAZZO DEI CONGRESSI PIAZZALE EUROPA SIRMIONE (BS),PROCEDURA APERTA,2026-08-28,2026-09-28,317405.28,,,45261420-4,20260901
Sirmione,BCCACEBF9B,MS_2025_004 GARDA UNO INVERTER,AFFIDAMENTO DIRETTO PER SPOSTAMENTO INVERTER FOTOVOLTAICO MUNICIPIO,AFFIDAMENTO DIRETTO A SOCIETA' IN HOUSE,2026-08-28,2026-08-27,7370.0,AGGIUDICATA,,31155000-7,20260901
Sirmione,BCCDDE5A4C,MS_2026_002 ROGGIA GAMBEDELLO,CONSOLIDAMENTO STRUTTURALE PONTE STRADALE DI ATTRAVERSAMENTO ROGGIA GAMBEDELLO ,AFFIDAMENTO DIRETTO,2026-08-31,2026-08-28,16030.0,AGGIUDICATA,,71240000-2,20260901
Sirmione,BCD1F43BA1,CONSIP_RDO_6538802,CORSI DI ALTA FORMAZIONE IN PUBLIC SPEAKING E COMUNICAZIONE ISTITUZIONALE PER L'AMMINISTRAZIONE LOCALE E CORSO PUBLIC SPEAKING PER I QUADRI DEL COMUNE,AFFIDAMENTO DIRETTO,2026-09-01,2026-08-31,5500.0,AGGIUDICATA,,79952000-2,20261001
Sirmione,BC4C98274D,PEDIBUS20262029,AFFIDAMENTO DEL SERVIZIO PEDIBUS,PROCEDURA NEGOZIATA SENZA PREVIA PUBBLICAZIONE,2026-09-04,,45360.0,,,80410000-1,20261001
Sirmione,BB0108785B,SERVMOBILITA'OVER602026,AFFIDAMENTO DEL SERVIZIO DI MOBILITA' SOCIALE PER OVER 60,AFFIDAMENTO DIRETTO,2026-09-04,2026-03-25,55340.0,AGGIUDICATA,,85320000-8,20261001
Sirmione,BCAF7E06D8,trasportodisabilicentri,TRASPORTO DISABILI VERSO I CENTRI DIURNI,AFFIDAMENTO DIRETTO,2026-09-04,2026-08-10,18000.0,AGGIUDICATA,,85311200-4,20261001
Sirmione,BC4D3F8941,ASSISTENZASCUOLABUS,AFFIDAMENTO DEL SERVIZIO DI ASSISTENZA SCUOLABUS,PROCEDURA NEGOZIATA SENZA PREVIA PUBBLICAZIONE,2026-09-04,,84672.0,,,80410000-1,20261001
Sirmione,BCB4AA0071,TEATRO 2026 2027 2028,AFFIDAMENTO PROGETTO TEATRO,PROCEDURA APERTA,2026-09-04,2026-09-14,61474.0,ANNULLATA/REVOCATA DOPO L'APERTURA DELLE BUSTE AMMINISTRATIVE,,80410000-1,20261001
Sirmione,BC4D78BC55,LUDOTECA20262028,AFFIDAMENTO DEL SERVIZIO DI LUDOTECA,PROCEDURA NEGOZIATA SENZA PREVIA PUBBLICAZIONE,2026-09-04,,34845.0,,,80410000-1,20261001
Sirmione,BC4540B7ED,ASSMENSA20262028,AFFIDAMENTO DEL SERVIZIO DI ASSISTENZA MENSA,PROCEDURA NEGOZIATA SENZA PREVIA PUBBLICAZIONE,2026-09-04,,43740.0,,,80410000-1,20261001
Sirmione,BC4D143D5E,PRESCUOLA20262028,AFFIDAMENTO DEL SERVIZIO PRESCUOLA,PROCEDURA NEGOZIATA SENZA PREVIA PUBBLICAZIONE,2026-09-04,,31752.0,,,80410000-1,20261001
Sirmione,BCE33A3E06,CONSIP_ORDINE_9185907,CONVENZIONE,AFFIDAMENTO DIRETTO,2026-09-07,2026-09-07,1100.0,AGGIUDICATA,,65310000-9,20261001
Sirmione,BCE3397422,MO_2025_16 AQ SPURGO ATT.4,AQ SPURGO ATTUATIVO N.4,AFFIDAMENTO DIRETTO,2026-09-07,2026-09-07,30000.0,AGGIUDICATA,,90470000-2,20261001
Sirmione,BCE52AFCEC,MO_2026_03 AQ PAVIMENTAZIONI ARTISTICHE ATT.2,AQ PAVIMENTAZIONI ARTISTICHE ATT.2,AFFIDAMENTO DIRETTO,2026-09-08,2026-09-08,11475.41,AGGIUDICATA,,50230000-6,20261001
Sirmione,BCEBF68573,MO_2025_02 AQ PITTORE ATT.5,AQ PITTORE ATTUATIVO 5,AFFIDAMENTO DIRETTO,2026-09-09,2026-09-09,13114.75,AGGIUDICATA,,45442100-8,20261001
Sirmione,BCC8B752BC,Cultura-2026-Manifestazioni-Collaterali-PSF-Residency,ORGANIZZAZIONE E GESTIONE MANIFESTAZIONI COLLATERALI AL PSF ED ALLA SIRMIONE PHOTO RESIDENCY,AFFIDAMENTO DIRETTO,2026-09-10,2026-08-26,10000.0,AGGIUDICATA,,79952000-2,20261001
Sirmione,BCF1D1B825,CONSIP_ORDINE_9191277,ACQUISTO BENZINA,AFFIDAMENTO DIRETTO,2026-09-11,2026-09-11,6000.0,AGGIUDICATA,,30163100-0,20261001
Sirmione,BCF1A1BE5D,CONSIP_ORDINE_9191186,ACQUISTO GPL,AFFIDAMENTO DIRETTO,2026-09-11,2026-09-11,700.0,AGGIUDICATA,,30163100-0,20261001
Sirmione,BCF650B583,MO_2025_01 EDIL 3 ATT.3,AQ IMPRENDITORE EDILE ATT.3,AFFIDAMENTO DIRETTO,2026-09-14,2026-09-14,26270.0,AGGIUDICATA,,45200000-9,20261001
Sirmione,BCF63AD4AF,IP_2026_15 DI .MO.RE ,INCARICO PROF VERIFICA SISMICA PALESTRA SCUOLA TREBESCHI,AFFIDAMENTO DIRETTO,2026-09-15,2026-09-14,9000.0,AGGIUDICATA,,71312000-8,20261001
Sirmione,BD01AB5F77,OP_2026_01 GAGGERO VIA LAURI,INCARICHI VARI PER VIA LAURI,AFFIDAMENTO DIRETTO,2026-09-18,2026-09-17,30560.0,AGGIUDICATA,,71330000-0,20261001
Sirmione,BD07D660D2,IP_2026_NAF,INCARICO REDAZIONE DISCIPLINA NAF,AFFIDAMENTO DIRETTO,2026-09-21,2026-09-18,49271.19,AGGIUDICATA,,71410000-5,20261001
Sirmione,BD0E523C56,IP_2026_11 AQ HSS ATT.2,AQ HSS CONSULTING SUPPORTO AL RUP ATTUATIVO N.2,AFFIDAMENTO DIRETTO,2026-09-22,2026-09-22,19500.0,AGGIUDICATA,,79111000-5,20261001
Sirmione,BD27BD7B94,MS_2026_07 MANUT.STRAORDINARIA CIMITERO,MANUTENZIONE STRAORDINARIA CIMITERO,AFFIDAMENTO DIRETTO,2026-09-30,2026-09-29,19680.0,AGGIUDICATA,,98371110-8,20261001
Sirmione,BD0F995B92,FS_2026_53 GIELLE FORNITURE,FORNITURA ATTREZZATURE CENTRO COTTURA,AFFIDAMENTO DIRETTO,2026-09-30,2026-09-22,139970.36,AGGIUDICATA,,39220000-0,20261001
Sondrio,BC2F7C93B9,SO-UT-0245-2026,MANUTENZIONE STRAORDINARIA ASFALTI - 2026,PROCEDURA NEGOZIATA SENZA PREVIA PUBBLICAZIONE,2026-06-25,2026-07-09,185000.0,AGGIUDICATA,,45223300-9,20260901
Sondrio,BC3F18CFD7,UDP-6-2026,"AFFIDAMENTO DIRETTO, AI SENSI DELL'ART. 50, CO. 1, LETT. B), D.LGS. 36/2023 E S.M.I., APPALTO SERVIZI EDUCATIVI A FAVORE DI MINORI E FAMIGLIE VULNERABILI (SEMF) PERIODO 01/07/2026 – 31/10/2026 ",AFFIDAMENTO DIRETTO,2026-07-02,2026-07-01,29868.0,AGGIUDICATA,,85311300-5,20260801
Sondrio,BC4EBC1A0E,CONSIP_ORDINE_9137541,FORNITURA DI ENERGIA ELETTRICA SISTEMA DI VIDEOSORVEGLIANZA CITTADINO A PROTEZIONE FRAZIONI,AFFIDAMENTO DIRETTO,2026-07-07,2026-07-07,4800.0,AGGIUDICATA,,09310000-5,20260801
Sondrio,BC4E2FDE3E,CONSIP_ORDINE_9137148,ATTIVAZIONE FORNITURE PIAZZOLE DI SOSTA AUTOBUS IN LOCALITÀ MOSSINI (MAIONI),AFFIDAMENTO DIRETTO,2026-07-07,2026-07-07,700.0,AGGIUDICATA,,09310000-5,20260801
Sondrio,BC530D6C2D,SO-UT-0262-2026,REALIZZAZIONE IMPIANTO DI ILLUMINAZIONE PUBBLICA PRESSO L'AREA PINQUA,AFFIDAMENTO DIRETTO,2026-07-09,2026-07-08,35474.46,AGGIUDICATA,,50232110-4,20260801
Sondrio,BC53614FA0,SO-UT-0261-2026,REALIZZAZIONE SCAVI E BASAMENTI PER SPOSTAMENTO CONTATORI E AVANQUADRI ESISTENTI IN PIAZZALE BERTACCHI PER IL MERCATO CITTADINO,AFFIDAMENTO DIRETTO,2026-07-09,2026-07-08,8874.0,AGGIUDICATA,,45112000-5,20260801
Sondrio,BC5DD96AFA,SO-BIBLIO-0019-2026,FORNITURA DI LIBRI PER BIBLIOTECA CIVICA,AFFIDAMENTO DIRETTO,2026-07-13,2026-07-10,9000.0,AGGIUDICATA,,22113000-5,20260801
Sondrio,BC617C7062,CONSIP_RDO_6425602,AFFIDAMENTO DEL SERVIZIO DI SUPPORTO PER LA PARTECIPAZIONE E GESTIONE DEL BANDO DISTRETTI COMMERCIO 2026,AFFIDAMENTO DIRETTO,2026-07-15,2026-07-13,21000.0,AGGIUDICATA,,75112100-5,20260801
Sondrio,BC65F97356,SO-SE-0127-2026,SERVIZIO DI ORGANIZZAZIONE E REALIZZAZIONE DI N. 2 INTRATTENIMENTI MUSICALI NELL'AMBITO DELL'EVENTO COMUNALE SONDRIO ESTATE 2026 IN DATA 9 E 30 LUGLIO 2026 IN PIAZZA GARIBALDI,AFFIDAMENTO DIRETTO,2026-07-15,2026-07-14,12000.0,AGGIUDICATA,,92300000-4,20260801
Sondrio,BC6147FB2E,CONSIP_ORDINE_9142752,MANUTENZIONE LICENZE NOWS E ZPM,AFFIDAMENTO DIRETTO,2026-07-15,2026-07-13,18123.0,AGGIUDICATA,,72267100-0,20260801
Sondrio,BC679E7A0D,UDP - 8 _2026,APPALTO SERVIZIO DI GESTIONE DELLE ATTIVITÀ EDUCATIVO-FORMATIVE PER CORSI DI ITALIANO L2 DESTINATI A STUDENTI - BANDO SPRINT LOMBARDIA INSIEME,AFFIDAMENTO DIRETTO,2026-07-16,2026-07-15,10500.0,AGGIUDICATA,,80580000-3,20260801
Sondrio,BC6796D561,SO-UT-0268-2026,LAVORI DI MANUTENZIONE STRAORDINARIA SERVIZI IGIENICI ISTITUTO COMPRENSIVO PAESI RETICI – OPERE EDILI,AFFIDAMENTO DIRETTO,2026-07-16,2026-07-15,10500.0,AGGIUDICATA,,45262522-6,20260801
Sondrio,BC67A35A6B,SO-UT-0269-2026, STUDIO PRELIMINARE SUL SISTEMA COMMERCIALE LOCALE FINALIZZATO ALLA VERIFICA E PROGETTAZIONE DI STRUMENTO COMUNALE DI PROGRAMMAZIONE COMMERCIALE,AFFIDAMENTO DIRETTO,2026-07-16,2026-07-15,14500.0,AGGIUDICATA,,71240000-2,20260801
Sondrio,BC6FA68585,SO-UT-0272-2026,FORNITURA E POSA DEL NUOVO IMPIANTO ELETTRICO DI ILLUMINAZIONE TEMPORANEA PER MANIFESTAZIONI LUNGO LA VIA DANTE,AFFIDAMENTO DIRETTO,2026-07-20,2026-07-17,10248.0,AGGIUDICATA,,45316100-6,20260801
Sondrio,BC7B99AD07,SO-UT-0278-2026,MANUTENZIONE STRAORDINARIA DI RIFACIMENTO BAGNO A SERVIZIO DEL PERSONALE DEI SERVIZI CIMITERIALI (NECROFORI) PRESSO IL CIMITERO URBANO DI SONDRIO,AFFIDAMENTO DIRETTO,2026-07-23,2026-07-22,10779.0,AGGIUDICATA,,45211310-5,20260801
Sondrio,BC835ACFDB,SO-SE-0129-2026,SERVIZIO PROFESSIONALE DI PROMOZIONE TERRITORIALE NELL'AMBITO DEL PROGRAMMA DI COOPERAZIONE INTERREG VI-A ITALIA SVIZZERA 2021-2027 PROGETTO VALLEYS4ACTIONS,AFFIDAMENTO DIRETTO,2026-07-27,2026-07-24,90380.0,AGGIUDICATA,,79340000-9,20260801
Sondrio,BC88DC1FE1,SER-SOC-3-2026,AFFIDAMENTO DEL SERVIZIO DI CONSULENZA SPECIALISTICA PER LA DEFINIZIONE DEL CAPITOLATO DI AFFIDAMENTO DEI SERVIZI DI GESTIONE INTEGRATA DEL PATRIMONIO SAP E SAS DEL COMUNE DI SONDRIO,AFFIDAMENTO DIRETTO,2026-07-28,2026-07-27,15000.0,AGGIUDICATA,,79420000-4,20260901
Sondrio,BC88BE13C9,UDP-7-2026,"AFFIDAMENTO DIRETTO, AI SENSI DELL'ART. 50, CO. 1, LETT. B), D.LGS. 36/2023, DI SERVIZI INFORMATICI RELATIVI ALL'UTILIZZO DEL SOFTWARE ENTERPRISE LEGAL. ",AFFIDAMENTO DIRETTO,2026-07-28,2026-07-27,8320.0,AGGIUDICATA,,72500000-0,20260801
Sondrio,BC8854A3A1,SO-UT-0284-2026,LAVORI DI MANUTENZIONE STRAORDINARIA SERVIZI IGIENICI ISTITUTO COMPRENSIVO PAESI RETICI – OPERE DA IDRAULICO,AFFIDAMENTO DIRETTO,2026-07-28,2026-07-27,6500.0,AGGIUDICATA,,45332000-3,20260801
Sondrio,BCA1861788,CONSIP_ORDINE_9162018,FORNITURA ENERGIA ELETTRICA 1 POD ILLUMINAZIONE PUBBLICA AREA PINQUA,AFFIDAMENTO DIRETTO,2026-08-04,2026-08-04,300.0,AGGIUDICATA,,65310000-9,20260901
Sondrio,BCA35FD6BF,SO-UT-0301-2026,"LAVORI DI RIPRISTINO DEL PAVIMENTO ESISTENTE, RISANAMENTO E CONSOLIDAMENTO DELLE STRUTTURE PORTANTI AMMALORATE POSTE SOTTO LA GRADINATA DEL MONUMENTO AI CADUTI ",AFFIDAMENTO DIRETTO,2026-08-06,2026-08-05,15000.0,AGGIUDICATA,,45262330-3,20260901
Sondrio,BCA8DFF717,SO-UT-0304-2026,L'AFFIDAMENTO DIRETTO DEI LAVORI DI SOSTITUZIONE DEI CORPI ILLUMINANTI DELLA SCUOLA SECONDARIA DI 1° GRADO TORELLI,AFFIDAMENTO DIRETTO,2026-08-07,2026-08-06,9180.0,AGGIUDICATA,,45315000-8,20260901
Sondrio,BCAE2943B7,SO-UT-0315-2026,OPERE DI COMPLETAMENTO E ARREDO DELLA NUOVA PALESTRA PRESSO IL CENTRO SPORTIVO DI PIAZZALE - FORNITURA CON POSA DELLE ATTREZZATURE SPORTIVE PER LA GINNASTICA RITMICA,AFFIDAMENTO DIRETTO,2026-08-11,2026-08-10,24574.0,AGGIUDICATA,,37420000-8,20260901
Sondrio,BCB2324B0B,SO-UT-0310-2026,LAVORI DI SISTEMAZIONE CON RIMOZIONE DI TUBAZIONI E COMPONENTI PRESENTI NELLA CENTRALE TERMICA DELLA PISCINA COMUNALE E FORNITURA E POSA IN OPERA NUOVO ADDOLCITORE,AFFIDAMENTO DIRETTO,2026-08-12,2026-08-11,15420.0,AGGIUDICATA,,45332000-3,20260901
Sondrio,BCB336FD0F,SO-SE-0136-2026,"SERVIZIO DI PULIZIA DEGLI IMPIANTI SPORTIVI DI PROPRIETÀ O IN GESTIONE AL COMUNE DI SONDRIO E DEL SERVIZIO DI APERTURA/CHIUSURA CANCELLI E INGRESSI DI IMMOBILI, PERIODO DAL 01.09.2026 AL 31.08.2027 ",AFFIDAMENTO DIRETTO,2026-08-13,2026-08-12,97469.04,AGGIUDICATA,,90911200-8,20260901
Sondrio,BCB679777C,SO-UT-0324bis-2026,OPERE DI COMPLETAMENTO E DI ARREDO DELLA NUOVA PALESTRA PRESSO IL CENTRO SPORTIVO DI PIAZZA MERIZZI - FORNITURA CON POSA IN OPERA DI SEI TENDE A RULLO OSCURANTI CON COMANDO A MOTORE,AFFIDAMENTO DIRETTO,2026-08-14,2026-08-13,12342.0,AGGIUDICATA,,39515400-9,20260901
Sondrio,BCB693B216,SO-UT-0325-2026,"LAVORI DI SOSTITUZIONE DI TUBAZIONI PRESSO LA PISCINA COMUNALE, CONSEGUENTI AL SINISTRO OCCORSO IN DATA 8 APRILE 2026",AFFIDAMENTO DIRETTO,2026-08-14,2026-08-13,7450.0,AGGIUDICATA,,45332000-3,20260901
Sondrio,BCB9198126,4-istruzione-2026,ACQUISTO ABBONAMENTI TRASPORTO PUBBLICO STUDENTI,AFFIDAMENTO DIRETTO,2026-08-18,2026-08-17,7200.0,AGGIUDICATA,,60112000-6,20260901
Sondrio,BCC3103F6F,CONSIP_ORDINE_9173207,FORNITURA ENERGIA ELETTRICA ILLUMINAZIONE PUBBLICA PARCHEGGIO PIAZZALE PALESTRA MUNARI,AFFIDAMENTO DIRETTO,2026-08-24,2026-08-24,330.0,AGGIUDICATA,,65310000-9,20260901
Sondrio,BCC5DB1E5F,CONSIP_ORDINE_9174950,FORNITURA ENERGIA ELETTRICA RINNOVO PER PALESTRA MUNARI,AFFIDAMENTO DIRETTO,2026-08-25,2026-08-25,7000.0,AGGIUDICATA,,65310000-9,20260901
Sondrio,BCC21D589D,SO-UT-0331-2026,LAVORI DI SOSTITUZIONE DEI CORPI ILLUMINANTI A SOFFITTO DELLA PLATEA E DELLA GALLERIA PRESSO IL TEATRO SOCIALE,AFFIDAMENTO DIRETTO,2026-08-25,2026-08-24,39024.0,AGGIUDICATA,,45315600-4,20260901
Sondrio,BC152A0651,SO-UT-0234-2026,REALIZZAZIONE NUOVA CONDOTTA FOGNARIA A SERVIZIO DELLA VIA VENUSTI E DELLA NUOVA PALESTRA COMUNALE,AFFIDAMENTO DIRETTO,2026-08-26,2026-06-18,80313.67,AGGIUDICATA,,45231300-8,20260901
Sondrio,BCA8E7CE3C,SO-UT-0312-2026,L'AFFIDAMENTO DIRETTO DI REALIZZAZIONE DI IMPIANTI ELETTRICI TEMPORANEI PER INFRASTRUTTURARE LE PIAZZE CITTADINE IN OCCASIONI DI MANIFESTAZIONI E EVENTI.,AFFIDAMENTO DIRETTO,2026-08-26,2026-08-06,9111.4,AGGIUDICATA,,45315600-4,20260901
Sondrio,BCC4161126,SO-UT-0303-2026,PNRR (M5 C2 I2.1) COLLEGAMENTO CICLOPEDONALE FRAZIONE DI PONCHIERA – INCARICO PROFESSIONALE ROGITO ATTO ACQUISIZIONE TERRENI,AFFIDAMENTO DIRETTO,2026-08-26,2026-08-25,12840.69,AGGIUDICATA,,79100000-5,20260901
Sondrio,BCA8EB0927,SO-UT-0313-2026,AFFIDAMENTO DIRETTO DEI LAVORI DI REALIZZAZIONE DELL'IMPIANTO DI ANTINTRUSIONE NELLE SCUOLE PRIMARIE E SECONDARIE DI 1° GRADO COMUNALI,AFFIDAMENTO DIRETTO,2026-08-26,2026-08-06,34425.0,AGGIUDICATA,,45312000-7,20260901
Sondrio,BCC99F7B9D,SO-UT-0336-2026,"LAVORI DI SOSTITUZIONE QUADRO ELETTRICO PRESSO LA PISCINA COMUNALE, CONSEGUENTI AL SINISTRO OCCORSO IN DATA 8 APRILE 2026",AFFIDAMENTO DIRETTO,2026-08-28,2026-08-27,7800.0,AGGIUDICATA,,45315000-8,20260901
Sondrio,BCCDCF86B9,UDP-9-2026,APPALTO SERVIZIO DI GESTIONE DELLE ATTIVITÀ EDUCATIVE PER L'AVVIO UN PROGETTO EXTRASCUOLA NEL COMUNE DI BERBENNO - BANDO SPRINT LOMBARDIA INSIEME,AFFIDAMENTO DIRETTO,2026-08-31,2026-08-28,12500.0,AGGIUDICATA,,85311300-5,20260901
Sondrio,BCE0B1026A,CONSIP_ORDINE_9184570,MANUTENZIONE CIVILIA NEXT ANNO 2026.,AFFIDAMENTO DIRETTO,2026-09-08,2026-09-07,39999.0,AGGIUDICATA,,72212982-6,20261001
Sondrio,BCE7D0196D,SO-UT-0345-2026,"SERVIZIO TECNICO DI PROGETTAZIONE ESECUTIVA, CSP, CSE, DIREZIONE E CONTABILITA' DEI LAVORI, CERTIFICATO DI REGOLARE ESECUZIONE DEGLI INTERVENTI DI MANUTENZIONE STRAORDINARIA SUL RETICOLO IDRICO MINORE",AFFIDAMENTO DIRETTO,2026-09-09,2026-09-08,15600.0,AGGIUDICATA,,71300000-1,20261001
Sondrio,BCE412105F,CONSIP_ORDINE_9186053,"ATTIVITÀ DI STAMPA, IMBUSTAMENTO E POSTALIZZAZIONE SALDO TARI 2026",AFFIDAMENTO DIRETTO,2026-09-09,2026-09-07,16800.0,AGGIUDICATA,,79824000-6,20261001
Sondrio,BCEF23D81D,UDP_11_2026,"AFFIDAMENTO DIRETTO, AI SENSI DELL'ART. 50, CO. 1, LETT. B), D.LGS. 36/2023 E S.M.I., SERVIZIO DI ASSISTENZA PER L'AUTONOMIA E LA COMUNICAZIONE A FAVORE DI MINORE IN AFFIDO - A.S. 2026/2027 ",AFFIDAMENTO DIRETTO,2026-09-11,2026-09-10,14858.0,AGGIUDICATA,,85311200-4,20261001
Sondrio,BCF1382C8F,SO-UT-0348-2026,CAPPELLETTA DELLA MADONNA DI LOURDES IN VIA DON BOSCO - INTERVENTI DI RESTAURO E MANUTENZIONE STRAORDINARIA PER LA SISTEMAZIONE DELLA COPERTURA E DELLE STRUTTURE IN CEMENTO DECORATIVO,AFFIDAMENTO DIRETTO,2026-09-14,2026-09-11,35526.54,AGGIUDICATA,,45454100-5,20261001
Sondrio,BCF6F32646,SO-SE-0146-2026,SERVIZIO DI RAPPRESENTAZIONE TEATRALE DELL'OPERA LA TRAVIATA DEL GIORNO 2 OTTOBRE 2026 PRESSO IL TEATRO SOCIALE DI SONDRIO,AFFIDAMENTO DIRETTO,2026-09-15,2026-09-14,16000.0,AGGIUDICATA,,92312240-5,20261001
Sondrio,BCFDDF3BE7,UDP_10_2026,"AFFIDAMENTO DIRETTO, AI SENSI DELL'ART. 50, CO. 1, LETT. B), D.LGS. 36/2023 E S.M.I., SERVIZIO DI ASSISTENZA PER L'AUTONOMIA E LA COMUNICAZIONE A FAVORE DI MINORE IN AFFIDO ( RIF. PROC. TO N. 1088/202",AFFIDAMENTO DIRETTO,2026-09-17,2026-09-16,5447.25,AGGIUDICATA,,85311200-4,20261001
Sondrio,BCFE82DC58,CONSIP_ORDINE_9196021,LICENZE MODULI CONNET,AFFIDAMENTO DIRETTO,2026-09-17,2026-09-16,26150.0,AGGIUDICATA,,48771000-3,20261001
Sondrio,BD0D3C5763,SO-UT-0359-2026,INTERVENTI DI MANUTENZIONE STRAORDINARIA DEL RETICOLO IDRICO MINORE COMUNALE - INTERVENTI SELVICOLTURALI E DI INGEGNERIA NATURALISTICA E IDRAULICA,PROCEDURA NEGOZIATA SENZA PREVIA PUBBLICAZIONE,2026-09-21,2026-09-30,164956.54,,,45262640-9,20261001
Sondrio,BD0A96F796,SO-SE-0151-2026,SERVIZIO DI PROMOZIONE DELLA STAGIONE TEATRALE 2026-2027 SUI SOCIAL MEDIA DEL COMUNE DI SONDRIO,AFFIDAMENTO DIRETTO,2026-09-22,2026-09-21,11000.0,AGGIUDICATA,,79342000-3,20261001
Sondrio,BD0AAC951E,SO-SE-0152-2026,SERVIZIO DI REALIZZAZIONE CORSI ATTIVITÀ MOTORIA OVER 60,AFFIDAMENTO DIRETTO,2026-09-22,2026-09-21,7176.0,AGGIUDICATA,,98336000-7,20261001
Sondrio,BD0AAFD009,SO-UT-0354-2026,OPERE DI COMPLETAMENTO E DI ARREDO DELLA NUOVA PALESTRA PRESSO IL CENTRO SPORTIVO DI PIAZZALE MERIZZI - FORNITURA CON POSA IN OPERA DI ARREDI PER SPOGLIATOI E PALESTRA,AFFIDAMENTO DIRETTO,2026-09-22,2026-09-21,13438.0,AGGIUDICATA,,39136000-4,20261001
Sondrio,BD0FB17A1C,SO-UT-0361-2026,FORNITURA E POSA DI PELLICOLE DI SICUREZZA SCUOLA MEDIA LIGARI,AFFIDAMENTO DIRETTO,2026-09-23,2026-09-22,7440.0,AGGIUDICATA,,45440000-3,20261001
Sondrio,BD18441B19,SO-UT-0365-2026,FORNITURA E POSA DI ELEMENTI MODULARI PER ECOISOLE,AFFIDAMENTO DIRETTO,2026-09-25,2026-09-24,13182.0,AGGIUDICATA,,34928480-6,20261001
Sondrio,BD1CF51CA4,SO-UT-0369-2026,OPERE DI COMPLETAMENTO E ARREDO DELLA NUOVA PALESTRA PRESSO IL CENTRO SPORTIVO DI PIAZZA MERIZZI - SERVIZIO TECNICO DI DEPOSITO DELLA SCIA ANTINCENDIO RELATIVA ALL'IMPIANTO SPORTIVO,AFFIDAMENTO DIRETTO,2026-09-28,2026-09-25,5148.0,AGGIUDICATA,,71317100-4,20261001
Sondrio,BD21B8B41D,SO-SE-0150-2026,APPALTO SERVIZI VARI RELATIVI AL SETTORE SERVIZI CULTURALI DEL COMUNE DI SONDRIO - AFFIDAMENTO DIRETTO PERIODO 05.10.2026-31.12.2026,AFFIDAMENTO DIRETTO,2026-09-29,2026-09-28,77262.89,AGGIUDICATA,,92500000-6,20261001
Sondrio,BD240BD5EA,SO-UT-0363-2026,"INTERVENTO DI RIQUALIFICAZIONE URBANA DELLA VIA PAROLO, SITA NELLE ADIACENZE DELLA NUOVA PALESTRA PER LA GINNASTICA ARTISTICA - SERVIZIO TECNICO INERENTE LAPROGETTAZIONE ESECUTIVA, DIREZIONE LAVORI, A",AFFIDAMENTO DIRETTO,2026-09-29,2026-09-28,9360.0,AGGIUDICATA,,71300000-1,20261001
Sondrio,BD238FBF01,SO-UT-0372BIS-2026,RIFACIMENTO SEGNALETICA ORIZZONTALE SUL TERRITORIO DEL COMUNE DI SONDRIO – 2026 – LOTTO 3,AFFIDAMENTO DIRETTO,2026-09-29,2026-09-28,10202.04,AGGIUDICATA,,45233221-4,20261001
Sondrio,BD2ABB7D8C,SO-UT-0376-2026,OPERE DI COMPLETAMENTO E ARREDO DELLA NUOVA PALESTRA PRESSO IL CENTRO SPORTIVO DI PIAZZA MERIZZI - SERVIZIO STRAORDINARIO DI PULIZIA E TRATTAMENTO PROTETTIVO DELLA PAVIMENTAZIONE INTERNA IN PIETRA DEL,AFFIDAMENTO DIRETTO,2026-10-01,2026-09-30,11500.0,AGGIUDICATA,,90911200-8,20261001
Sondrio,BD12B9B36D,SO-UT-0362-2026,INTERVENTI DI MANUTENZIONE STRAORDINARIA IMPIANTI IDROTERMOSANITARI APPARTAMENTI DESTINATI A SERVIZIO ABITATIVO PUBBLICO E HOUSING,AFFIDAMENTO DIRETTO,2026-10-01,2026-09-23,7140.0,AGGIUDICATA,,45332000-3,20261001
Sondrio,BCD33BAEFC,SO-UT-0334-2026,RIFACIMENTO SEGNALETICA ORIZZONTALE SUL TERRITORIO DEL COMUNE DI SONDRIO – 2026 – LOTTO 2,AFFIDAMENTO DIRETTO,2026-10-01,2026-09-01,10609.48,AGGIUDICATA,,45233221-4,20261001
Spino d'Adda,BC772C4862,CONSIP_RDO_6433547,PREMIO POLIZZA ASSICURATIVA - RESPONSABILITA' CIVILE TERZI E OPERAI,AFFIDAMENTO DIRETTO,2026-07-22,2026-07-21,22482.06,AGGIUDICATA,,66510000-8,20260801
Spino d'Adda,BC77159CD2,CONSIP_RDO_6437810,POLIZZA ASSICURATIVA - A.R. ELETTRONICA,AFFIDAMENTO DIRETTO,2026-07-22,2026-07-21,3150.0,AGGIUDICATA,,66515000-3,20260801
Spino d'Adda,BC7722445A,CONSIP_RDO_6437735,POLIZZA ASSICURATIVA - TUTELA LEGALE,AFFIDAMENTO DIRETTO,2026-07-22,2026-07-21,6300.0,AGGIUDICATA,,66513000-9,20260801
Spino d'Adda,BC7700A860,CONSIP_RDO_6437800,POLIZZA ASSICURATIVA - INFORTUNI,AFFIDAMENTO DIRETTO,2026-07-22,2026-07-21,5700.0,AGGIUDICATA,,66512100-3,20260801
Spino d'Adda,BC77291E4A,CONSIP_RDO_6433768,POLIZZA ASSICURATIVA - RESPONSABILITA' CIVILE COLPA LIEVE,AFFIDAMENTO DIRETTO,2026-07-22,2026-07-21,19500.0,AGGIUDICATA,,66510000-8,20260801
Spino d'Adda,BC771EE7C9,CONSIP_RDO_6437817,POLIZZA ASSICURATIVA - PROPERTY,AFFIDAMENTO DIRETTO,2026-07-22,2026-07-21,42212.7,AGGIUDICATA,,66515000-3,20260801
Spino d'Adda,BCAB333A8A,CONSIP_RDO_6514252,SERVIZI A CANONE - ANNO 2026 - SERVIZI SOFTWARE HOUSE (INTEGRAZIONE),AFFIDAMENTO DIRETTO A SOCIETA' IN HOUSE,2026-08-10,2026-08-07,5060.0,AGGIUDICATA,,72000000-5,20260901
Spino d'Adda,BCAAFC66D2,CONSIP_RDO_6514427,SERVIZI A CANONE - ANNO 2026 - SERVIZI CONSORZIO.IT,AFFIDAMENTO DIRETTO A SOCIETA' IN HOUSE,2026-08-10,2026-08-07,16724.85,AGGIUDICATA,,72000000-5,20260901
Spino d'Adda,BCBE7F453E,SP20082026B03,ACQUISTO E POSA NR. 1 INVERTER SOLARE PER SISTEMI FOTOVOLTAICI ,AFFIDAMENTO DIRETTO,2026-08-21,2026-08-20,9150.0,AGGIUDICATA,,31120000-3,20260901
Spino d'Adda,BC823BA0C9,PREPOST2026,CONCESSIONE-PREPOST-2026-2028,ND,2026-08-25,2026-08-24,116000.0,,,80110000-8,20260901
Vaprio d'Adda,BBF8B018C4,2026SUABGVAPRIODADDACAMPODACALCIO,OPERE DI MANUTENZIONE STRAORDINARIA PER RIFACIMENTO MANTO DI GIOCO CAMPO DA CALCIO IN ERBA SINTETICA - NUOVE TORRI FARO - RELAMPING ED EFFICIENTAMENTO ENERGETICO - NUOVA VIABILITÀ INTERNA E NUOVO INGR,PROCEDURA NEGOZIATA SENZA PREVIA PUBBLICAZIONE,2026-06-09,2026-07-02,698745.12,AGGIUDICATA,,45236110-4,20260801
Vaprio d'Adda,BBF0CD277D,DEMOGRAFICOVAPRIO,DEMOGRAFICOVAPRIO,AFFIDAMENTO DIRETTO,2026-06-09,2026-06-08,11000.0,AGGIUDICATA,,72300000-8,20260901
Vaprio d'Adda,BCC07D9736,CONSIP_ORDINE_9173584,FORNITURA PER VOLUTARA POD COLONNINE ELETTRICHE VAPRIO SUD,AFFIDAMENTO DIRETTO,2026-08-21,2026-08-21,500.0,AGGIUDICATA,,65310000-9,20260901
Vaprio d'Adda,BD2180E330,CONSIP_ORDINE_9209524,FORNITURA ENERGIA ELETTRICA EDIFICI SAP ED EX-CRIAP,AFFIDAMENTO DIRETTO,2026-09-28,2026-09-28,9760.0,AGGIUDICATA,,71314200-4,20261001
Vaprio d'Adda,BD277C0B91,CONSIP_ORDINE_9211842,FORNITURA ENERGIA ELETTRICA EDIFICI SAP ED EX-CRIAP,AFFIDAMENTO DIRETTO,2026-09-29,2026-09-29,9760.0,AGGIUDICATA,,71314200-4,20261001
Varese,BBE06E1E4B,00441340122-2026-X-14,"PNRR M4C1I1.2 PROCEDURA NEGOZIATA AI SENSI DELL'ART. 50, COMMA 1, LETT. C) DEL D.LGS. 36/2023 PER L'AGGIUDICAZIONE DEI LAVORI INTERVENTO DI RIQUALIFICAZIONE FUNZIONALE E MESSA IN SICUREZZA ATTRAVERSO ",PROCEDURA NEGOZIATA SENZA PREVIA PUBBLICAZIONE,2026-06-01,2026-06-15,528000.0,AGGIUDICATA,,45231500-0,20260801
Varese,BBF7ECE796,CONSIP_ORDINE_9102950,FORNITURA E GESTIONE IN CLOUD DEL SISTEMA INFORMATIVO INTEGRATO DELLE ENTRATE TRIBUTARIE,AFFIDAMENTO DIRETTO,2026-06-10,2026-06-09,137500.0,AGGIUDICATA,,72268000-1,20261001
Varese,BBF9CCE952,00441340122-2026-X-15,"LAVORI DI INSTALLAZIONE DI SISTEMI DI RAFFRESCAMENTO A ESPANSIONE DIRETTA PRESSO GLI ASILI NIDO GONDAR, LO SCARABOCCHIO E C. FERRARI.",AFFIDAMENTO DIRETTO,2026-06-11,2026-06-10,30459.89,AGGIUDICATA,,45331000-6,20260901
Varese,BC2D41C2EF,trasloco casa dell’accoglienza,TRASLOCO CASA DELL'ACCOGLIENZA,AFFIDAMENTO DIRETTO,2026-06-25,2026-06-25,9978.3,AGGIUDICATA,,98392000-7,20260901
Varese,BC3C6F5A68,00441340122-2026-I-5,APPALTO PER SERVIZIO DI SUPPORTO ALLA PARTECIPAZIONE E SUCCESSIVA GESTIONE DEL BANDO REGIONALE PER I DISTRETTI DEL COMMERCIO 2026,AFFIDAMENTO DIRETTO,2026-07-01,2026-06-30,5100.0,AGGIUDICATA,,79420000-4,20260801
Varese,BC43390A2B,00441340122-2026-Avv-4,INCARICO LEGALE AVV. EMANUELE BOSCOLO,AFFIDAMENTO DIRETTO,2026-07-03,2026-07-02,8535.85,AGGIUDICATA,,79112000-2,20260801
Varese,BC51C9DBFB,00441340122-2026-X-18,FORNITURA E POSA ARREDI PER IL NIDO E LA SCUOLA MATERNA DEL POLO 0-6..[M4C1I1.1],AFFIDAMENTO DIRETTO,2026-07-08,2026-07-07,103523.24,AGGIUDICATA,,39161000-8,20260801
Varese,BC589A1267,CONSIP_ORDINE_9140752,ACQUISIZIONE BUONI BENZINA TRAMITE BUONI ACQUISTO USA E GETTA CON IMPORTO A SCALARE,AFFIDAMENTO DIRETTO,2026-07-09,2026-07-09,20500.0,AGGIUDICATA,,09132000-3,20260801
Varese,BC6339C81C,00441340122-2026-X-17,LAVORI MANUTENZIONE STRAORDINARIA ALLA COPERTURA ED ALLA LATTONERIA SCUOLA FOSCOLO.,AFFIDAMENTO DIRETTO,2026-07-15,2026-07-14,128770.32,AGGIUDICATA,,45453000-7,20260801
Varese,BC6345619C,00441340122-2026-X-19,LAVORI MANUTENZIONE STRAORDINARIA RETE ACQUE NERE E BIANCHE DI EDIFICI SCOLASTICI VARI 2026. CUP B32B26000280004.,AFFIDAMENTO DIRETTO,2026-07-15,2026-07-14,97188.35,AGGIUDICATA,,45453000-7,20260801
Varese,BC683AA84B,00441340122-2026-V-8,TRASPORTO SOCIUALE AFFIDAMENTO,AFFIDAMENTO DIRETTO A SOCIETA' IN HOUSE,2026-07-16,2026-07-15,340658.0,AGGIUDICATA,,85321000-5,20260801
Varese,BC7B974DAB,00441340122-2026-VI-7,SERVIZIO: TRASPORTO ALUNNI CON DISABILITA' - PERIODO: A.S. 2026/27 ,AFFIDAMENTO DIRETTO A SOCIETA' IN HOUSE,2026-07-23,2026-07-22,282800.0,AGGIUDICATA,,60130000-8,20260801
Varese,BC8D76CAD3,fornitura EE salvaguardia,FORNITURA ENERGIA ELETTRICA IN REGIME DI SALVAGUARDIA,AFFIDAMENTO DIRETTO,2026-07-29,2026-07-28,5286.88,AGGIUDICATA,,09310000-5,20260801
Varese,BC98310F41,00441340122-2026-VII-19,AFFIDAMENTO DEL SERVIZIO DI GRAFICA E COMUNICAZIONE DEL COMUNE DI VARESE - PERIODO 2026-2028,AFFIDAMENTO DIRETTO,2026-08-03,2026-07-31,103345.0,AGGIUDICATA,,79340000-9,20260901
Varese,BC97ABE18A,00441340122-2026-X-20,LAVORI DI ACCESSO IN SICUREZZA SULLA COPERTURA MEDIANTE REALIZZAZIONE SCALA DI SICUREZZA ALLA MARINARA CONFORME D.LGS. 81/2008 E EN 14122/4 E SISTEMA DI PROTEZIONE ANTICADUTA COLLETTIVO CONFORME NTC 2,AFFIDAMENTO DIRETTO,2026-08-03,2026-07-31,7892.5,AGGIUDICATA,,45400000-1,20260901
Varese,BC9ADEF021,00441340122-2026-X-21,OPERE A VERDE IN LARGO ENNIO FLAIANO SU IMPALCATI FERROVIARI ED IN PIENA TERRA.,PROCEDURA NEGOZIATA SENZA PREVIA PUBBLICAZIONE,2026-08-03,2026-09-07,174610.07,,,45112710-5,20260901
Varese,BC9C18D06A,AQ MANUTENZIONE ORDINARIA STRADE APPLICATIVO 2/26,ACCORDO QUADRO PER I LAVORI DI MANUTENZIONE ORDINARIA DELLA RETE VIARIA COMUNALE E PRONTA REPERIBILITA' - PERIODO 01/08/2026 – 31/12/2026 – APPLICATIVO 2/26,AFFIDAMENTO DIRETTO,2026-08-03,2026-08-03,212482.5,AGGIUDICATA,,45233140-2,20260901
Varese,BCA7ADAAA7,CONSIP_ORDINE_9165938,NOLEGGIO ATTREZZATURA INFORMATICA,AFFIDAMENTO DIRETTO,2026-08-07,2026-08-06,5613.0,AGGIUDICATA,,30200000-1,20260901
Varese,BCA8A74A9B,00441340122-2026-IX-8,PROCEDURA APERTA PER L'AFFIDAMENTO IN APPALTO DEL SERVIZIO DI RACCOLTA E TRASPORTO DEI RIFIUTI URBANI E DELLE CONNESSE PRESTAZIONI ACCESSORIE DI IGIENE URBANA.,PROCEDURA APERTA,2026-08-07,2026-10-16,142244091.4,,,90511000-2,20260901
Varese,BCAD70D07A,00441340122-2026-VII-20,SERVIZIO DI STAMPA CATALOGO MOSTRA DETACH – BEYOND THE BODY DEL FOTOGRAFO TIZIANO MAGNI,AFFIDAMENTO DIRETTO,2026-08-11,2026-08-10,5800.0,AGGIUDICATA,,79800000-2,20260901
Varese,BCADFDB488,00441340122-2026- X- 22,FORNITURA E POSA DEGLI ARREDI DA UFFICIO PER IL POLO 0-6 IN VARESE [M4C1I1.1],AFFIDAMENTO DIRETTO,2026-08-11,2026-08-10,24133.48,AGGIUDICATA,,39314000-6,20260901
Varese,BCB4EE780E,00441340122-2026-PNRR-4,"PNRR M5C2I2.1 PROCEDURA APERTA, AI SENSI DELL'ART. 71 DEL D. LGS. N. 36/2023, PER L'AFFIDAMENTO DELLA FORNITURA E POSA IN OPERA DI ARREDI E ATTREZZATURE FUNZIONALI ALL'ALLESTIMENTO DEGLI SPAZI DEL NUO",PROCEDURA APERTA,2026-08-14,2026-09-21,860418.0,,,39100000-3,20260901
Varese,BCBB2F9CB1,contatori acqua lotto 3E studentato ,ALLACCIAMENTO DI N. 2 NUOVI CONTATORI DELL'ACQUA NELL'AMBITO DELL'INTERVENTO DI INTERGENERAZIONE URBANA - UN PROGETTO DI SOCIAL HOUSING INTEGRATO PER IL QUARTIERE DI BIUMO INFERIORE A VARESE - LOTTO F,AFFIDAMENTO DIRETTO,2026-08-19,2026-08-18,6960.0,AGGIUDICATA,,38421100-3,20260901
Varese,B9B183FC9E,M5.C2.I2.3 ID778 LAVORI PER IMPIANTI IP PISTA CICLABILE BELFORTE,LAVORI DI REALIZZAZIONE DI IMPIANTI DI ILLUMINAZIONE PUBBLICA PER REALIZZAZIONE PISTA CICLOPEDONALE VIALE BELFORTE,AFFIDAMENTO DIRETTO,2026-08-24,2025-12-18,144442.76,AGGIUDICATA,,45316110-9,20260901
Varese,BCCCF60EED,CONSIP_ORDINE_9177725,FORNITURA GAS NATURALE PER RISCALDAMENTO,AFFIDAMENTO DIRETTO,2026-08-28,2026-08-28,34584.43,AGGIUDICATA,,65200000-5,20260901
Varese,BCD01C87A7,00441340122-2026-VII-21,SERVIZI PER L'ORGANIZZAZIONE DEL FESTIVAL VARESE ARCHEOFILM 2026 ,AFFIDAMENTO DIRETTO,2026-09-01,2026-08-31,8195.62,AGGIUDICATA,,79800000-2,20261001
Varese,BCD02DDC3C,00441340122-2026-IX-9,AFFIDAMENTO DEL SERVIZIO PER IL MONITORAGGIO DEI FLUSSI DI TRAFFICO E L'AGGIORNAMENTO DELLA MAPPATURA ACUSTICA COMUNALE,AFFIDAMENTO DIRETTO,2026-09-01,2026-08-31,20860.0,AGGIUDICATA,,90742000-0,20261001
Varese,BCD2F22488,00441340122-I-2026-12,CONCESSIONE DEL SERVIZIO D' INSTALLAZIONE E GESTIONE DI DISTRIBUTORI AUTOMATICI DI BEVANDE E ALIMENTI PRESSO LE SEDI DEL COMUNE DI VARESE,PROCEDURA NEGOZIATA SENZA PREVIA PUBBLICAZIONE,2026-09-01,2026-09-10,135000.0,,,55900000-9,20261001
Varese,BCAA766D87,CONSIP_ORDINE_9167138,ACQUISTO PC PER PROGETTO DESTEENAZIONE,AFFIDAMENTO DIRETTO,2026-09-03,2026-08-07,7500.0,AGGIUDICATA,,30200000-1,20261001
Varese,BCE4D2C08B,pulizie polo 0-6,PULIZIE POLO 0-6,AFFIDAMENTO DIRETTO,2026-09-08,2026-09-08,20495.95,AGGIUDICATA,,90910000-9,20261001
Varese,BCE8595D9E,00441340122-2026-SG-1,SERVIZIO DI COMUNICAZIONE ISTITUZIONALE FINALIZZATO ALLA REALIZZAZIONE DI UNO STRUMENTO OPERATIVO FINALIZZATO ALLA CREAZIONE DI VALORE PUBBLICO.,PROCEDURA NEGOZIATA SENZA PREVIA PUBBLICAZIONE,2026-09-09,2026-10-06,180000.0,,,73000000-2,20261001
Varese,BCE7AD3CF2,00441340122-2026-X-24,"SERVIZIO DI INDAGINI PRESSO EDIFICI SCOLASTICI ED IMMOBILI COMUNALI PER L'ACCERTAMENTO DI EVENTUALE PRESENZA DI MATERIALI CONTENENTI AMIANTO ATTUAZIONE DEL PROGRAMMA DI CONTROLLO E MANUTENZIONE, VALUT",AFFIDAMENTO DIRETTO,2026-09-09,2026-09-08,14688.7,AGGIUDICATA,,71621000-7,20261001
Varese,BCEAB3D0D0,integrazione incarico analisi traffico pista,INTEGRAZIONE INCARICO ANALISI TRAFFICO PISTA CICLOPEDONALE E VIALE ALBERATO,AFFIDAMENTO DIRETTO,2026-09-10,2026-09-09,12690.69,AGGIUDICATA,,63712700-0,20261001
Varese,BCECFE50BC,00441340122-2026-X-23,ACCORDO QUADRO CON UN UNICO OPERATORE ECONOMICO RELATIVO AL SERVIZIO DI CONTROLLI E VERIFICHE SUI MATERIALI (CONGLOMERATI BITUMINOSI PER GLI ANNI 2026-27) IN RELAZIONE AI LAVORI INERENTI I CONTRATTI A,AFFIDAMENTO DIRETTO,2026-09-11,2026-09-10,80000.0,AGGIUDICATA,,71900000-7,20261001
Varese,BCF873AB0F,APPLICATIVO 1/26 SERVIZIO SGOMBERO NEVE,SERVIZIO TRATTAMENTO ANTIGHIACCIO E SGOMBERO NEVE - PERIODO 01/12/2026 – 31/03/2027 – APPLICATIVO 1/26,AFFIDAMENTO DIRETTO,2026-09-15,2026-09-15,452804.2,AGGIUDICATA,,90620000-9,20261001
Varese,BCF597778A,perizia n. 5 lavori ex caserma stralcio 1,PERIZIA N. 5 LAVORI EX CASERMA STRALCIO 1,ALTRA PROCEDURA A FASE UNICA,2026-09-15,2026-09-14,280637.99,AGGIUDICATA,,45454000-4,20261001
Varese,BD04C75D8C,00441340122-2026-X-25, FORNITURA E POSA DEGLI ARREDI DA ESTERNO PER IL POLO 0-6 IN VARESE [M4C1I1.1],AFFIDAMENTO DIRETTO,2026-09-18,2026-09-17,64368.47,AGGIUDICATA,,43325000-7,20261001
Varese,BD05E05BC4,00441340122-2026-PNRR-5,AMBITO PNRR M5C2I2.1 NUOVO POLO SCOLASTICO INNOVATIVO PRESSO IL QUARTIERE DI SAN FERMO IN VARESE CUP: B31F20000010004 - AFFIDAMENTO DELLA FORNITURA E POSA IN OPERA DI TRIBUNA TELESCOPICA PER IL POLO S,AFFIDAMENTO DIRETTO,2026-09-21,2026-09-18,120773.48,AGGIUDICATA,,39150000-8,20261001
Varese,BD0EE050EA,CONSIP_ORDINE_9200509,CONSERVAZIONE DIGITALE,AFFIDAMENTO DIRETTO,2026-09-22,2026-09-22,9896.76,AGGIUDICATA,,72512000-7,20261001
Varese,BD0B9D825E,00441340122-2026-PL-5,"PROCEDURA NEGOZIATA PER L'AGGIUDICAZIONE DELLA FORNITURA DI UNIFORMI, CALZATURE, BUFFETTERIA E ACCESSORI PER LA POLIZIA LOCALE",AFFIDAMENTO DIRETTO,2026-09-22,2026-09-21,110500.0,AGGIUDICATA,,35811200-4,20261001
Varese,BD0F86E822,AQ MO SEGNALETICA STRADALE APPL. 3/26,ACCORDO QUADRO PER I LAVORI DI MANUTENZIONE ORDINARIA DELLA SEGNALETICA STRADALE - PERIODO 01/10/2026 – 31/12/2026 – APPLICATIVO 3/26,AFFIDAMENTO DIRETTO,2026-09-22,2026-09-22,14501.5,AGGIUDICATA,,45233140-2,20261001
Varese,BD0F8ED0F2,AQ MANUTENZIONE ORDINARIA STRADE APPLICATIVO 1/27,ACCORDO QUADRO PER I LAVORI DI MANUTENZIONE ORDINARIA DELLA RETE VIARIA COMUNALE E PRONTA REPERIBILITA' - PERIODO 01/01/2027 – 31/12/2027 – APPLICATIVO 1/27,AFFIDAMENTO DIRETTO,2026-09-22,2026-09-22,645000.0,AGGIUDICATA,,45233140-2,20261001
Varese,BD149AF5AA,APPLICATIVO MS 5_2026,SCHEMA DI CONTRATTO APPLICATIVO 5/26 PER I LAVORI DI MANUTENZIONE STRAORDINARIA STRADE,AFFIDAMENTO DIRETTO,2026-09-23,2026-09-23,396831.07,AGGIUDICATA,,45233140-2,20261001
Varese,BD155C2C6E,APPLICATIVO MS 4_2026,SCHEMA DI CONTRATTO APPLICATIVO 4/26 PER INTERVENTI DI ELIMINAZIONE BARRIERE ARCHITETTONICHE MARCIAPIEDI CITTADINI,AFFIDAMENTO DIRETTO,2026-09-23,2026-09-23,164574.16,AGGIUDICATA,,45233140-2,20261001
Varese,BD157F8F81,APPLICATIVO MS PARK 3_2026,SCHEMA DI CONTRATTO APPLICATIVO 3/26 PER I LAVORI DI MANUTENZIONE STRAORDINARIA STRADE – PARCHEGGI,AFFIDAMENTO DIRETTO,2026-09-23,2026-09-23,85209.92,AGGIUDICATA,,45233140-2,20261001
Varese,BD0FA3B491,MANUTENZIONE E GESTIONE PONTI SEDE FERROVIARIA 2026 ,MANUTENZIONE E GESTIONE SOTTOPASSI E SOVRAPASSI STRADALI ESISTENTI LUNGO SEDE FERROVIARIA 2026,AFFIDAMENTO DIRETTO,2026-09-23,2026-09-22,6557.38,AGGIUDICATA,,45221000-2,20261001
Varese,BD12D749C0,00441340122-2026-IX-10,SERVIZIO DI CERTIFICAZIONE ENERGETICA AI SENSI DELL'ART.6 DEL DLGS N.192/2005 COME MODIFICATO DAL DLGS 311/2006 E S.M.I. NELL'AMBITO DELL'INTERVENTO PNRR M5C2I2.3 PROGRAMMA INNOVATIVO NAZIONALE PER LA,AFFIDAMENTO DIRETTO,2026-09-24,2026-09-23,18420.06,AGGIUDICATA,,71200000-0,20261001
Varese,BD261EB762,00441340122-2026-IX-11,RILIEVO TOPOGRAFICO RELATIVO ALLO SVILUPPO DELLO STUDIO IDROLOGICO E IDRAULICO DELLA PIANA DI CAPOLAGO DI VARESE: SVILUPPO DI MASTERPLAN PER LA RISOLUZIONE DELLE PROBLEMATICHE E PROGETTAZIONE (PFTE E ,AFFIDAMENTO DIRETTO,2026-09-30,2026-09-29,19350.0,AGGIUDICATA,,71351800-1,20261001
Varese,BD2878F743,00441340122-2026-VII-23,AFFIDAMENTO SERVIZIO DI REALIZZAZIONE CONCERTO PRESSO LA BASILICA DI SAN VITTORE IN DATA 2 DICEMBRE 2026 NELL'AMBITO DELLA STAGIONE MUSICALE COMUNALE 2026-2027,AFFIDAMENTO DIRETTO,2026-09-30,2026-09-29,11775.0,AGGIUDICATA,,79952000-2,20261001
Varese,BD286FDEC5,00441340122-2026-VII-22,AFFIDAMENTO DEL SERVIZIO DI REALIZZAZIONE DEI CONCERTI DEI GIORNI 20 OTTOBRE 2026 E 13 FEBBRAIO 2027 NELL'AMBITO DELLA STAGIONE MUSICALE COMUNALE 2026 - 2027,AFFIDAMENTO DIRETTO,2026-09-30,2026-09-29,45275.0,AGGIUDICATA,,79952000-2,20261001
Varese,BD2579717E,00441340122-2026-VII-24,"AFFIDAMENTO SERVIZIO DI VALORIZZAZIONE ALLESTIMENTO DEL MUSEO PONTI SULL'ISOLINO VIRGINIA. PRODUZIONE FILMATO, PANNELLI TATTILI E QR CODE IN ITALIANO E IN INGLESE PER NON VEDENTI",AFFIDAMENTO DIRETTO,2026-09-30,2026-09-29,17500.0,AGGIUDICATA,,44320000-9,20261001
Vimercate,BBDFA84A75,CULT_MUS_2026_7,SERVIZI TECNICI E ALLESTITIVI PER EVENTI CULTURALI PER L'ESTATE 2026 NEL COMPLESSO DI VILLA SOTTOCASA A VIMERCATE,AFFIDAMENTO DIRETTO,2026-06-01,2026-05-29,39970.0,AGGIUDICATA,,92500000-6,20261001
Vimercate,BBDED71070,CULT_MUS_2026_6,SERVIZI ORGANIZZATIVI E ARTISTICI PER EVENTI CULTURALI PER L'ESTATE 2026 NEL COMPLESSO DI VILLA SOTTOCASA A VIMERCATE,AFFIDAMENTO DIRETTO,2026-06-01,2026-05-29,39980.0,AGGIUDICATA,,92500000-6,20261001
Vimercate,BBC864173D,02026560157-2026-44-LLPP,REALIZZAZIONE COLLEGAMENTO MARCIAPIEDE IN VIA GIUDITTA BRAMBILLA DA ROTATORIA PRONTO SOCCORSO A CASA DI COMUNITÀ,AFFIDAMENTO DIRETTO,2026-06-16,2026-05-25,16278.8,AGGIUDICATA,,45233140-2,20260901
Vimercate,BBD82B18A6,02026560157-2026-48-LLPP,FORNITURA E POSA SERRAMENTI PARTE NOBILE DEL PALAZZO COMUNALE,AFFIDAMENTO DIRETTO,2026-06-16,2026-05-28,9440.0,AGGIUDICATA,,45420000-7,20260901
Vimercate,BC087AA937,02026560157-2026-53-LLPP,"INTEGRAZIONE ONORARIO INCARICO PROFESSIONALE D.L. LAVORI DI MESSA IN SICUREZZA SOLAI, SCALA D'INGRESSO E NUOVA CONFIGURAZIONE ACCESSO PALAZZO TROTTI",AFFIDAMENTO DIRETTO,2026-06-18,2026-06-15,10800.0,AGGIUDICATA,,71356000-8,20261001
Vimercate,BC11FD8E5E,02026560157-2026-51-LLPP,MANUTENZIONE STRAORDINARIA MANTI D'USURA VIE DIVERSE ANNO 2026 - ZONA SUD/MORIANO,AFFIDAMENTO DIRETTO,2026-06-26,2026-06-17,138666.4,AGGIUDICATA,,45233140-2,20260901
Vimercate,BC32861D86,CULT_MUS_2026_8,SERVIZI ORGANIZZATIVI CINEMA SOTTOCASA 2026 NELLA CORTE D'ONORE DI VILLA SOTTOCASA A VIMERCATE,AFFIDAMENTO DIRETTO,2026-06-29,2026-06-26,25170.0,AGGIUDICATA,,92100000-2,20261001
Vimercate,BC33614B98,PL2026_09,SERVIZIO DI NOLEGGIO TRIENNALE (PERIODO 01/09/2026 - 31/08/2029) SISTEMA DDD POLICE PER RILEVAZIONE E CONTROLLO DATI TACHIGRAFO DIGITALE,AFFIDAMENTO DIRETTO,2026-07-01,2026-06-26,8700.0,AGGIUDICATA,,48000000-8,20260801
Vimercate,BC3BDD6383,02026560157-2026-60-LLPP,FORNITURA E POSA IN OPERA DI MONOBLOCCO AD USO UFFICIO SPOGLIATOI IMPIANTO SPORTIVO DI VIA PRINCIPATO,AFFIDAMENTO DIRETTO,2026-07-01,2026-06-30,20445.68,AGGIUDICATA,,45223800-4,20260801
Vimercate,BC41213782,ECO_2026_22,AGGIORNAMENTO E REDAZIONE DELL'ELABORATO STIMA DEI CARICHI DI TRAFFICO,AFFIDAMENTO DIRETTO,2026-07-03,2026-07-02,20000.0,AGGIUDICATA,,72300000-8,20260801
Vimercate,BC0141ABB9,PI_2026_04,SERVIZIO SOFTWARE COMUNE FACILE CEDOLE LIBRARIE E ANIST,AFFIDAMENTO DIRETTO,2026-07-06,2026-06-11,7150.0,AGGIUDICATA,,72300000-8,20261001
Vimercate,BC4C7E30D7,ECO_2026_20,PARCO GUSSI - AGGIORNAMENTO DEL CENSIMENTO E VALUTAZIONE DELLA STABILITÀ DEL PATRIMONIO ARBOREO,AFFIDAMENTO DIRETTO,2026-07-07,2026-07-06,10305.0,AGGIUDICATA,,77311000-3,20260801
Vimercate,BC61EB25DA,ECO_2026_23,MANUTENZIONE ALBERATURE – POTATURE A VERDE,AFFIDAMENTO DIRETTO,2026-07-14,2026-07-13,39800.0,AGGIUDICATA,,77340000-5,20260801
Vimercate,BC6A1EBFA9,EUROPA_2026_01,SERVIZIO DI SUPPORTO SPECIALISTICO AL RUP PER LA PIANIFICAZIONE E ATTUAZIONE DELLA PROCEDURA DI PROJECT FINANCING EX ART. 193 D.LGS. 36/2023 ,AFFIDAMENTO DIRETTO,2026-07-16,2026-07-15,40000.0,AGGIUDICATA,,79111000-5,20260801
Vimercate,B941BCDD72,BIB2025_44,"BIBLIOTECA - SERVIZIO DI ELABORAZIONE, COSTRUZIONE E REALIZZAZIONE DEL NUOVO SITO",AFFIDAMENTO DIRETTO,2026-07-23,2025-11-26,9830.0,AGGIUDICATA,,73200000-4,20260801
Vimercate,B941BA4B9D,BIB2025_42,BIBLIOTECA – FORNITURA PERIODICI 2026-2027-2028,AFFIDAMENTO DIRETTO,2026-07-23,2025-11-26,27650.0,AGGIUDICATA,,22200000-2,20260801
Vimercate,BC4901EB13,02026560157-2026-61-LLPP,SERVIZIO DI PULIZIA ORDINARIA E STRAORDINARIA PRESSO IL MUSEO MUST PER MOSTRA LA GRANDE ARTE IN BRIANZA.,AFFIDAMENTO DIRETTO,2026-07-23,2026-07-03,14436.0,AGGIUDICATA,,90910000-9,20260801
Vimercate,BC76CCA9C9,02026560157-2026-66-LLPP,BONIFICA TETTOIA IN AMIANTO E RIFACIMENTO COPERTURA IMMOBILE AREA CIMITERO DEL CAPOLUOGO,AFFIDAMENTO DIRETTO,2026-07-23,2026-07-21,33000.0,AGGIUDICATA,,45260000-7,20260801
Vimercate,BC8402FC8B,CONSIP_ORDINE_9141907,FORNITURA GAS NATURALE BOCCIODROMO COMUNALE,AFFIDAMENTO DIRETTO,2026-07-24,2026-07-24,10000.0,AGGIUDICATA,,65210000-8,20260801
Vimercate,BC77877C62,02026560157-2026-65-LLPP,MANUTENZIONE STRAORDINARIA IMPIANTI DI CLIMATIZZAZIONE E/O CONDIZIONATORI PRESSO DIVERSE SEDI COMUNALI,AFFIDAMENTO DIRETTO,2026-07-27,2026-07-21,24500.0,AGGIUDICATA,,45331200-8,20261001
Vimercate,BC88D270D0,CONSIP_ORDINE_9152953,ACQUISTO DI 15 PC PORTATILI E ACCESSORI - LOTTO 1,AFFIDAMENTO DIRETTO,2026-07-27,2026-07-27,14019.9,AGGIUDICATA,,30213100-6,20260801
Vimercate,BC773B81BF,02026560157-2026-63-LLPP,PRESTAZIONE DI SUPPORTO AL RUP PER PREDISPOSIZIONE DOCUMENTAZIONE TECNICA NUOVO APPALTO SERVIZIO DI PULIZIA EDIFICI COMUNALI,AFFIDAMENTO DIRETTO,2026-07-27,2026-07-21,6000.0,AGGIUDICATA,,71356000-8,20260801
Vimercate,BC8EEAA8EC,PI_2026_05,FORNITURA DI ARREDI SCOLASTICI 2026,AFFIDAMENTO DIRETTO,2026-07-30,2026-07-29,31256.5,AGGIUDICATA,,39160000-1,20261001
Vimercate,BC8B91514E,02026560157-2026-72-LLPP,CONSOLIDAMENTO CAMINI TETTO PARTE NOBILE DEL PALAZZO COMUNALE,AFFIDAMENTO DIRETTO,2026-08-03,2026-07-28,27414.0,AGGIUDICATA,,45261210-9,20260901
Vimercate,BC96D9ECC4,ECO_2026_26A,RIDETERMINAZIONE DEI TERMINI DI SCADENZA CONTRATTUALE DELLA CONCESSIONE DEL SERVIZIO DI TRASPORTO PUBBLICO COMUNALE PER IL PERIODO 1° SETTEMBRE 2026 – 31 AGOSTO 2027,ALTRA PROCEDURA A FASE UNICA,2026-08-03,2026-07-31,483662.0,AGGIUDICATA,,60100000-9,20260901
Vimercate,BC9F4023DB,ECO_2026_27,RIQUALIFICAZIONE AREA CANI IN VIA FIUME ,AFFIDAMENTO DIRETTO,2026-08-05,2026-08-04,15337.84,AGGIUDICATA,,98300000-6,20260901
Vimercate,BAF230267C,PL2026_06,MANIFESTAZIONE D'INTERESSE PER L'AFFIDAMENTO IN CONCESSIONE DEL PARCHEGGIO INTERRATO IN PIAZZA GIOVANNI PAOLO II,PROCEDURA NEGOZIATA SENZA PREVIA PUBBLICAZIONE,2026-08-21,2026-09-21,245600.0,,,98351000-8,20261001
Vimercate,BCD2E81FA8,ECO_2026_29A,FORNITURA E CONSEGNA DI LONICERA NITIDA ,AFFIDAMENTO DIRETTO,2026-09-02,2026-09-01,5200.0,AGGIUDICATA,,03451000-6,20261001
Vimercate,BCE8073149,ECO_2026_30,COLLAUDO TECNICO-AMMINISTRATIVO ON CORSO D'OPERA OP. DI URB.,AFFIDAMENTO DIRETTO,2026-09-09,2026-09-08,29380.38,AGGIUDICATA,,71240000-2,20261001
Vimercate,BCA641C631,02026560157-2026-74-LLPP,FORNITURA E POSA DI UN NUOVO POZZO PERDENTE PRESSO L'IMPIANTO SPORTIVO DI VIA PRINCIPATO N°8 A VIMERCATE (MB).,AFFIDAMENTO DIRETTO,2026-09-15,2026-08-06,13184.07,AGGIUDICATA,,45232451-8,20261001
Vimercate,BC7BE96A05,02026560157-2026-56-LLPP,RINFORZO STRUTTURALE SOLAI PALAZZO TROTTI (EX CASA CUSTODE),AFFIDAMENTO DIRETTO,2026-09-15,2026-07-22,113777.34,AGGIUDICATA,,45260000-7,20261001
Vimercate,BC7B939CFB,02026560157-2026-58-LLPP,MANUTENZIONE STRAORDINARIA MANTI D'USURA VIE DIVERSE ANNO 2026 - ZONA CENTRO,AFFIDAMENTO DIRETTO,2026-09-15,2026-07-22,137274.4,AGGIUDICATA,,45233140-2,20261001
Vimercate,BC8A5D0A74,02026560157-2026-57-LLPP,MANUTENZIONE STRAORDINARIA MANTI D'USURA VIE DIVERSE ANNO 2026 - ZONA RUGINELLO/NORD,AFFIDAMENTO DIRETTO,2026-09-15,2026-07-28,142912.0,AGGIUDICATA,,45233140-2,20261001
Vimercate,BC839F0504,02026560157-2026-62-LLPP,ADEGUAMENTO LOCALI IMMOBILE SITO IN PIAZZA MARCONI PER NUOVA SEDE UFFICIO PUBBLICA ISTRUZIONE E SPOGLIATOI POLIZIA LOCALE -OPERE EDILI,AFFIDAMENTO DIRETTO,2026-09-15,2026-07-24,87604.28,AGGIUDICATA,,45262500-6,20261001
Vimercate,BC8AEF5650,02026560157-2026-64-LLPP,REALIZZAZIONE IMPIANTO DI CLIMATIZZAZIONE A SERVIZIO DEI NUOVI UFFICI PRESSO L'IMMOBILE SITO IN PIAZZA MARCONI N.7/D,AFFIDAMENTO DIRETTO,2026-09-15,2026-07-28,22840.0,AGGIUDICATA,,45331200-8,20261001
Vimercate,BCF77CF1E7,02026560157-2026-76-LLPP,"INTERVENTI DI RIPRISTINO PAVIMENTAZIONI PLESSI SCOLASTICI CALVINO, COLLODI E ADA NEGRI",AFFIDAMENTO DIRETTO,2026-09-15,2026-09-14,6720.0,AGGIUDICATA,,45262321-7,20261001
Vimercate,BCB6806317,02026560157-2026-73-LLPP,MANUTENZIONE STRAODINARIA MANTI D'USURA VIE DIVERSE ANNO 2026 - ZONA ORENO/VELASCA E STRADE STERRATE,AFFIDAMENTO DIRETTO,2026-09-15,2026-08-13,139362.4,AGGIUDICATA,,45233140-2,20261001
Vimercate,BCF76BCEF3,02026560157-2026-75-LLPP,INTERVENTI DI MANUTENZIONE PER RIPRISTINO IMPIANTI ELEVATORI INSTALLATI PRESSO STABILI COMUNALI E EDIFICI SCOLASTICI,AFFIDAMENTO DIRETTO,2026-09-15,2026-09-14,8400.0,AGGIUDICATA,,45259000-7,20261001
Vimercate,BD038D2924,PL2026_10,SERVIZIO DI VIGILANZA DA SVOLGERE PRESSO IL MUST IN OCCASIONE DELL'EVENTO ARTE IN BRIANZA DAL 30/10/2026 AL 11/12/2026,AFFIDAMENTO DIRETTO,2026-09-23,2026-09-17,24997.5,AGGIUDICATA,,98341140-8,20261001
Vimercate,BD1B5134C8,02026560157-2026-79-LLPP,SOSTITUZIONE PARTE ELETTRICA IMPIANTO ELEVATORE SCUOLA PRIMARIA ADA NEGRI – VIA MATTEOTTI 16,AFFIDAMENTO DIRETTO,2026-09-25,2026-09-24,9500.0,AGGIUDICATA,,45259000-7,20261001
Vimercate,BC4B94727E,SUT_notte medioevale 2026,ORGANIZZAZIONE MANIFESTAZIONE NOTTE MEDIOEVALE 2026,AFFIDAMENTO DIRETTO,2026-09-29,2026-07-06,20000.0,AGGIUDICATA,,79950000-8,20261001
Vimercate,BD29435758,ECO_2026_34,FORNITURA DPI USO MOTOSEGA E BIOTRITURATORE,AFFIDAMENTO DIRETTO,2026-09-30,2026-09-29,16945.0,AGGIUDICATA,,16160000-4,20261001
